post_id,user_posted_id,timestamp,caption,likes,num_comments,engagement,hour_utc,weekday,time_block,caption_length,word_count,hashtag_count,mention_count,exclamation_count,question_count,hour_sin,hour_cos,day_sin,day_cos,content_type
3613124166677611077,1483419266,2025-04-18 01:01:01+00:00,"Inusitado e 100% regional! Uma influenciadora viralizou ao preparar um ovo de Páscoa de açaí recheado com farinha e charque. 😮🍫🍚 Ela moldou o açaí batido em uma forma, levou ao congelador e, depois de desenformar, recheou com mais açaí, farinha e charque. O resultado? Um ""ovo salgado"" que já acumula quase 40 mil visualizações — e dividiu opiniões entre os internautas. 🗣️ ""A melhor ideia de ovo de Páscoa que já vi! Paraense é diferenciado"" 🗣️ ""Eu sou paraense mas não gostaria de ganhar isso"" E você? Encara ou passa? 😅 🔗 Veja as notícias do Portal iG e acesse o Canal do Whatsapp no Link da Bio 📲 📹 Reprodução/ TikTok @patriciacosta #PortaliG #OvoDePáscoa #Açaí #Paraense #CulináriaRegional #AçaíComCharque #Páscoa2025 #OvoSalgado",44.0,6.0,50.0,1,Friday,Night,734,122,8,1,2,3,0.2630312144579748,0.964787323828813,-0.433883739117558,-0.9009688679024191,Reel
3622697422195669120,7826903322,2025-05-01 06:00:07+00:00,"One Hundred and One Dalmatians was the first feature film to solely use the Xerox process for transferring the animators’ drawings to cels 🐾 Prior to this, each one of the animators’ drawings had to be hand-traced in ink onto a cel - which would've been very time-consuming for a film with so many dogs!",1517.0,4.0,1521.0,6,Thursday,Morning,303,55,0,0,1,0,1.0,6.123233995736766e-17,0.43388373911755823,-0.900968867902419,Carousel
3397330372583987295,52607212719,2024-06-24 07:16:01+00:00,"Acrílicos mini Haikyu 🏐✨ Modelos: Kageyama, Kuro, Kenma, Oikawa y Atsumu. Precio unitario: 14 soles Tamaño: 5cm aprox ~ ~ ~ ~ ~ ~ ~ ~ ~ ~ ~ ~ ~ ~ #haikyuu #haikyu #haikyū #hinata #hinatashoyo #shoyohinata #karasuno #karasunovolleyballclub #karasunohigh #anime #otaku #animeworld #animes #animestyle #fan #tiendaonline #accesoriosanime #kageyama #kageyamatobio #tsukishima #nishinoya #bokuto #aobajohsai #aobajousai #aobajosai #oikawa #kenma #kenmakozume #nekoma #tsukishima",210.0,0.0,210.0,7,Monday,Morning,473,62,29,0,0,0,0.9455185755993168,-0.32556815445715664,0.0,1.0,Carousel
3646815329094810225,9135688624,2025-06-03 12:38:06+00:00,"四季酒店推出父親節限定蛋糕,官網更有優惠碼推出,6 月 14 日前輸入優惠碼「FATHERSDAY20%」購買可以有 8 折,2 磅折後$1,280 ,今年買個有心思既蛋糕俾爸爸啦。想要四季官網連結,留言「cake」我地 Send 資料俾你。",18.0,0.0,18.0,12,Tuesday,Afternoon,121,10,0,0,0,0,-0.16504760586067743,-0.9862856015372314,0.7818314824680298,0.6234898018587336,Image
3063540170138476339,13825440495,2023-03-21 18:14:28+00:00,"Secrets can be so fun to keep but the wait is over! We have been working quietly on this project and are so thrilled to welcome you all to our newest Cocktail Bar, Dirty Pretty! Think - whimsical but moody - like our other bars, @pinkrabbitbar and @foolsandhorses got together and had a baby. We can’t wait to see you. Open tonight, 4:00!",621.0,34.0,655.0,18,Tuesday,Evening,338,63,0,2,3,0,-0.9981347984218669,0.061048539534857324,0.7818314824680298,0.6234898018587336,Image
3576171183637390678,611997118,2025-02-26 01:20:47+00:00,"É AMANHÃ! 💖 Samba Summer Mix 2025 apresenta: OFICINA DE AFROSAMBA com @egilioliveira Egili Oliveira é atriz e professora de samba no pé. Artista premiada e conceituada em carnavais de todo o mundo, acumula os títulos de Rainha do Carnaval da Suécia; Madrinha do Carnaval da Finlândia; Rainha de bateria da União Parque Curicica; Rainha de bateria da GRES Vigário Geral, Musa da Renascer de Jacarepaguá e da São Clemente. Viaja pelo mundo ministrando workshops de samba no pé, mas sem deixar de contemplar o Brasil, especialmente sua cidade, o Rio de Janeiro. Desde de 2007 sendo uma das pioneiras em compartilhar a arte do samba em solos estrangeiros, atravessando fronteiras com nossa cultura, Egili é também idealizadora do projeto Samba Summer Mix e traz na construção de seu samba, o encontro consigo e com sua ancestralidade, a potência da mulher negra, da valorização de suas raízes. Esse encontro consigo mesma a fez querer compartilhar com outras mulheres o poder o samba, e foi assim que iniciou sua a ministrar aulas de AfroSamba, especialmente para crianças e adultas de comunidades próximas. - LOCAL: JC Beach Point - Barra 23 - Praia do Leme (Av. Atlântica, 8 - Leme) - DATA: QUARTA, 26/02 - HORÁRIO: de 7h30 às 14h30 - MAIS INFORMAÇÕES: envie uma mensagem direta para @egilioliveira",98.0,5.0,103.0,1,Wednesday,Night,1296,217,0,2,1,0,0.3420201433256687,0.9396926207859084,0.9749279121818236,-0.22252093395631434,Image
3632360255364005708,274069382,2025-05-14 13:58:27+00:00,Still a favourite,81.0,8.0,89.0,13,Wednesday,Afternoon,17,3,0,0,0,0,-0.49242356010346694,-0.8703556959398998,0.9749279121818236,-0.22252093395631434,Image
3610626031985522500,68931611922,2025-04-14 14:16:25+00:00,Estão preparados para este grande momento? Dia 19/04 Nossa equipe é nosso Coelhinho da Páscoa esperamos por vocês para uma grande festa! Estamos preparando tudo com muito carinho! 🐰❤️ #pascoa #criancas #globomagazineinfantil,12.0,0.0,12.0,14,Monday,Afternoon,224,32,3,0,2,1,-0.559192903470747,-0.8290375725550415,0.0,1.0,Image
3707664782202138526,1396161011,2025-08-26 11:35:06+00:00,Kashi honar mi Social media influencer 🙄 Aaj हरतालिका पूजा आहे....aaj navryacha divas ahe 🙈🥰 Kiti chan ahe majha navra 🥰🙈😝 हरतालिका देवी अशीच प्रसन्न राहू देत ॥,1514.0,2.0,1516.0,11,Tuesday,Morning,160,28,0,0,0,0,0.10886687485196457,-0.9940563382223196,0.7818314824680298,0.6234898018587336,Carousel
3613006396728983673,1241435266,2025-04-17 21:05:47+00:00,COSMIC CYCLE 🤩 THIS SATURDAY 📷: @photosbyrudeboi,23.0,0.0,23.0,21,Thursday,Evening,48,7,0,1,0,0,-0.6915130557822698,0.7223639620597551,0.43388373911755823,-0.900968867902419,Carousel
3689861645994514849,6114631237,2025-08-01 22:03:27+00:00,essas palavras foram o suficiente pra fazer um homem adulto chorar 😢😢 nunca aposente @fallen 📷 Helena Kristiansson/ESL #cs2 #counterstrike #gaming #gg #draft5 #cs #esports,6575.0,171.0,6746.0,22,Friday,Evening,171,25,7,1,0,0,-0.48862124149695535,0.8724960070727968,-0.433883739117558,-0.9009688679024191,Image
3753282655824125739,3986566137,2025-10-28 10:09:40+00:00,"Last days of ""Into the Woods"" with works by Guido Zehetbauer-Salzer: on view until 30/10/25 We are looking forward meeting you here these days! #zsartgalerie #guidozehetbauersalzer #intothewoods #exhibitions #closingexhibition #viennaaustria #onview #viennanow #galleryinfo #abstractpaintings #drawings #art #contemporaryart #contemporaryartist",54.0,1.0,55.0,10,Tuesday,Morning,344,38,14,0,1,0,0.4656145203251112,-0.884987637463042,0.7818314824680298,0.6234898018587336,Image
3570060681686769356,2242129302,2025-02-17 15:00:19+00:00,It's still #BlackHistoryMonth whether it's on the calendar or not. https://www.momscleanairforce.org/courageous-actions-in-black-history/ #AOTR #AuthorsOfTheResistance #igreads #WritingCommunity,1.0,0.0,1.0,15,Monday,Afternoon,194,15,5,0,0,0,-0.7071067811865471,-0.7071067811865479,0.0,1.0,Image
3027381731450797472,31998876609,2023-01-30 20:54:07+00:00,"I haven't written in a while- actually I have been writing a series of short heartbreaking poetry and quotes but I haven't been sharing here. Yhep, guilty of gatekeeping sad words. Okay now this post! I sat with my cutter in one hand and the pencil in the other, musing. It suddenly struck me how loyal they are to each other, where you see a sharpened pencil, there's always a blade behind it's point. Where you see a blunt cutter, it's from it's loyal service to the pencil. ""But the pencil breaks, and the cutter gets blunt"" - @ibrahim_abdull ""But never by the other, the cutter always finds it's way back to the pencil, the cutter gets blunt; sharpening the pencil and the pencil always comes back to the cutter after being broken by others"" -buzuwa ""The cutter is always hacking on the pencil, wounding it, but not to flaw it, instead to shape it into perfection"" -buzuwa Now here's another way to look at it!!! The depth in these are undebatable. I hope every pencil finds a cutter. . . . . #pencils #cutters #life #musings #drawingmaterials #nigerianwriter #africanpoet #loyalty #love #hijabi #afropoet #deep #amazingwriting #goodwriting #blades #rust #bluntedge #sharptip#abuja #nigeria",75.0,3.0,78.0,20,Monday,Evening,1194,202,20,1,4,0,-0.7253743710122879,0.6883545756937537,0.0,1.0,Carousel
3494059650604300019,39925576,2024-11-04 18:19:50+00:00,"The song “Dyosa” is about becoming beautiful; beauty comes to me from being able to share in experiences with my community. The Filipino communities in the Philippines, the U.S. and around the world has given me so much strength to be myself, to express my culture and to be proud! Thanks to my fellow Filipino friends who joined me in my first song in Tagalog: @rnbjayr @mica @julesaurora @ranellaferrer @princemarell @jomjerald @trinityinay @trelissainay photos by @ronkatagiri second camera by @kobelamaur makeup by @thejacquii hair styling by @hairbystevenbuitrago wig styling by @deangelmonroe fashion styling assisted by @dvnnation produced by @republicrecordsph Watch “Dyosa” on YouTube link in bio #DyosaFever #manilaluzon",8890.0,21.0,8911.0,18,Monday,Evening,730,108,2,15,1,0,-0.9965655024977614,0.08280820751220433,0.0,1.0,Carousel
3452947923994733115,13206720237,2024-09-09 00:58:11+00:00,🌎आज के #USMarket पर डालिए एक नजर #DowJones #NASDAQ #StockMarket #GlobalMarket,1172.0,14.0,1186.0,0,Monday,Night,77,11,5,0,0,0,0.2503800040544414,0.9681476403781077,0.0,1.0,Image
3426683892527308050,39673764,2024-08-03 19:18:13+00:00,I’ll bet my life savings you’ve never seen this protein flavor before... (I won’t actually take anyone up on that bet but... you get the point) @apollonnutrition #protein #proteinpacked #proteinshake #supplements #health,165.0,6.0,171.0,19,Saturday,Evening,220,32,5,1,0,0,-0.9426414910921784,0.3338068592337709,-0.9749279121818236,-0.2225209339563146,Reel
3763314205761055188,37067894222,2025-11-11 06:20:34+00:00,Hi Tom-ers! 🎉 Flash Sale 11.11 starts today and it’s a deal you don’t wanna miss! Enjoy 11 Red Colorplates for only IDR 100.000 (before tax & service). Perfect for a sushi date or a fun time with your loved ones 🥰 This offer is valid for today only and available at all Tom Sushi outlets in Indonesia. Terms & Conditions: • Valid for red colorplates on belt • Valid for dine-in only • Valid from 11:00 – 15:00 • Not valid for multiple or split bills • Can be combined with other promotions/Bank promotions/Sushi Tei Group Loyalty Program • Cannot be combined with the Stamp Rally program #tomsushi #tomsushiidn #flashsale1111 #1111promo #promo1111 #promosushitei #sushihalalyasushitei #japanesefood #halaljapanesefood #japaneseresto,14.0,2.0,16.0,6,Tuesday,Morning,732,118,10,0,2,0,0.9961946980917455,-0.08715574274765801,0.7818314824680298,0.6234898018587336,Carousel
3590895863590792492,2961946387,2025-03-18 08:56:06+00:00,"✖️SOLD JAKARTA TIMUR✖️ Adidas superstar black white Size 41 1/3 / 26 cm Kondisi 8.5 / 10 Harga : Ask? Murah . Order via dm atau 📲 Wa : 085943127197 . 🏧 Payment via BCA 🚚 Pengiriman via jne, Jnt 📍 COD PONTIANAK📍 . #airmaxsecond #nikeaf1second #nikesecond #secondsurabaya #secondjogjakarta #newbalancesecond #adidassecond #nikeairmax1second #reeboksecond #docmartsecond #secondsurabaya #vanssecond #nikeblazer #secondhand #secondmalang #secondbogor #secondjakarta #secondbandung #reebokclubc85 #secondbatam #secondbali #secondmedan #secondbekasi #secondsemarang #adidasforum #adidassuperstar #adidassamba",20.0,0.0,20.0,8,Tuesday,Morning,602,71,26,0,0,1,0.7193398003386511,-0.6946583704589974,0.7818314824680298,0.6234898018587336,Image
3656399671912853783,37952159214,2025-06-16 18:00:28+00:00,"Casamento do nosso amigo @rondi_gumiero e @kariny_dicher , que Deus abençoe grandemente a vida de vocês, muitas felicidades 😃🙏🥳 #estevamfotografia #casamentocivil #casorio #casal #casamento #wedding",94.0,0.0,94.0,18,Monday,Evening,198,25,6,2,0,0,-1.0,-1.8369701987210297e-16,0.0,1.0,Carousel
3349092499100081445,57901285531,2024-04-18 17:55:59+00:00,Beautiful at work found on printers #nativeamerican #indigenous #native #nativepride #firstnations #nativeamericans #art #nativeamericanart #americanindian #nativeart #natives #navajo #nativeamericanculture #nativebeauty #nativeamericanpride #indigenouspeople #nativeamericanhistory #nativeamericanjewelry #indigenousart #nativeculture #love #nativemade #nativeamericanstyle #nativewomen #nativeamericanheritagemonth #indigenouspride #nativeamericanwisdom #decolonize #indigenouswomen #photography,23.0,0.0,23.0,17,Thursday,Afternoon,497,36,30,0,0,0,-0.9997620270799091,-0.021814885034560836,0.43388373911755823,-0.900968867902419,Image
3577104266156073179,7359015919,2025-02-27 08:14:39+00:00,"Karnataka Deputy CM DK Shivakumar has refuted allegations of his growing proximity to the BJP, calling them ""false propaganda"". ""I was born a Congressman, and my personal beliefs remain unchanged. There is a false narrative being spread about me,"" he asserted. Emphasising his religious inclusivity, he said, ""I was born a Hindu and will die a Hindu, but I respect all religions. I have studied Sikhism, visited Jain monasteries, dargahs, and churches. Every community embraces me."" #dkshivakumar #shivakumar #karnataka #religion #hinduism #bjp #congress #politics",213.0,5.0,218.0,8,Thursday,Morning,564,84,8,0,0,0,0.8338858220671684,-0.5519369853120578,0.43388373911755823,-0.900968867902419,Image
3601359034034914273,11491794,2025-04-01 19:24:33+00:00,Done at the one and only @tildeathdenver thanks for looking. Dm or email for booking jeremiahwayne79@gmail.com . . . #denver #denvercolorado #colorado #denvertattoo #colortattoo #flashtattoos #traditionaltattoo #tradtattoo #traditionaltattoos #brightandbold #boldtattoos #denverliving #denverlife #tattoosnob #tattooerlife #traditionalamericantattoo #skinart_traditional #americantraditional #tattoo #coloradotattoo #denvertattoos #denvertattooer #cowboytattoo #westerntattoos #tattoomagazine #tattoolife #tattoosociety #tattoosocial #tattooworld,298.0,8.0,306.0,19,Tuesday,Evening,546,48,29,1,0,0,-0.9335804264972021,0.35836794954529955,0.7818314824680298,0.6234898018587336,Carousel
3333848904260798350,60320470690,2024-03-28 17:09:41+00:00,മാർച്ച് 29 കയ്യൂർ രക്തസാക്ഷി ദിനം ✊🏻 . . . . #kayyoor #revolution #communism #kasaragod #അണിഞ്ഞസഖാക്കൾ #chuvappinte_poralikal,831.0,2.0,833.0,17,Thursday,Afternoon,125,16,7,0,0,0,-0.9753423205085126,-0.22069743502150163,0.43388373911755823,-0.900968867902419,Image
3230285075773543666,40343231470,2023-11-06 19:46:50+00:00,Spooky fall vibes 🍂🍁at #wolftrail in #gatineau #park #canada #gatineaupark #hiking #fall #autumn #leave #spooky #light #outdoors #wandering #wander #outdoors #nature #gatineauhills,4.0,0.0,4.0,19,Monday,Evening,180,22,16,0,0,0,-0.8949343616020253,0.44619781310980833,0.0,1.0,Image
3516232390715149602,70390332216,2024-12-05 08:33:06+00:00,"Unlock Your Global Business Potential! Join the next generation of global business leaders with our prestigious joint-degree program by UKI & Coventry University, supported by Raffles College! 🎓 Discover how you can earn two prestigious degrees in one program and embark on an exciting educational journey. 🚀📚 Ready to take the leap? Apply now and open doors to worldwide opportunities! For more details: 0811 8834 588 Ms Dora 0813 4555 5801 Ms Nindy #UKI #CoventryUniversity #Doubledegree #JointDegree",52.0,0.0,52.0,8,Thursday,Morning,502,77,4,0,3,1,0.7853169308807448,-0.6190939493098341,0.43388373911755823,-0.900968867902419,Image
3622971960214579467,49903913675,2025-05-01 15:05:35+00:00,🦋,48.0,0.0,48.0,15,Thursday,Afternoon,1,1,0,0,0,0,-0.7223639620597557,-0.6915130557822692,0.43388373911755823,-0.900968867902419,Image
3649576206922011370,5907636202,2025-06-07 08:03:28+00:00,#supreme 簡單明瞭一點 一看也知道不簡單✖️ / Top:Supreme 40 Acres Malcolm X Tee Black 短袖 黑色 / —————————/Store Information/— 營業時間:13:00~21:00 (周五及周六營業至 22:00) - 沃皮斯潮流遠百店(大遠百對面) 電話:03-5250532 地址:新竹市文昌街101號 - #國旅卡特約商店 #新竹市當天外送到府 #Sneakerpanda ———————————————————— 📍沃皮斯新竹門市Instagram: https://reurl.cc/rlgVv1 🔺如有任何服務上的寶貴意見 歡迎傳送至店長信箱📪 worldpeace.sm2013@gmail.com ———————————————————— #球鞋專賣 #實戰籃球鞋 #運動鞋 #限量鞋 #流行服飾 #運動服飾 #沃皮斯 #沃皮斯潮流 #新竹鞋店 #新竹潮流店 #新竹大遠百 #城隍廟鞋店 #Nike #jordan #jordan1 #ootd #streetstyle #spootd #cityboy #worldpeaceootd #worldpeacesneakers,21.0,0.0,21.0,8,Saturday,Morning,530,55,25,0,0,0,0.8594064115014528,-0.5112930860770519,-0.9749279121818236,-0.2225209339563146,Carousel
3639385466259707609,2281611795,2025-05-24 06:36:18+00:00,Tu narazie jest przestrzeń.. A za chwilę będzie ... Dokończ zdanie:),20.0,4.0,24.0,6,Saturday,Morning,68,11,0,0,0,0,0.9876883405951378,-0.1564344650402308,-0.9749279121818236,-0.2225209339563146,Image
3632657861316284779,365842972,2025-05-15 00:00:23+00:00,Suit up. @doom: The Dark Ages is here!,152136.0,1323.0,153459.0,0,Thursday,Night,38,8,0,1,1,0,0.0,1.0,0.43388373911755823,-0.900968867902419,Reel
3654097738947535813,1703880196,2025-06-13 13:46:57+00:00,6/15(日)はZOZOに集合〜🚩 今、イチ推しの10コーデをまとめました📝 ぜひ予習してお待ちください〜🫶✨ 気になるアイテムはお気に入り登録がおすすめです♡ #omekashi #オメカシ #骨格ストレート #イエベ秋 #159cm #着痩せコーデ #垢抜けコーデ,34.0,0.0,34.0,13,Friday,Afternoon,134,11,7,0,0,0,-0.44619781310980877,-0.8949343616020251,-0.433883739117558,-0.9009688679024191,Carousel
1911458517433342044,2010346761,2018-11-13 04:33:53+00:00,Trying to relax after a huge unexpected argument went out and now I just cant... I have too much on my mind and I cant get the relaxing feeling.... #relax #cant #ugh #helpless #icantdothisanymore #whattodo #austin #texas #atx #atxlifestyle #fun #excited #blessed #lovelovelove #goals #bathtime #upset,25.0,1.0,26.0,4,Tuesday,Night,300,46,17,0,0,0,0.9288095528719241,0.3705574375098364,0.7818314824680298,0.6234898018587336,Image
3426868782398308032,53816672,2024-08-04 01:23:34+00:00,Today's walk,15.0,0.0,15.0,1,Sunday,Night,12,2,0,0,0,0,0.3542910379977158,0.9351352096860117,-0.7818314824680299,0.6234898018587334,Carousel
3445900914084659786,34850182223,2024-08-30 07:37:01+00:00,Gledis &Blerina❤️ #photooftheday#photography#loved#blessed#godisgood#photographers#wheddingday#whedingphotographer,27.0,0.0,27.0,7,Friday,Morning,114,3,2,0,0,0,0.9117620435770886,-0.4107188526134773,-0.433883739117558,-0.9009688679024191,Image
3667725599118167512,3450935393,2025-07-02 09:03:04+00:00,#haircut✂️ BİLGİ VE RANDEVU İÇİN ☎️📞📞📞05523431390 📞☎️ BİLGİ VE RANDEVU İÇİN ☎️ 05523431390📞 #hairstil#yusufcrk#saçtasarımı##hairstyle #yusufcrk✂️✂️✂️✂️ #saçtasarımı#saçrenglendirme #bebekkumralı👉 #ombre#sombre#hairsombre#hairombre#kumralsaç #kumral#doğaltonlar#doğaltonlamalar #sarınıntekadresi #haircolor #haircolorist #haircolour #hairtrends #hairlove #hairvideos #saçtasarımı#külükumral#külütonlama#saçrenkleri,43.0,0.0,43.0,9,Wednesday,Morning,413,27,22,0,0,0,0.6977904598416802,-0.7163019434246543,0.9749279121818236,-0.22252093395631434,Carousel
3694994279966739166,2273281723,2025-08-09 00:01:05+00:00,"🦖 Amazfit T-Rex 3 – Built for the Wild. Ready for Singapore. From MacRitchie trails to Bukit Timah peaks, the T-Rex 3 is your ultimate adventure watch—tough, smart, and built to explore. 🌍 Dual-band GPS + 6 satellite systems 🗺️ Offline maps with turn-by-turn navigation 💪 170+ sports modes + auto strength training detection 🧭 Compass, altimeter, barometer, movement tracking 🔥 1.43"" AMOLED display | 2,000 nits brightness 💧 10 ATM water resistance | Passed 15 military-grade tests 🔋 Up to 27 days battery life 🗣️ Zepp FlowTM AI assistant + health monitoring 💥 Now only $339 (U.P. $359) | 📍 Hands-on at 313 Somerset! Locate us: 313@Somerset | B2 - 08/09/10/11 Shop Now : https://tinyurl.com/2u5yan3r #connectitsg #connectit #AmazfitTREX3 #RuggedSmartwatch #AdventureReady #ExploreSG #ZeppLife #OutdoorTech",0.0,0.0,0.0,0,Saturday,Night,805,124,8,0,1,0,0.004363309284746571,0.9999904807207345,-0.9749279121818236,-0.2225209339563146,Image
3556778006230709521,4156857758,2025-01-30 07:10:00+00:00,"🍊 Sparkle your day with our Sparkling Orange Series! A refreshing twist of citrus goodness in every sip ✨ Fresh, fizzy, and irresistible 🍊 we've got your citrus cravings covered 💛🧡💛🧡💛 Which flavour will brighten your day? 🌟 #JUICYFreshJuiceBar #JUICYMalaysia 🥇 Korea No.1 Juice Brand 🍹 Fresh, Tasty, Affordable 💯 Real Fruit Juice Live Your Life Juicy",1.0,0.0,1.0,7,Thursday,Morning,350,57,2,0,1,1,0.9537169507482269,-0.30070579950427295,0.43388373911755823,-0.900968867902419,Image
3647556068609430463,2200631288,2025-06-04 13:09:49+00:00,"Kode : 2506B1-15 🔥 SOLD 🔥 Cek yang masih Ready di bio yaa.. . ❄️ Klik tanda pesawat (segitiga), balas / reply to the secondchance dan kirim . 🔥 Klik gambar lonceng 🔔 (kanan atas profil) untuk aktifkan notifikasi dari kita ya.. . Size : F / LD 140 / P 70 Material : Nylon Lining (Furing) : ✅ KET : • • • • • #jacket #outer #thrift #thriftshop #fashion #fashionjkt #jaksel #preloved #prelovedbranded #secondbranded #jacketbranded #barangbranded #beauty #instagood #sosialita #kemejawanita #kemejaoversize #atasanvintage #outerwanita #jacketcewek",1.0,0.0,1.0,13,Wednesday,Afternoon,543,86,20,0,0,0,-0.29654157497557077,-0.9550199444571867,0.9749279121818236,-0.22252093395631434,Carousel
3347977291647290085,3599987718,2024-04-17 05:00:16+00:00,"May the divine grace of lord rama, bless you with love, peace and good health! Happy Ram Navami from Bhaavya Interiors llp team. Contact now 👷 ♂️ +91 98981 21181 #ramnavami2024 #ram #jaishreeram #ramayan #india #lordrama #ramnavmi #hinduism #lordram #hanuman #sitaram #jaishriram🙏 #shreeram #hindu #navratri #lordhanuman #shriram #rama #happyramnavami #sita #ramji #jaihanuman #harharmahadev🙏🌿🕉️ #interiordesign #bhaavyainteriors #festival #jaibajrangbali🙏",8.0,0.0,8.0,5,Wednesday,Night,456,57,30,0,1,0,0.9659258262890683,0.25881904510252074,0.9749279121818236,-0.22252093395631434,Image
3167622269547779475,222066304,2023-08-12 08:47:03+00:00,"Kiemen zijn tegenwoordig erg populair, omdat ze meer voedingsstoffen bevatten dan de volwassen plant. Doe ze bijvoorbeeld eens in je smoothie voor de nodige vitamineboost! Klik op de link in de bio voor ’t recept. #linkinbio #picoftheday #photogram #instagood #instafood #yummy #homemade #recept #recipe #delicious #food #foodie #smoothierecipe #smoothie #smoothielover | Brain food smoothies, Charlotte Labee, Kosmos Uitgevers",44.0,3.0,47.0,8,Saturday,Morning,427,58,15,0,1,0,0.7460573750616996,-0.6658816660008342,-0.9749279121818236,-0.2225209339563146,Image
3566988731573017638,1706495849,2025-02-13 09:16:54+00:00,My mission this morning is to start and finish the cuff on my #dalasweater so that I can finally wear it! #knit #knittersofinstagram #knitter #hobby #handmade #homemade #makeitwearit #knitting #knittedsweater #knitted #fairisleknitting,20.0,2.0,22.0,9,Thursday,Morning,235,32,12,0,1,0,0.6560590289905073,-0.754709580222772,0.43388373911755823,-0.900968867902419,Image
3392816505941397509,755033214,2024-06-18 01:50:54+00:00,"Stay tethered to your fitness and your nutrition the best that you possibly can. One or the other may falter here or there, but do not completely abandoned both. - Do your best to hang onto at least one for dear life - If for some reason, you really did fall off you’re only one meal away or one workout away from being back in !",718.0,11.0,729.0,1,Tuesday,Night,329,66,0,0,1,0,0.46174861323503397,0.8870108331782217,0.7818314824680298,0.6234898018587336,Reel
3517585146801736061,503550465,2024-12-07 05:20:48+00:00,Styled by amma ❤️,284.0,4.0,288.0,5,Saturday,Night,17,4,0,0,0,0,0.984807753012208,0.17364817766693041,-0.9749279121818236,-0.2225209339563146,Image
3653320996573315697,1502810581,2025-06-12 12:03:42+00:00,"🚨 ATENÇÃO PROMOÇÃO DE DIA DOS NAMORADOS 🔥 PERFUMES ÁRABES PPR 380,00 , DESCONTO DE 100,00 🔥TODAS AS CAMISAS MASCULINAS E FEMININAS COM 40,00 DE DESCONTO 🔥 TÊNIS PRONTA ENTREGA E NA ENCOMENDA COM 100,00 DE DDESCONTO 🔥 BONÉS POR 60,00 TODOS DA LOJA 🔥 SHORTS E BERNUDAS 50,00 DE DESCONTO ✅️TODAS AS PROMOÇÕES SÓ VALEM PARA PAGAMENTO NO PIX, NK CARTÃO CALCULAMOS A TAXA O DESCONTO DIMINUI, PORÉM CONTINUA",1.0,0.0,1.0,12,Thursday,Afternoon,400,70,0,0,0,0,-0.013089595571344391,-0.999914327574007,0.43388373911755823,-0.900968867902419,Image
2262610621198907939,16494257632,2020-03-11 16:30:26+00:00,"What??? It’s early, I haven’t put my contacts in yet. Don’t you know not to bother demondogs in the morning? 👿. #labradoodlesofinstagram #labradoodles #funnydogs #funnydogsofinstagram #dogstagram #dogsofinstagram #dogoftheday #puppylove",14.0,1.0,15.0,16,Wednesday,Afternoon,236,29,8,0,0,4,-0.9238795325112868,-0.3826834323650895,0.9749279121818236,-0.22252093395631434,Image
3156307895434454943,6196088736,2023-07-27 18:07:23+00:00,Scan from the 90’s #cimiteri_monumentali_ #ars_sacra #romantic_darkness #london #darkness_fantasy #fever_gothic_world #graveyard_dead #pocket_ominous #kings_gothic #igw_gothika #religious_art_details #cryptic_aesthetic #graveyard_life #the_dead_things_society #westbromptoncemetery #tv_churchandgraves #project_necropolis #gothicsepulcrum #infinity_gothic_grave #britain #aj_graveyards #igw_sepulcrum #dark_infinity #be_one_sacro #ethereal_moods #fiftyshades_of_darkness #ominous_perfection #graveandbeautiful #graveyard_fanatics #graveyard_freaks,47.0,0.0,47.0,18,Thursday,Evening,547,34,30,0,0,0,-0.999533590836713,0.030538513209822354,0.43388373911755823,-0.900968867902419,Image
3335994906813923215,2241860689,2024-03-31 16:13:24+00:00,@seastersjones,210.0,0.0,210.0,16,Sunday,Afternoon,14,1,0,1,0,0,-0.8929789434111368,-0.4500984410374354,-0.7818314824680299,0.6234898018587334,Image
3666624347612425104,52285421493,2025-06-30 20:39:54+00:00,"JULY 1ST: Sick of ICE? Call out sick! Rhode Island joins the country in a massive wave of protest where working people will refuse to go to work. Instead, we’re calling on all people, especially citizens, to: - Support immigrant street vendors and small businesses - Go to a march, community event or meet-up - Donate to an organization taking action or providing emergency relief for immigrant families - Join the RI Deportation Defense Network - Post messages and videos explaining why you’re participating That evening, you’re invited to a block party in Central Falls! 🎊 Celebrate Immigrants – an Anti-ICE Block Party 📅 Tuesday, July 1st at 6PM 📍 Dexter Plaza – 741 Dexter St., Central Falls, RI Stand with our immigrant communities — we want ICE out! #sickofICE #sickofTrump",289.0,7.0,296.0,20,Monday,Evening,779,131,2,0,3,1,-0.76884183207346,0.6394390019805842,0.0,1.0,Video
3630121241298556307,1340659515,2025-05-11 11:49:55+00:00,@saraschocolategifts,3.0,0.0,3.0,11,Sunday,Morning,20,1,0,1,0,0,0.04797812852134419,-0.9988483864849507,-0.7818314824680299,0.6234898018587334,Image
3591531890982912262,4258781426,2025-03-19 05:59:46+00:00,open order,0.0,0.0,0.0,5,Wednesday,Night,10,2,0,0,0,0,0.9999904807207345,0.004363309284746582,0.9749279121818236,-0.22252093395631434,Carousel
3730971606089852607,31034446625,2025-09-27 15:22:21+00:00,"Stuck in a dinner rut and tired of takeout? 😫 You’re not alone — deciding what to cook every day can feel overwhelming. That’s why @foodycheff created the ultimate recipe bundle: ✨ 240+ healthy, easy-to-follow recipes (from 15-minute breakfasts to cozy dinners) ✨ PLUS the 30-Day Meal Challenge Book — packed with templates to give you a roadmap and fresh ideas that make cooking simple and fun. ✅ No more “what’s for dinner?” stress ✅ Simple, nourishing meals you’ll actually enjoy ✅ A system to stay consistent without overthinking Here’s how to get your bundle: 1️⃣ Go to 👉 @foodycheff 2️⃣ Tap the link in THEIR bio to grab your e-books! 🎁 LIMITED TIME OFFER: The 240 Healthy Recipes eBook + the 30-Day Meal Challenge Book are only available together for a short time — don’t miss out!",20.0,0.0,20.0,15,Saturday,Afternoon,788,138,0,2,2,2,-0.77162458338772,-0.6360782202777638,-0.9749279121818236,-0.2225209339563146,Carousel
3520426991738822156,247058924,2024-12-11 03:27:02+00:00,Painting the town red with my girls... literally! 💃💋 #ladiesinred #girlsnightout #ladiesnight #girlfriends #koreansquad #xmastree #merrychristmas #reddress #oysters #highball @employeesonlysg @kuraoysternhighball,869.0,25.0,894.0,3,Wednesday,Night,212,21,10,2,1,0,0.785316930880745,0.619093949309834,0.9749279121818236,-0.22252093395631434,Carousel
3614499782066359194,13611005,2025-04-19 22:32:52+00:00,19042025| Rústica de conscientização do Autismo| 🤞🏻🙌🏻🙏🏻 #nikerunning #corridanoar #corridaterapia #nike #vidasaudavel #boracorrer #corridanapraia #corridaperfeita #corridaderuabrasil #loucosporcorrida #corridaurbana #corridasderua #correr #corredoresderua #fitness #corridas #maniadecorrida #corridaderua #corrida #running #run #runners #brasilrunners #instarunners #runner #xangrila #autismo #corridaemproldoautismo @tropadosbicuira - 10 lugar na categoria 30 aos 39 anos Agradecimento em especial aos nossos patrocinadores: @conthelpcontabilidade @maximumgranitos @academialucasbuffon @pousadapraiaazul @duettoimoveis.torres,172.0,7.0,179.0,22,Saturday,Evening,626,56,28,6,0,0,-0.37460659341591235,0.9271838545667873,-0.9749279121818236,-0.2225209339563146,Carousel
3049960647702552069,57756411936,2023-03-03 00:34:23+00:00,CONFRONTO DEFINIDO! ✅ Teremos @santosfc x @adiguatuce na segunda fase da #CopaBetanodoBrasil! 🔥,2887.0,137.0,3024.0,0,Friday,Night,95,13,2,2,2,0,0.1478094111296106,0.9890158633619168,-0.433883739117558,-0.9009688679024191,Image
3599491993881849499,3853423268,2025-03-30 05:35:14+00:00,"PAUL SNELL⁠ Flux # 202302, 2023⁠ Chromogenic Print Face-mounted 3mm Matte Plexiglas, backed with extruded polystyrene, concrete, acrylic, enamel and pigments⁠ 190 x 15 x 8 cm⁠ ⁠ Interior decoration and styling @navypanelandco⁠ Architect @tomrobertsonarchitects⁠ Builder @apcbuild⁠ Photographer @timothykaye",62.0,2.0,64.0,5,Sunday,Night,306,39,0,4,0,0,0.9940563382223196,0.10886687485196474,-0.7818314824680299,0.6234898018587334,Image
3595941852106190826,7459283137,2025-03-25 08:01:35+00:00,"CÔNG NHẬN LÀ CÓ CHAI GỘI XẢ NÀY CHO CON DÙNG YÊN TÂM HẲN, DÙNG CHÂN ÁI LẮM CÁC MẸ Ạ! Mẹ nào có con gái rồi mới hiểu đc nỗi lo dậy thì sớm, bé gái thì ko nên dùng chung dầu gội vs người lớn vì nguyên nhân làm da đầu bé tiết dầu sớm và dậy thì sớm. 👉Nay còn ít e sêu rẻ luôn cho hết mã #190k/chai 500ml chuẩn hàng xách tay đủ bill, Loại này đc các chuyên gia đầu ngành khuyên dùng cho bé gái, dầu gội và xả tóc 2in1 chuyên dụng hãng #Boots, hãng dược mỹ phẩm lớn nhất nhì, mng đi Mall lớn nào cũng gặp nha. AI LẤY INBOX CHO EM NHA!!",0.0,0.0,0.0,8,Tuesday,Morning,530,123,4,0,3,0,0.8638355052043956,-0.5037739770455266,0.7818314824680298,0.6234898018587336,Carousel
3629453560252665169,5955796749,2025-05-10 13:43:22+00:00,"Any future act of terror by Pakistan will be considered an act of war, and India will respond accordingly, sources said today. The warning is significant as Pakistan has been launching drone and missile attacks on military installations and civilian areas in northern India for the last three nights. Nearly all of them have been intercepted by the robust Indian air defence network. The announcement of the new rules of engagement against terror with cross-border linkages comes two weeks after Pakistan-linked terrorists killed 26 tourists in Jammu and Kashmir’s Pahalgam. In response, while India launched precision cruise missile strikes at terror infrastructure in Pakistan and Pakistan-Occupied Jammu and Kashmir (PoJK), the neighbouring country where the military has a strong grip on the civilian government escalated the situation by attacking civilian areas in India with drones. #indiapakistan #indianarmy #operationsindoor #jammukashmir #armedforces #naval #navy #airforce1 #insta #instagram",22.0,0.0,22.0,13,Saturday,Afternoon,1003,145,10,0,0,0,-0.434445257404417,-0.900698239322588,-0.9749279121818236,-0.2225209339563146,Image
2729379253230516930,218659080,2021-12-15 16:56:23+00:00,Kurt Geiger mini pochette 💘 🛒 acquista online su www.mazzolastore.it 🖤Paga in 3 rate con scalapay 📍vieni nei nostri Store ! 🚚Spedizioni in 24/48h 📲Servizio clienti whatsapp 338 371 0124 #kurtgeiger #minipochette #mazzolaaccessories,39.0,1.0,40.0,16,Wednesday,Afternoon,231,33,3,0,1,0,-0.961261695938319,-0.2756373558169989,0.9749279121818236,-0.22252093395631434,Carousel
3720353549319447257,3984432397,2025-09-12 23:47:50+00:00,🤔E você já parou para pensar nisso? 😏Assista esse vídeo e me conta se concorda comigo! 😄Cuidadores chegou sua hora!,213.0,12.0,225.0,23,Friday,Evening,115,20,0,0,2,1,-0.056692787563377776,0.9983916705573488,-0.433883739117558,-0.9009688679024191,Video
3488863830141073727,8962757882,2024-10-28 14:16:40+00:00,"As the halo model in the IS family, the #Lexus IS 500 exemplifies the F SPORT Performance brand. Under the unique raised hood lies a naturally aspirated 5.0-liter V8 engine generating 472-hp and 395-lb.-ft. of torque. An eight-speed Sport Direct Shift automatic transmission channels that power to the rear wheels of this performance sedan and a throaty quad exhaust system with dual stacked tail pipes amplifies the sound of this high-output engine. #LexusIS500 . . . . . . #lookatmylexus #lexusis #is500 #lexusis500fsportperformance #fsportperformance #lexusclub #clublexus #lexusfamily #lexusfam #lexuslovers #fsportsociety #lexuscars #lexuslife #carsofinstagram #v8engine #v8cars #lexusv8",1293.0,7.0,1300.0,14,Monday,Afternoon,692,96,19,0,0,0,-0.559192903470747,-0.8290375725550415,0.0,1.0,Image
3639815361885789934,298799991,2025-05-24 20:50:25+00:00,الوصف: للبيع زد 370z موديل 2011 وارد امريكا قير عادي ماشي 80 الف ميل ... بالكليو 129 كت نيسمو اصلي من الوكالة v2 جناح كاربون فيبر اصلي نيسمو v1 سكان نيسمو اصلي من اليابان ستوك عليها تست بايب فقط شاشة - كاميرا خلفية حماية نص السيارة امامي السيارة قمة بالنظافة خالية من الحوادث مصبوغ عام تغيير لون ابيض ثلجي شرط الفحص ( مكينة - قير - شاصي ) السعر : 3350 k.d ( قابل للمساومة بالمعقول ) للاستفسار : 94111711 🔴 عدم اتصال الشريطية لوسمحتو 🔴,11.0,0.0,11.0,20,Saturday,Evening,434,86,0,0,0,0,-0.7372773368101242,0.6755902076156601,-0.9749279121818236,-0.2225209339563146,Carousel
3168491311321330208,45203403304,2023-08-13 13:33:39+00:00,Halloween soaps are here!! These cute candy corn jack o lanterns are just the thing for Halloween. Grab one now! 🎃🎃🎃🎃🎃🎃🎃 #halloween #halloweendecor #halloweendecorations #jackolantern #pumpkin #fall #falldecor #soap #barsoap #handmadesoap #homemadesoap #bathsoap #bodysoap #bodywash #handsoap #bodycare #bodycareproducts #selfcare #selfcareproducts #hygiene #hygieneproducts #shopsmallbusiness #supportsmallbusiness #skincare,5.0,5.0,10.0,13,Sunday,Afternoon,425,45,24,0,3,0,-0.3947438563842672,-0.9187912101488983,-0.7818314824680299,0.6234898018587334,Image
3630132455929434123,6963847115,2025-05-11 12:12:13+00:00,"As we’ve always crafted our ramen with exacting care, ensuring each ingredient comes together with thoughtfulness and intention, we find ourselves emulating motherhood in this way and so many others. This Mother’s Day, we bring together the warmth and comfort of motherhood and ramen at #RamenYushoken 🍜 A Happy Mother’s Day to all the mothers who continue to inspire.",14.0,0.0,14.0,12,Sunday,Afternoon,368,59,1,0,0,0,-0.052335956242943564,-0.9986295347545738,-0.7818314824680299,0.6234898018587334,Image
2881649100701662723,3049995071,2022-07-13 19:09:23+00:00,"Some of the linens I painted/drew/sewed and sold at Cherry Creek last weekend. About half of them were embroidered- something I only have the patience for when I truly need a break from painting! Looking forward to taking a little break from the studio soon. It’s been such a busy couple of years with non-stop show deadlines... time to get outside and recharge for a little bit. I do think of creativity as a finite resource, a wellspring that must be re-filled at times. Spending time outside, observing and meditating on the miracle of beauty and what the hell it all means, far from home if possible, usually does the trick :) #painting #embroidery #landscape #noellephares #oilpastel #contemporaryart #mountains #embroideryart #landscapepainting #trees #linen",557.0,20.0,577.0,19,Wednesday,Evening,764,123,11,0,1,0,-0.955019944457187,0.2965415749755698,0.9749279121818236,-0.22252093395631434,Carousel
3421941218329267045,62575506378,2024-07-28 06:13:23+00:00,"കോച്ചിംഗ് സെൻ്ററിൽ വെള്ളംക‌യറിയുണ്ടായ ദുരന്തം; മരിച്ചവരിൽ എറണാകുളം സ്വദേശിയും ന്യൂ​ഡ​ൽ​ഹി: രാ​ജ്യ​ത​ല​സ്ഥാ​ന​ത്ത് സി​വി​ൽ സ​ർ​വീ​സ് പ​രി​ശീ​ല​ന​കേ​ന്ദ്ര​ത്തി​ൽ വെ​ള്ളം ക​യ​റി​യ​തി​നെ തു​ട​ർ​ന്ന് മു​ങ്ങി​മ​രി​ച്ച​വ​രി​ല്‍ ഒ​രാ​ള്‍ മ​ല​യാ​ളി​യെ​ന്ന് സ്ഥി​രീ​ക​ര​ണം. എ​റ​ണാ​കു​ളം സ്വ​ദേ​ശി ന​വീ​ന്‍ ഡാ​ല്‍​വി​ന്‍ ആ​ണ് മ​രി​ച്ച​ത്. ജെ​എ​ന്‍​യു​വി​ലെ ഗ​വേ​ഷ​ക വി​ദ്യാ​ര്‍​ഥി​യാ​ണ് ന​വീ​ന്‍. ഡ​ൽ​ഹി ഓ​ൾ​ഡ് രാ​ജീ​ന്ദ്ര ന​ഗ​റി​ലെ സി​വി​ൽ സ​ർ​വീ​സ് പ​രി​ശീ​ല​ന​കേ​ന്ദ്ര​ത്തി​ലാ​ണ് വെ​ള്ളം ക​യ​റി മൂ​ന്ന് വി​ദ്യാ​ർ​ഥി​ക​ൾ മു​ങ്ങി​മ​രി​ച്ച​ത്. ക​ന​ത്ത മ​ഴ​യി​ല്‍ സ്ഥാ​പ​ന​ത്തി​ന്‍റെ മു​ന്നി​ലെ റോ​ഡി​ൽ മു​ഴു​വ​ൻ വെ​ള്ളം നി​റ​ഞ്ഞി​രു​ന്നു. കെ​ട്ടി​ട​ത്തി​ന്‍റെ താ​ഴ​ത്തെ നി​ല​യി​ലേ​ക്ക് വെ​ള്ളം കു​ത്തി​യൊ​ലി​ച്ച് എ​ത്തു​ക​യാ​യി​രു​ന്നു. മ​രി​ച്ച വി​ദ്യാ​ർ​ഥി​ക​ളു​ടെ മൃ​ത​ദേ​ഹങ്ങൾ ആ​ശു​പ​ത്രി​യി​ലേ​ക്ക് മാ​റ്റി. ☎️📲 *ചരമ അറിയിപ്പുകളും, വാർത്തകളും, പംക്തികളും* നൽകുവാനായി chat with📲☎️ - https://wa.me/message/FJXDNGIRM3KGN1 #newsupdate #india #kerala #NewsAlert #MalayalamNews #newstoday",8.0,0.0,8.0,6,Sunday,Morning,976,76,6,0,0,0,0.9983916705573488,-0.05669278756337747,-0.7818314824680299,0.6234898018587334,Image
3225057560699765735,2286226360,2023-10-30 14:40:42+00:00,Wybacz Swarożycu #halloween #halloweencostume #halloweenmakeup #goth #gothgirl #metalhead #l #darkness #photooftheday #night #cracow #krakow,41.0,4.0,45.0,14,Monday,Afternoon,140,14,12,0,0,0,-0.6427876096865389,-0.7660444431189783,0.0,1.0,Image
3584666174724239329,3439931717,2025-03-09 18:39:34+00:00,"Ready to step out with my salon-perfect nails, all done at home! Why spend on expensive salons when you can get flawless nails anytime with the AGARO Prima Nail Drill? #NailGoals achieved from the comfort of home!"" #Salon PerfectNails #NailGoals #ManicureAtHome #AGARONails #Flawless Nails #Nail Polish #SelfCare #NailArt #NailInspo #HomeManicure #BeautyEssentials #DIYNails #Nail CareRoutine #AffordableBeauty #agarilifestyle #AGARO #theagarolifestyle #everydayexpert",7.0,0.0,7.0,18,Sunday,Evening,468,59,17,0,2,1,-0.9855560590580777,0.1693495038490245,-0.7818314824680299,0.6234898018587334,Reel
3622422903170520958,25604778677,2025-04-30 20:54:42+00:00,Make-up & Haïrstyle by @makini_studio 💜💜,13.0,2.0,15.0,20,Wednesday,Evening,40,6,0,1,0,0,-0.7253743710122879,0.6883545756937537,0.9749279121818236,-0.22252093395631434,Carousel
3007722958833325987,1166997808,2023-01-03 18:01:19+00:00,Crew shit 😎 with my man @bboylitefoot 👊🏼 . HEADS UP!! 👀 There are only a few places left for crew registrations to our anniversary event on the 5th Feb! Dont forget to sign up for your entry ticket too (its free) to get in the venue 😌. See you all in February 🙌🏼 . #spin167 #bboyspin #primalinstinctscrew #primalinstincts #wembley #thecyphernetwork #boxparkwembley,389.0,4.0,393.0,18,Tuesday,Evening,364,62,7,1,3,0,-0.9999904807207345,0.004363309284746116,0.7818314824680298,0.6234898018587336,Video
1143740887703740436,199872807,2015-12-19 22:36:00+00:00,Ma face. #selfie #smile #happiness #zenattitude #chillax,4.0,0.0,4.0,22,Saturday,Evening,56,7,5,0,0,0,-0.35836794954529994,0.9335804264972019,-0.9749279121818236,-0.2225209339563146,Image
2930568979471747094,4049560839,2022-09-19 07:04:27+00:00,5 years ago. Old shibari set with @rope.tales2 ( @yugenstudio.it ). Photographer @guidocantone.it . . . #ropes #kirigami #ropetales #guidocantone #redhair,105.0,0.0,105.0,7,Monday,Morning,154,21,5,3,0,0,0.961261695938319,-0.27563735581699883,0.0,1.0,Image
3537870460494804819,10643091539,2025-01-04 05:04:05+00:00,,10991.0,145.0,11136.0,5,Saturday,Night,0,0,0,0,0,0,0.9702957262759965,0.2419218955996679,-0.9749279121818236,-0.2225209339563146,Image
3582414452161288962,21243085074,2025-03-06 16:05:13+00:00,"Blair Moore is a distinguished interior designer and the founder of Moore House Design, renowned for her ability to transform spaces with a perfect balance of luxury and functionality. With a passion for creating timeless, artful designs, Blair is recognized as a top expert in the field. Through her exclusive Expert service, clients can schedule personalized consultations, tapping into her wealth of experience and creative insight to bring their visions to life.⁠ ⁠ As a featured designer on 1stDibs and a member of the prestigious AD Pro Directory, Blair’s work has earned her a reputation for excellence, with designs that continue to inspire and elevate the design industry. Whether working on intimate residential projects or large-scale transformations, Blair’s thoughtful approach ensures every detail reflects sophisticated design and exceptional craftsmanship.",163.0,9.0,172.0,16,Thursday,Afternoon,872,129,0,0,0,0,-0.8767267557075072,-0.48098876891938847,0.43388373911755823,-0.900968867902419,Image
3063460951887794350,33883994910,2023-03-21 15:39:57+00:00,GIVEAWAY 🎉 We are going to let 2 people choose any item from our online store for free!🤩 All you have to do is show a little love by.. Tapping that ❤️ Tag 3 friends! Share to your Story Give us a follow! We will announce the winner Saturday in the comments. #binstore #utah #ogden #deals #resale #dealsunlocked #valuevault,361.0,235.0,596.0,15,Tuesday,Afternoon,322,59,7,0,3,0,-0.8166415551616789,-0.5771451900372337,0.7818314824680298,0.6234898018587336,Reel
973974635070873664,492807295,2015-04-29 17:00:45+00:00,Jewelry For The Home for orders click metalaceart.com #mezuzah#madeinisrael#home#jewish#israel#iloveisrael#judaica#gift#weddinggift#religion#gifts#homedecor#interiordesign#decor#jewelry#blessing#love#beautiful#forsale#art#artwork#handmade#ישראל#מזוזה#מתנה#product#weddinggift#jewishwedding#telaviv#Jerusalem,27.0,3.0,30.0,17,Wednesday,Afternoon,307,9,2,0,0,0,-0.9659258262890683,-0.25881904510252063,0.9749279121818236,-0.22252093395631434,Image
1649948538308964624,2205741782,2017-11-17 09:00:14+00:00,"#Repost @thefattymumbai (@get_repost) ・・・ No more salad problems for us after we tried this delicious GRILLED PANEER SALAD at The Homemade Cafe, Oshiwara! @thehomemadecafe . #thefattymumbai #foodofmumbai #foodtalkindia #foodmaniacindia #mumbaifoodie #foodofmumbai #munchymumbai #mumbaifoodicious #foodiliciousmumbai #thecrazyindianfoodie #thehungrymumbaikar #mumbaikar #themumbaiglutton #theforkplay #things2doinmumbai #trellfood #mumbaifood #india #indianfood #indiancuisine #healthy #healthyfood #healthylifestyle #healthylife #salad #saladbowl #instagood #like4like #love #yummy",110.0,3.0,113.0,9,Friday,Morning,581,55,30,3,1,0,0.7071067811865476,-0.7071067811865475,-0.433883739117558,-0.9009688679024191,Image
3671663798784560433,322491927,2025-07-07 19:27:34+00:00,‎#ربيع_البكيرية #منتجع_نثال #عنيزة #مهرجان_زهور_البكيرية #اليوم_الوطني #مهرجان_التسوق #عنيزة #العوشزية #القصيم #السعودية #الرياض #الخليج #صورة #صور #منوعات #عدسات #باريس_نجد #ابداع #تراث #عدسة_يوسف_الخليفي #مهرجان_الغضا #الزامل #الساعة #سوق_المسوكف #تصويري #عنيزه_مول #مهرجان_الوان_الربيع #مهرجان_رمان_القصيم ‎#مصورين_العرب #اكسبلور,3.0,0.0,3.0,19,Monday,Evening,332,30,29,0,0,0,-0.9288095528719245,0.37055743750983555,0.0,1.0,Image
3673690004140942878,1818793862,2025-07-10 14:33:17+00:00,🍕 Hoje é Dia da Pizza! 🎉 A Rádio Nativa e a Don Corleone Pizzaria vão sortear 1 pizza por hora durante todo o dia! 😍 📲 Baixe o app da Rádio Nativa Joinville e fique de olho na nossa programação pra participar! 👉 É só clicar no link da bio do Instagram @nativajoinville Quem sabe a próxima pizza não é sua? 😋📻 #publi #DiaDaPizza #PromoçãoNativa #DonCorleone #PizzaTodoHora #ISSOÉMUITONATIVA,76.0,37.0,113.0,14,Thursday,Afternoon,389,69,6,1,3,1,-0.6190939493098341,-0.7853169308807448,0.43388373911755823,-0.900968867902419,Image
3658412723872585146,1089440084,2025-06-19 12:40:00+00:00,Лего Лабубу ✨ 450тг💰 ············································································ Аниме магазин в г.Тараз ············································································ Наш адрес: 📍 Бектурганова 9а 2ГИС Timax 10:00 - 19:00 8771 108 8489 ············································································ Без выходных✔️ Доставка по г.Тараз и по всему Казахстану📦✔️ ············································································ KaspiQR ✔️ Kaspi Red✔️ HalykQR✔️ ············································································,18.0,0.0,18.0,12,Thursday,Afternoon,590,40,0,0,0,0,-0.17364817766693003,-0.9848077530122081,0.43388373911755823,-0.900968867902419,Carousel
3612514998881997579,331520854,2025-04-17 04:49:28+00:00,,0.0,0.0,0.0,4,Thursday,Night,0,0,0,0,0,0,0.9523957996432784,0.3048642990280109,0.43388373911755823,-0.900968867902419,Image
3662796476766182351,1648505559,2025-06-25 13:49:49+00:00,"Πρόκειται για μια ειδική έκδοση του B-SUV της Alfa Romeo, η οποία είναι διαθέσιμη στην ελληνική αγορά μονό με το υβριδικό σύνολο, ως δικίνητη ή τετρακίνητη. Δείτε πόσο κοστίζει η εντυπωσιακή Alfa Romeo Junior Intensa από το Link στο bio! #gocar #gofwd #gohybrid #alfaromeo #alfajunior #juniorintensa #greece #car #auto #automotive #cars #αυτοκίνητο",21.0,0.0,21.0,13,Wednesday,Afternoon,348,52,12,0,1,0,-0.4578739151169564,-0.8890171414857366,0.9749279121818236,-0.22252093395631434,Image
3633751595030459932,4720983893,2025-05-16 12:02:47+00:00,2025/5/16 𓊤 𓎩𓈒𓂂𓂃◌𓈒 抹茶ティラミス💚米粉 抹茶大好きー 今日は仕事終わりでも外が暑かった☀️ 冷菓が美味しい季節になりましたね! ティラミス暑い日でも食べやすい✨ いつもありがとうございます thank you for reading my posts❁ 𓍯 . #cottaアンバサダー #cotta #2025年sayuスイーツ #ouchicafe_jp #tomiz #wp_deli_japan #フーディーテーブル #私のおいしい写真 #おうちごはんlover #igersjp #手作りケーキ#おうちおやつ #おうちカフェ#デコレーションケーキ #米粉スイーツ#米粉ケーキ#抹茶スイーツ #抹茶ティラミス,308.0,2.0,310.0,12,Friday,Afternoon,318,31,20,0,1,0,-0.008726535498373713,-0.9999619230641713,-0.433883739117558,-0.9009688679024191,Carousel
2658742934040441932,1900659755,2021-09-09 05:54:37+00:00,"Картриджи на MINIFIT Всем кто ждал, новое поступление картриджей на Minifit. Цена: 1700 тг Ждём всех по адресам:⠀ 📍Каблукова 264/7 (Mega Towers)⠀ 📍Кунаева 133, уг. Кабанбай Батыра ⠀",18.0,0.0,18.0,5,Thursday,Night,181,28,0,0,0,0,0.9996573249755573,0.02617694830787314,0.43388373911755823,-0.900968867902419,Image
3627560945331156744,7521869385,2025-05-07 23:03:05+00:00,"OUR TEACHERS ROCK! This week is Teacher Appreciation Week and over the course of the week, we’re highlighting the amazing teachers who we named earlier this school year as our Teachers of the Year! Next up is Aysha Berry of Washington-Henry Elementary School! Ms. Berry is a fourth grade teacher and has been an educator for three years. She said she loves teaching because “I love to watch my students grow and build meaningful student-teacher relationships to help them be successful!” What does it mean to be teacher of the year for Washington-Henry Elementary School? “To be Teacher of the Year means gaining the trust from my students, our families, and my team at WHES. The trust is to know that I lead my students with grace and a strong effort. I know that I was meant to be a teacher because of my determination and I really instill that into my students. Being a teacher shows the impact we have on shaping the future for our young students. My goal is to build a classroom community where students not only learn, but feel loved, welcomed, empowered, and inspired. Knowing that I was awarded this title continues to show my commitment to this field but also to the success of my students and colleagues.” She added: “'Never let the fear of striking out keep you from playing the game.' - Babe Ruth” Congratulations, Ms. Berry, and thank you for your dedication to our students! #InspireEmpowerLead #HanoverStrong #ATraditionOfExcellence",36.0,0.0,36.0,23,Wednesday,Evening,1447,247,3,0,5,1,-0.24615329302899291,0.9692309097067544,0.9749279121818236,-0.22252093395631434,Image
3654514335017097588,46767530035,2025-06-14 03:34:39+00:00,本日のホタル観賞会は 雨天の為中止とさせていただきます。 なお、敷地内のホタルは自由に観賞したいただきます。 下記注意事項に気を付けて お越しください。 ゲンジボタル 6月中旬~ ヘイケボタル 7月中旬~ ~ホタル観賞の注意事項~ ・ホタルの生息地までの道順は暗い為、十分にお気を付け下さい。 ・小学生以下のお子様は保護者と一緒にご覧ください。 ・懐中電灯等持参された方は、ホタルへの影響を減らすため、 セロファンを貼る等 赤色の光になるようご協力をお願いいたします。 ⁡⁡ ⁡#国民宿舎鵜の岬 #鵜の岬 #国民宿舎 #うのみさき #宿泊⁡ ⁡#観光 #ホテル #ランチ #法事 #結婚式 #茨城県 #いばらき #日立市 #ひたち #温泉 #海 #ウミウ ⁡#レストランしおさい⁡ ⁡#喫茶岬⁡⁡ #sazaコーヒー ⁡ ⁡#sazacoffee #sdgs #蛍 #ホタル #蛍観賞会 #イベント #ほたる,113.0,0.0,113.0,3,Saturday,Night,404,44,30,0,0,0,0.8038568606172173,0.5948227867513414,-0.9749279121818236,-0.2225209339563146,Carousel
3656455242754932882,6775681434,2025-06-16 19:50:53+00:00,on today's edition of Baldr and the Loaf - really? . #baldrandtheloaf #todaysedition #really #whatssheevendoing . #AustralianCattleDog #heeler #BlueHeeler #CattleDog #HeelerGram #DogsOfInstagram #HeelersOfInstagram #influencer #doginfluencer #HeelerLove #ACD #thegoodlife #AdoptDontShop #velcrodog #petfluencer #dogsareawesome #acd_feature #heelermoments,100.0,11.0,111.0,19,Monday,Evening,354,34,22,0,0,1,-0.887010833178222,0.46174861323503325,0.0,1.0,Image
3777679879539183551,2177050556,2025-12-01 02:02:36+00:00,🤩 ปลายปีแล้ว ไปเที่ยวปีใหม่ทีไหนดีน้า~ 💬 ช่วงนี้หลาย ๆ คนคงเตรียมตัวไปเที่ยวหยุดยาว แต่ถ้าใครยังคิดอยู่ว่าจะไปไหนดี เรามีรายชื่อประเทศที่คนไทยฟรีวีซ่ามาฝาก และมีบอกด้วยว่าแต่ละประเทศอยู่ได้สูงสุดกี่วัน เผื่อเอาไว้เป็นตัวเลือกในการตัดสินใจกันนะ 👉🏻 ควรตรวจสอบข้อมูลอีกครั้งก่อนเดินทาง เพราะเป็นการอนุญาตของประเทศปลายทาง ซึ่งอาจมีการเปลี่ยนแปลงได้ *ข้อมูล ณ วันที่ 12 พ.ย. 68 จากกรมการกงสุล 📌 ที่มา : https://ppro.pro/3M2EOKt #ปันโปร,10517.0,21.0,10538.0,2,Monday,Night,430,27,2,0,0,0,0.5075383629607041,0.8616291604415258,0.0,1.0,Image
3613695100825033279,1491908799,2025-04-18 19:54:07+00:00,"✝️🛐 Durante este Viernes Santo, en el Zócalo de la Ciudad de México, se lleva a cabo la representación de la Pasión de Cristo. 📸 #FOTOS Fernanda Rojas de EL UNIVERSAL",861.0,0.0,861.0,19,Friday,Evening,166,31,1,0,0,0,-0.8788171126619654,0.47715876025960835,-0.433883739117558,-0.9009688679024191,Carousel
3606474305204133244,1739359211,2025-04-08 20:47:41+00:00,"O prefeito Gustavo Martinelli foi nomeado vice-presidente de Estâncias Turísticas da Frente Nacional de Prefeitos (FNP), representando cidades turísticas de todo o Brasil. 🏞️🍇 Reconhecida como Município de Interesse Turístico, Jundiaí se destaca por sua história, cultura, natureza e eventos como a Festa da Uva. Com foco em enoturismo, turismo rural e de experiência, a cidade mostra que é possível crescer com planejamento, inovação e parcerias! 💼🌿 Saiba mais em www.novodianoticias.com.br #Jundiaí #TurismoJundiaí #GustavoMartinelli #TurismoSP #FrenteNacionalDePrefeitos #EstânciasTurísticas #TurismoRural #Enoturismo #FestaDaUva #TurismoDeExperiência #GestãoPública #DesenvolvimentoRegional #CidadeModelo",12.0,0.0,12.0,20,Tuesday,Evening,708,84,13,0,1,0,-0.7460573750616991,0.6658816660008348,0.7818314824680298,0.6234898018587336,Image
3201264344788484829,3640785109,2023-09-27 18:48:01+00:00,"Behind the scenes, getting ready to send these items to Ghana and Niger in December🙌🏾 Click the link in bio to contribute to the shipment cost of these items. Any amount truly makes an impact in getting those in need the right supplies to live a safe and healthy life.",28.0,2.0,30.0,18,Wednesday,Evening,268,50,0,0,0,0,-0.9781476007338056,0.20791169081775943,0.9749279121818236,-0.22252093395631434,Video
3648493828229192019,1356684696,2025-06-05 20:12:58+00:00,New Video posted to YouTube,37.0,1.0,38.0,20,Thursday,Evening,27,5,0,0,0,0,-0.8386705679454243,0.5446390350150266,0.43388373911755823,-0.900968867902419,Image
3129106551963397517,21399665765,2023-06-20 05:23:10+00:00,"3x raden wat ik vandaag onder andere moet doen 😊 Yep! : Strandtassen klaarmaken voor transport!🙏🏼💫 Hoe leuk! Ze zijn ook oprecht zo mooi!! Shop ze nu @ www.dialiving.nl Geniet van jullie dag! Liefs, Tess & Zaynie💙 . . #dialiving #dreaminterior #inspiration #marrakechlovers #mediterraans #moroccaninterior #marrakechinterior #modernbohemian #makingahouseahome #homelovers #homestyle #homedecoration #interior123 #homedecorlovers #interiordecor #vtwonen #westwing #livingroomideas #houserenovation #balilife #balilove #bohohome #bohointerior #goodvibes #goodenergy #universe #newcollection #loa #manifestyourlife",110.0,15.0,125.0,5,Tuesday,Night,611,68,29,0,6,0,0.9869963665602319,0.1607425656038261,0.7818314824680298,0.6234898018587336,Image
2194334972238685585,13779839902,2019-12-08 11:38:54+00:00,"Ever felt that? I do all the time..🙂 (Forget my mistake for spelling wrong ""their"", it was just the absence of mind..🤭) #yourperson #memories #presence #songs #absence #connection #friends👭 #lifetime #memoriesaroundtheworld #wishes #wishyouwerehere #_firewinds_",17.0,0.0,17.0,11,Sunday,Morning,261,34,13,0,0,1,0.09584575252022391,-0.9953961983671789,-0.7818314824680299,0.6234898018587334,Image
3774397555128914258,77309437830,2025-11-26 13:30:17+00:00,"Every story has another side. Maleficent (2014) Directed by Robert Stromberg, Maleficent reimagines the classic Sleeping Beauty tale through the eyes of its misunderstood villain - revealing the heartbreak, betrayal, and strength behind her dark wings. Starring Angelina Jolie and Elle Fanning, this visually stunning fantasy explores love, revenge, and the power of forgiveness in a world where not everything is as it seems. Because sometimes, the villain is just a wounded hero in disguise.",379.0,0.0,379.0,13,Wednesday,Afternoon,493,75,0,0,0,0,-0.38268343236508967,-0.9238795325112868,0.9749279121818236,-0.22252093395631434,Video
3651117414218408305,176307811,2025-06-09 11:05:35+00:00,🥊 Kaos efter segern! Andreas glänser & Tobbe svarar på burdramat 🎤🔥 - 🔥 Håller du med Tobias Wallberg – eller förbundet? Dela din åsikt! 👇,51.0,8.0,59.0,11,Monday,Morning,138,26,0,0,2,1,0.23768589232617293,-0.9713420698132614,0.0,1.0,Image
3765151688643403739,192359815,2025-11-13 19:11:23+00:00,"Thanksgiving sides that steal the show. ✨ Bring more deliciousness to the holiday table this Thanksgiving. 🦃 Prepared with the freshest ingredients and flavors, our sides make it easy to host a Thanksgiving feast that your guests will rave about. From fluffy & buttery Mashed Potatoes to perfectly tart Cranberry Relish & more, all you need to do is heat, serve, and enjoy. 🙌",25.0,1.0,26.0,19,Thursday,Evening,375,64,0,0,0,0,-0.9523957996432784,0.3048642990280109,0.43388373911755823,-0.900968867902419,Carousel
3449080983846299729,4792789723,2024-09-03 16:55:15+00:00,Fucking fast 🔴🔴GTR🔴🔴 at 20th Reisbrennen 2k24 #kryptonight #nissan #skyline #skylinegtr #gtrr33 #rbengine #over9000 #nismo #legend #jdm #jdmcars #fastcars #jdmlovers #photography #photooftheday #ohnefilter #carspotting #like,9.0,0.0,9.0,16,Tuesday,Afternoon,224,25,18,0,0,0,-0.9600498543859286,-0.27982901403099236,0.7818314824680298,0.6234898018587336,Image
3630504189365042614,820731411,2025-05-12 00:30:46+00:00,🎉🎉 ให้บริการแล้ววันนี้ !!! 🎉🎉 ...THUNDERBIKE โฉมใหม่... 📍ร้านบิ๊กไบค์มือสองที่ใหญ่ที่สุดในประเทศไทย บนพื้นที่กว่า 4 ไร่📍 ⚡️มีบิ๊กไบค์ให้เลือกมากกว่า 200 คัน ⚡️ มีพื้นที่จอดรถขนาดใหญ่ไว้รองรับลูกค้า ⚡️ มีห้องรับรองลูกค้าระหว่างเลือกชมรถและรับบริการหลังการขาย ⚡️มีห้องเซอรวิสหลังการขายมาตรฐานเทียบเท่าศูนย์บริการชั้นนํา ..แอดไลน์คลิ๊กเลย!!️ https://line.me/R/ti/p/%40thunderbike 🚒ดูรถรุ่นอื่นคลิกเลย : www.thunder-superbike.com 📍แผนที่เส้นทางมาร้าน : https://maps.app.goo.gl/9JcvAfUpLLppi3Wv9?g_st=il 🔥ติดต่อสอบถามฝ่ายขายได้เลยที่🔥 ☎️ 063-5653545 เซลล์ตั้ม ☎️ 061-8128889 เซลล์เอ็กซ์ ☎️ 099-3466455 เซลล์ฟ้า ☎️ 064-9388915 เซลล์กี้ ☎️ 099-1213662 เซลล์ Thunder #bigbikethailand #Bigbikeมือสอง #บิ๊กไบค์มือสอง #thunderbikeนนทบุรี #บิ๊กไบค์,0.0,0.0,0.0,0,Monday,Night,736,48,8,0,5,1,0.13052619222005157,0.9914448613738104,0.0,1.0,Carousel
3620570743670147377,50386458,2025-04-28 07:34:47+00:00,La victoire ensemble 🩵 #RacingFamily @julienpoupart,3879.0,9.0,3888.0,7,Monday,Morning,51,6,1,1,0,0,0.917060074385124,-0.39874906892524614,0.0,1.0,Carousel
2242225771963179484,180638777,2020-02-12 13:29:23+00:00,,2.0,0.0,2.0,13,Wednesday,Afternoon,0,0,0,0,0,0,-0.3786486173524327,-0.9255405040175665,0.9749279121818236,-0.22252093395631434,Carousel
3437884301799612869,48083616772,2024-08-19 06:09:26+00:00,Surah baqrah . . . #gaza #photooftheday #parachinar #pakistan #palastine #instagram,2.0,0.0,2.0,6,Monday,Morning,83,11,6,0,0,0,0.9992290362407229,-0.03925981575906877,0.0,1.0,Image
3694261179853614094,4206668662,2025-08-07 23:44:32+00:00,Rani earned her Novice Trick Dog Title! #domorewithyourdog #vizslagram #vizsladaily #vizslaofinstagram #vizslagirl #vizslalove #tricktraining #dogtricks #trickdog #doglovers,138.0,9.0,147.0,23,Thursday,Evening,173,17,10,0,1,0,-0.06975647374412476,0.9975640502598243,0.43388373911755823,-0.900968867902419,Image
3647890273057741754,6283540867,2025-06-05 00:13:49+00:00,"PEPTIDE LIP BALM ATENEA💋🫦 ESTE TRATAMIENTO DE LABIOS CONTIENE PÉPTIDOS, ACEITE DE JOJOBA Y VITAMINA E. ;AYUDAN A NUTRIR, HIDRATAR Y DARLE BRILLO A LOS LABIOS. ✨¿QUÉ HACEN LOS PÉPTIDOS?✨ ESTAS PROTEÍNAS SON RESPONSABLES DE LA TEXTURA, FUERZA Y RESISTENCIA DE LA PIEL, ADEMÁS ESTIMULAN LA PRODUCCIÓN DE COLÁGENO Y ELASTINA. CONTIENEN MOLÉCULAS REGENERADORAS Y ACTÚAN DE FORMA NATURAL EN LA PIEL. CONTÁCTANOS🙋🏽‍♀️ WhatsApp 3126818846 📍Cra 62 #7A-21 Independencia primera etapa, pasaje las monjas BUENAVENTURA🔰 ⏰HORARIOS DE ATENCION LUNES A SÁBADO 9 am - 7pm DOMINGO 10 am - 4pm #emprendimiento #maquillaje #makeupstore #apoyame #ateneaprofesional #maquillajecolombiano #parati",1.0,0.0,1.0,0,Thursday,Night,673,97,9,0,0,1,0.05669278756337751,0.9983916705573488,0.43388373911755823,-0.900968867902419,Carousel
3335275142127335806,13362496867,2024-03-30 16:23:21+00:00,"Howth Harbour Lighthouse, located at the end of the Howth Head peninsula in Ireland. The lighthouse was built in 1817 and is made of granite. It is 32 meters tall and has a focal height of 43 meters. The lighthouse is still in operation today and helps to guide ships safely into Dublin Bay. 📸 @mariaheather_dublin Follow for more @theirishinsider.ie #theirishinsider . . . #howthharbour #lighthouse #adventure #holiday #peninsula #explore #dublininireland #dublin #irishdaily #irish #ireland",38.0,2.0,40.0,16,Saturday,Afternoon,492,75,12,2,0,0,-0.9117620435770883,-0.41071885261347774,-0.9749279121818236,-0.2225209339563146,Image
3560576032211457827,12404018207,2025-02-04 12:56:00+00:00,"A Polícia Militar apreendeu um Jeep Compass clonado na segunda-feira, 3 de fevereiro, após receber denúncias anônimas. O veículo estava estacionado em uma garagem na Rua José Costa Marques, no Bairro Industrial em Ubá MG. Após verificação, descobriu-se que o veículo original pertencia a um proprietário de outro estado, que confirmou estar com seu automóvel na garagem. A vistoria minuciosa revelou que o Jeep havia sido roubado em São Paulo em 2021. No momento da diligência, a residência estava vazia e ninguém foi preso. No entanto, a responsável pelo aluguel do imóvel será investigada pela Polícia Civil. Link nos stories ou https://reporterkadufontana.jor.br/2025/02/04/pm-recupera-carro-clonado-dentro-de-garagem-em-uba-mg/",129.0,1.0,130.0,12,Tuesday,Afternoon,731,102,0,0,0,0,-0.24192189559966792,-0.9702957262759965,0.7818314824680298,0.6234898018587336,Image
3382313866921143715,4242347521,2024-06-03 14:00:00+00:00,"#gifted_by_Murad Need help fighting pimples and blemishes heres a great duo by murad. @muradskincare ✨Rapid Relief Acne Spot Treament-Reduces blemishes within 4 hours.Noticeable improvement overnight, especially for smaller pimples. Larger blemishes take a couple of days. ✨Key Ingredients: -Salicylic Acid (2%) Exfoliates and penetrates pores. - Soothing Agents Horse chestnut, oat extracts, tea tree oil to reduce redness and irritation. ✨Deep Relief Acne Treament- Targets deep, painful cystic acne.Effective in reducing the size and pain of cystic acne over several days. Noticeable improvement in inflammation and redness. ✨Key Ingredients: Salicylic Acid (2%) Exfoliates and clears pores. Amino Acids and Honey Extract Soothe and reduce irritation. Tea Tree Oil Natural antiseptic properties to prevent further breakouts. ✨My Honest Take- The product claims to reduce blemishes in just four hours, I did notice significant improvement overnight. Smaller pimples shrunk considerably, and redness was noticeably reduced. However, for larger, more stubborn blemishes, it took a couple of days of consistent use to see a difference. Includes #gifted items 🏷️Tagss.. #muradpartner #muradskincare #acnetreament #acnefighter #healthyskin #skincare #skincaretips #skincareessentials #summerskincare #skincareroutine #skincareneeds #makeupexplorepage #beauty #makeup #beautyexplorepage #discoverunder10k #beautyreels #ugc #ugccreator #beautysecrets #perfectskin #skincareproducts #skincarehacks #ugccommunity",317.0,118.0,435.0,14,Monday,Afternoon,1505,190,26,1,0,0,-0.4999999999999997,-0.8660254037844388,0.0,1.0,Carousel
3552342160223065735,1957780469,2025-01-24 04:16:46+00:00,Midi Sac Seau in White Italian Leather,12.0,1.0,13.0,4,Friday,Night,38,7,0,0,0,0,0.898794046299167,0.43837114678907746,-0.433883739117558,-0.9009688679024191,Carousel
3599203309778776714,1264564623,2025-03-29 20:01:31+00:00,"Gracias a todos por acompañarnos en este Saturday Ride. Todas las fotos del Ride 🚴🏻‍♂️🚴‍♀️ ya están publicadas en nuestra cuenta de Facebook, ingresa ya! Gracias 📸 @artandresp",255.0,2.0,257.0,20,Saturday,Evening,175,28,0,1,1,0,-0.8638355052043958,0.5037739770455262,-0.9749279121818236,-0.2225209339563146,Carousel
3588808779656025123,16853269255,2025-03-15 11:49:26+00:00,,0.0,0.0,0.0,11,Saturday,Morning,0,0,0,0,0,0,0.04797812852134419,-0.9988483864849507,-0.9749279121818236,-0.2225209339563146,Image
3603489771093429407,1700718630,2025-04-04 17:57:57+00:00,We know things are tough right now— for small businesses and for families everywhere. That’s why we’re committed to keeping shipping smooth and prices fair. Thank you for sticking with us— it’s because of you that we get to keep reimagining kids’ spaces and make every space a happy place. 🍒,439.0,20.0,459.0,17,Friday,Afternoon,291,51,0,0,0,0,-0.999914327574007,-0.013089595571344698,-0.433883739117558,-0.9009688679024191,Carousel
3431107470388440680,44168757448,2024-08-09 21:45:05+00:00,"Just a cool cat . . New design available to buy, please check the link on my bio . . #aiart #art #aiartcommunity #artist #artoninsta #aicommunity #aiartwork #trending #trendingnow #aicommunity #illustration #cozy #midjourney #midjourneyart #midjourneyai #anime #digitalart #picoftheday #ınstadaily #cat #catlove #catoftheday #catlovers",68.0,0.0,68.0,21,Friday,Evening,335,43,22,0,0,0,-0.555570233019603,0.8314696123025448,-0.433883739117558,-0.9009688679024191,Carousel
3618506820970572253,40431442,2025-04-25 11:14:09+00:00,,130.0,3.0,133.0,11,Friday,Morning,0,0,0,0,0,0,0.19936793441719725,-0.9799247046208296,-0.433883739117558,-0.9009688679024191,Image
3662039354151589782,4788444428,2025-06-24 12:45:55+00:00,We couldn't agree more! #MillenniumMarine #MillenniumOutdoors #Fishing #angler #millenniumoutdoors #boatseat,11.0,0.0,11.0,12,Tuesday,Afternoon,108,10,5,0,1,0,-0.19509032201612792,-0.9807852804032305,0.7818314824680298,0.6234898018587336,Image
3588633412936703369,4299289951,2025-03-15 06:01:01+00:00,"[REENCUENTRO] Máximo Napa, el pescador peruano que desapareció en diciembre de 2024. Después de 95 días a la deriva, fue encontrado a cientos de millas del mar ecuatoriano por una embarcación atunera que lo localizó gracias a gaviotas que volaban en círculos sobre su bote. La tripulación del barco atunero, al notar el inusual comportamiento de las aves, se acercó y descubrió a Napa con signos visibles de desgaste, pero increíblemente con vida. Tras su rescate, Napa fue trasladado a la Base Naval de Paita, donde recibió los primeros cuidados médicos antes de reencontrarse con su familia. Al ver a su hermano Alberto, ambos no pudieron contener las lágrimas. ""Pensé que nunca más lo volvería a ver, esto es un regalo de Dios"", expresó su hermano entre sollozos. Los médicos evaluarán su estado de salud antes de su traslado a Pisco, Ica, donde lo espera el resto de su familia.",1163.0,14.0,1177.0,6,Saturday,Morning,882,150,0,0,0,0,0.9999904807207345,-0.00436330928474646,-0.9749279121818236,-0.2225209339563146,Image
3648658575992654174,4637651475,2025-06-06 01:40:00+00:00,"Какое покрытие на лето выберете? Ждем вас за красивым маникюром и педикюром в нашу студию. Павловский тракт, 299",9.0,0.0,9.0,1,Friday,Night,112,18,0,0,0,1,0.4226182617406994,0.9063077870366499,-0.433883739117558,-0.9009688679024191,Carousel
3652109806086721196,36983249815,2025-06-10 19:57:17+00:00,"EMERGENCY CALL TO ACTION Our community is under threat. ICE is active in Sonoma County, targeting immigrants, separating families, and spreading fear. We will not sit back in silence. Join us for an emergency protest to stand up, speak out, and demand justice. Our voices and presence are urgently needed. Location: Old Courthouse Square, Santa Rosa Date: Wednesday, June 11 Time: 5:00 PM Meeting Point: By the Unity Statue This is a moment to show up for our neighbors and to fight for a county where everyone is safe and protected, regardless of status. Bring your signs, your voice, and your solidarity. All out against ICE. Organized by Sonoma County Democratic Socialists of America and Love and Light Movement for Change. #AbolishICE #SonomaCountyRiseUp #NoOneIsIllegal #WeKeepUsSafe LLAMADO DE EMERGENCIA A LA ACCIÓN Nuestra comunidad está bajo amenaza. ICE está activo en el condado de Sonoma, atacando a inmigrantes, separando familias y sembrando el miedo. No permaneceremos en silencio. Únete a nosotros en una protesta de emergencia para alzar la voz, resistir y exigir justicia. Tu presencia es urgente y necesaria. Lugar: Old Courthouse Square, Santa Rosa Fecha: Miércoles, 11 de junio Hora: 5:00 PM Punto de encuentro: Estatua de la Unidad Este es un momento para mostrar solidaridad con nuestras comunidades y luchar por un condado donde todos estén seguros, sin importar su estatus migratorio. Trae tus pancartas, tu voz y tu compromiso. Todxs en contra de ICE. Organizado por Democratic Socialists of America – Condado de Sonoma y Love and Light Movement for Change. #AbolirICE #SonomaSeLevanta #NadieEsIlegal #NosCuidamosEntreNosotrxs",1373.0,22.0,1395.0,19,Tuesday,Evening,1653,258,8,0,0,0,-0.8724960070727971,0.48862124149695496,0.7818314824680298,0.6234898018587336,Image
3635016087869448163,294255102,2025-05-18 05:55:07+00:00,"International museum day !! A museum is not just a place — it’s a journey through time. This International Museum Day, let’s celebrate the spaces that preserve our shared heritage. #Painkiller #PAINKILLERAtelier #internationalmeuseumday #museum",28.0,0.0,28.0,5,Sunday,Night,244,34,4,0,2,0,0.9997620270799091,0.021814885034560937,-0.7818314824680299,0.6234898018587334,Carousel
3789642524240542898,2088235961,2025-12-17 14:10:39+00:00,"El sector agropecuario ha mantenido, y tal vez aumentado, su importancia en la economía del país. Basta solamente con ver que para el Producto Interno Bruto (PIB) del tercer trimestre del año representó 9,8% del PIB total, con un crecimiento de 2,4% y un aporte de $46,8 billones para confirmarlo.⁠ ⁠ Con esto en mente, se hace cada vez más evidente por trabajar en el agro, en sus negocios y en su desempeño en términos de tecnología y sostenibilidad, siendo cada vez más atractivo para nuevas generaciones, y abriendo espacios para aspectos que en el pasado no se abordaron. De esta manera han nacido muchos negocios, cada uno enfocado en sus aspectos.⁠ ⁠ ⁠ 🌱Lea la nota completa en el link de la BIO⁠ ⁠ #Agro #Negocios #Innovación",124.0,1.0,125.0,14,Wednesday,Afternoon,733,128,3,0,0,0,-0.5372996083468236,-0.8433914458128858,0.9749279121818236,-0.22252093395631434,Carousel
3458368907822667815,1958703705,2024-09-16 12:28:42+00:00,ONAM 2024 🤍 #onam #malayali #kerala,949.0,15.0,964.0,12,Monday,Afternoon,35,6,3,0,0,0,-0.12186934340514731,-0.9925461516413221,0.0,1.0,Carousel
3787936993389670138,73831506478,2025-12-15 05:41:39+00:00,Some candids of @jake.turk repping his school colors in first ever tri color cat hat! 🩵🤍🖤,9.0,0.0,9.0,5,Monday,Night,89,16,0,1,1,0,0.9965655024977614,0.08280820751220436,0.0,1.0,Carousel
3748748206462172956,3620260978,2025-10-22 04:00:32+00:00,किसानों के हितों के लिए समर्पित भाजपा सरकार!,199.0,4.0,203.0,4,Wednesday,Night,44,8,0,0,1,0,0.8660254037844386,0.5000000000000001,0.9749279121818236,-0.22252093395631434,Image
3596058918283245765,39715031168,2025-03-25 11:54:10+00:00,. . 水着で🍓を食べるあーちゃん☀️,840.0,12.0,852.0,11,Tuesday,Morning,19,3,0,0,0,0,0.026176948307873423,-0.9996573249755573,0.7818314824680298,0.6234898018587336,Carousel
1775496147169551062,7657273454,2018-05-09 14:20:56+00:00,We’ve all been there before. 😭😅,13.0,1.0,14.0,14,Wednesday,Afternoon,31,6,0,0,0,0,-0.5735764363510458,-0.819152044288992,0.9749279121818236,-0.22252093395631434,Image
3621526422214389309,2263235080,2025-04-29 15:13:33+00:00,"🚨 ¡ALERTA DE CONCURSO! 🚨 ¡Queremos premiar el esfuerzo, la entrega y la pasión de l@s trabajador@s en su día! 💪 🎁 ¿Cuál es el premio? 1 noche de alojamiento con desayuno para 2 personas en nuestro hotel 💫 ¿Cómo participar? Síguenos 👉 @hotelcolinasdecuncumen Comenta en esta publicación tu mejor anécdota laboral que demuestre por qué mereces ganar, y etiqueta a la persona con quien compartirías el premio. Comparte esta publicación en tu historia y etiquétanos. (Si tu cuenta es privada, mándanos un pantallazo por interno). 🎉 ¡Y listo! Ya estás participando. ¡Mucha suerte! ❤️ 📅 Fecha del sorteo: 1 de mayo de 2025 🗓 Canje del premio: Durante todo el año (excepto feriados, vacaciones y fines de semana largos). ⚠️ IMPORTANTE Jamás pediremos tus datos personales ni bancarios. El nombre del ganador/a se anunciará exclusivamente en nuestra cuenta oficial @hotelcolinasdecuncumen y nos contactaremos directamente por DM. ¡No caigas en cuentas falsas, por favor! 👀",669.0,246.0,915.0,15,Tuesday,Afternoon,964,155,0,2,5,2,-0.7460573750616994,-0.6658816660008344,0.7818314824680298,0.6234898018587336,Image
3606601581552623370,12399613178,2025-04-09 01:00:33+00:00,2025.4.9 二十四節気七十二候 第十四候 晴明次候 【鴻雁北】こうがんかえる 雁が北へ渡って行く時期 渡り鳥は見られなくなったけど 鳥の鳴き声は聞こえるし お花をあちこちで見られて 春をしっかり感じられるようになったなぁ 木蓮に元気もらって😁 佳き一日を〜〜〜 #二十四節気 #七十二候 #暦 #暦生活 #木蓮 #ご近所 #ご近所さんのお花 #春の花 @kyoko_mitsubayashi,565.0,2.0,567.0,1,Wednesday,Night,198,21,8,1,0,0,0.25881904510252074,0.9659258262890683,0.9749279121818236,-0.22252093395631434,Image
2743297710578915496,1563339520,2022-01-03 21:49:52+00:00,"So it's 2022 . In 2021 in had the fantastic opportunity to share a head of my knowledge with you lovely folk. And even more so with my clients both in person and online. How did it go? .... Absolutely great! We focused We focused hard. What I saw, as in there other years of coaching people were some similar behaviours . I OFTEN WONDER WHY WE DO IT ! I spent so much time in the last 12 months teaching people the following as well as re -learning and re practicing these things myself. 1. If the plan sucks dick... you probably won't stick to it for long. 2. Don't set yourself on fire to keep other people warm. 3.people don't have to understand YOUR Goals. 4. Slow and steady wins the race- Rome was not built in a day 5. I love that saying as it's such a beautiful place . 6. Don't judge others it's not always there fault . 7. Don't worry about others opinions . 8. Control what you can control 9. Focus on living for love and happiness... not purchases and possessions. 10. Share what you are passionate about . 11. Love the person you see in the mirror. 12. You have so much to offer yourself and others . 13. Focus on health... not a size, shape or weight. 14. Give some one your time ... its the best gift you can give. 15. Be the person you always wanted to be, don't apologise for being that person... be a dreamer, be a beliver, be an optimist . Live as much life as you can in every second . Let's go 2022. #coaching #fitness #love #2022goals #training #goals #lifestyle #woman #man #earth #time #instagood #instamood #instagram #uk #caloriedeficit #focus #foodstagram #instamoney #challenge #coach #reels #bjj #glutes #europe #usa",7.0,0.0,7.0,21,Monday,Evening,1645,305,26,0,2,1,-0.540974471367994,0.8410390129643923,0.0,1.0,Image
3718534538377450923,1827280935,2025-09-10 11:31:22+00:00,Il nostro mercoledì 🛍️🛍️ Tante foto dei nostri outfit 📱3477756723 📦spedizioni in tutta Italia 📍pagamento alla consegna in zona,3.0,0.0,3.0,11,Wednesday,Morning,126,19,0,0,0,0,0.12619896913582956,-0.992004949679715,0.9749279121818236,-0.22252093395631434,Carousel
3536816056599457916,1224849798,2025-01-02 18:09:11+00:00,Waiting for the next station: Slowear Paris! Stop by in our stores to explore the seasonal style. #Slowear #SlowearVenezia #DurableFashion #FW24 #fallwintercollection #EverywhereInStyle,169.0,2.0,171.0,18,Thursday,Evening,185,23,6,0,1,0,-0.999229036240723,0.03925981575906776,0.43388373911755823,-0.900968867902419,Image
3652154864546738073,2267014788,2025-06-10 21:27:50+00:00,"De segunda a sábado, das 5h às 6h da manhã, a sua primeira hora do dia ganha um reforço de peso com o Minuto Agro Jornal, na Rádio Capital, dentro do programa Brasil Caminhoneiro! 💚 @richetireporter @capitalcomvoce #brasilcaminhoneiro #rádiocapital #caminhoneiros #agronegócio",31.0,0.0,31.0,21,Tuesday,Evening,276,41,4,2,1,0,-0.6190939493098336,0.7853169308807452,0.7818314824680298,0.6234898018587336,Video
3613675046994679965,15849622,2025-04-18 19:14:16+00:00,"Grand Ole Echo is back and better than ever! 🤠 Check out these amazing artists + more to be announced soon. + ON SALE NOW AT THE ECHO & ECHOPLEX!! 🖤 ⛓️ June 11th - @prettybutwicked Presents: @sofieroyer with @reboundernyc at The Echo ⛓️ June 12th - @wearecouchdog with @bed.band at The Echo ⛓️ June 27th - @yungelita at Echoplex ⛓️ August 2nd - VSLF Presents: @secretattractionmusic with @_trit95, @ghost.days and @stillmusic.band at The Echo ⛓️ February 19th (2026) - @odezenne at The Echo 🎟️🔗 in bio",113.0,5.0,118.0,19,Friday,Evening,501,87,0,11,3,0,-0.9483236552061993,0.31730465640509226,-0.433883739117558,-0.9009688679024191,Carousel
3599296239395135983,200576984,2025-03-29 23:06:09+00:00,‎⁧‫#سوبرجونيور‬⁩ ⁧‫#اسطوره_الكيبوب‬⁩ ⁦‪#SUPERJUNIOR‬⁩ ⁦‪#LeeTeuk‬⁩ ⁦‪#heechul‬⁩ ⁦‪#shindong‬⁩ ⁦‪#ryeowook‬⁩ ⁦‪#hankyung‬⁩ ⁦‪#sungmin‬⁩ ⁦‪#kyuhyun‬⁩ ⁦‪#hyukjae‬⁩ ⁦‪#donghae‬⁩ ⁦‪#zhoumi‬⁩ ⁦‪#yesung‬⁩ ⁦‪#kangin‬⁩ ⁦‪#siwon‬⁩ ⁦‪#kibum‬⁩ ⁦‪#henry‬⁩ ⁦‪#ArabELF‬⁩ ⁦‪‬⁩ ⁦‪#WeWantSJTogether‬⁩ ⁦‪#EverLastingFriends‬⁩,4.0,0.0,4.0,23,Saturday,Evening,306,22,42,0,0,0,-0.23344536385590609,0.9723699203976764,-0.9749279121818236,-0.2225209339563146,Image
3327805289474492245,194245,2024-03-20 09:02:06+00:00,I prefer over-then-under lacing ... he prefers under-then-over 🪡 Nike By @fujiwarahiroshi,6333.0,100.0,6433.0,9,Wednesday,Morning,89,12,0,1,0,0,0.700909264299851,-0.7132504491541815,0.9749279121818236,-0.22252093395631434,Carousel
3758846211798155735,3521669945,2025-11-05 02:23:28+00:00,"AMIRI la marca de lujo con sede en Los Ángeles, se une al FC Barcelona como Official Formalwear Partner. La firma diseñará los trajes oficiales del club, combinando elegancia, estilo y esencia blaugrana. Una colaboración que une moda, deporte y excelencia. 📷 @amiri #sneakerspty",317.0,2.0,319.0,2,Wednesday,Night,278,44,1,1,0,0,0.5842496656374344,0.8115739819650123,0.9749279121818236,-0.22252093395631434,Carousel
3636088306001144557,11678534726,2025-05-19 17:25:25+00:00,"🚨 Accidente en la Ruta Nacional N° 3 🚗 Un Renault Logan volcó en el kilómetro 2956 de la Ruta 3, a la altura del barrio Eco Pueblo. Cuatro personas, incluidos dos menores, fueron trasladadas al Hospital Modular local. Bomberos Voluntarios y Policía Científica trabajan en la investigación. Lee todas nuestras noticias completas en la web www.minutofueguino.com.ar o encontrá el link en las historias ☝️ #Accidente #Tolhuin #Emergencias #MinutoFueguino",96.0,0.0,96.0,17,Monday,Afternoon,451,69,4,0,0,0,-0.9883615104677608,-0.15212338618991628,0.0,1.0,Image
3264268912688436818,7198652836,2023-12-23 17:07:06+00:00,,0.0,0.0,0.0,17,Saturday,Afternoon,0,0,0,0,0,0,-0.9733792584604485,-0.22920039092241418,-0.9749279121818236,-0.2225209339563146,Reel
2466810267993222957,39187525090,2020-12-18 10:18:41+00:00,‘s post☾ ————————— ║follow me for more ║art not mine. ║credit‣ fish.boy ║source‣ Pixiv ————————— {Tag} - #fatestaynight #fategrandorder #fateedit #fate #riderfatestaynight #medusaedit #medusafate #sakuramatou #shinjimatou #archerfate #shirouemiya #artoriapendragon #gilgamesh #illyasviel #magicalsapphire #ereshkigalfate #ishtar #saber #archer #anime #fateseries #fgolegacy,1139.0,3.0,1142.0,10,Friday,Morning,373,39,22,0,0,0,0.4305110968082947,-0.9025852843498609,-0.433883739117558,-0.9009688679024191,Image
3444670815751625462,25032224235,2024-08-28 14:53:02+00:00,Onam collections @sharath_apparels #onam #onamcollections #oonamcollection2024,485.0,16.0,501.0,14,Wednesday,Afternoon,78,6,3,1,0,0,-0.6851829903263591,-0.7283709698824002,0.9749279121818236,-0.22252093395631434,Image
3423978352161580592,1196971401,2024-07-31 01:40:48+00:00,"🛍️Detalles que a todos nos alegran en #origintoys ✨ 📍Tenemos Tienda en Lince, Surco, Magdalena y Jockey Plaza. Si necesitas más info envia un DM 😎 👉¡STOCK LIMITADO!👈 🚴🏻Envíos a todo Lima y provincias ✈️ (Plazo de entrega 24-72 Horas)🕚 ➡️ También puedes recoger en tienda ⏰ Horario de atención: lunes a domingo de 10:00am a 09:00pm 📲 Contáctanos por Inbox o WhatsApp 938 180 225 https://wa.me/message/JMCDHNO3KVITJ1 #lima #peru #funkopop #funkoperu #funkolima #arenales #surco #miraflores #sanisidro #sanmiguel #cusco #arequipa #trujillo #marvel #disney #strangerthings #starwars #godzillavskong #jurassicworld #jurassicpark #bts #dbz #myheroacademia #fnaf #blackpink",5.0,0.0,5.0,1,Wednesday,Night,666,92,26,0,1,0,0.4226182617406994,0.9063077870366499,0.9749279121818236,-0.22252093395631434,Carousel
3558059538522114035,38182856,2025-02-01 01:36:11+00:00,Summer wardrobe moments,203.0,12.0,215.0,1,Saturday,Night,23,3,0,0,0,0,0.40673664307580015,0.9135454576426009,-0.9749279121818236,-0.2225209339563146,Carousel
2999012833225333891,28744963327,2022-12-22 17:30:14+00:00,Quote 👏 of 👏the 👏 day 👏 ! We don't think there is much more we can add onto this. Vivienne Westwood said it first and said it well. Over the winter shopping season remember to take the time and look for garments that are made of good quality if you are choosing to buy something new. Also feel free to check the label to see what materials it is made from because this will also be a good way to check the quality of garment. #thursdayhack #QOTD #viviennewestwood #qualityoverquantity #slowfashion #sustaianblefashion #buyless #makeitlast #sustainablefashion.,66.0,3.0,69.0,17,Thursday,Afternoon,559,95,10,0,1,0,-0.9914448613738104,-0.13052619222005163,0.43388373911755823,-0.900968867902419,Image
3478032173975582282,527985107,2024-10-13 15:36:42+00:00,ultimate fave w @got2b #got2b #got2bstyled #hairproducts #hairgoals #beauty #hairstyle #hairlove #hairtransformation,670.0,9.0,679.0,15,Sunday,Afternoon,116,12,8,1,0,0,-0.8090169943749473,-0.5877852522924732,-0.7818314824680299,0.6234898018587334,Reel
1973640353429041585,7355841139,2019-02-06 23:38:06+00:00,Love this burrito! #RubenSized 🔱 Where do you go when you want a lot of food? 🔹 🔹 🔸 🔸 #FoodChallenge #NightAndDay #EatTilItHurts #Food #Fitness #UCSD #Weightlifting #Bodybuilding #Powerlifting #Crossfit #OCR #Parkour #Motorcycle #Yoga #Hiking #Motivation #Health #FitnessModel #Aesthetic #Calisthenics #SpartanRace #ToughMudder #SanDiego #SoCal #FoodPorn #Fortnite #BikeLife #SanDiegoFitness,120.0,7.0,127.0,23,Wednesday,Evening,391,48,29,0,1,1,-0.09584575252022448,0.9953961983671787,0.9749279121818236,-0.22252093395631434,Carousel
3169479558289694193,1692351275,2023-08-14 22:17:08+00:00,"Howdy Cowboys 🤠 Charlie’s Las Vegas will be hosting Chris and Tre’s 2nd annual underwear auction benefiting Big Horn Rodeo! Come on in this Saturday, August 19th from 5 to 8pm! #BigHornRodeo #NGRA",78.0,0.0,78.0,22,Monday,Evening,196,33,2,0,2,0,-0.4344452574044169,0.900698239322588,0.0,1.0,Image
3621162958534044032,22565971278,2025-04-29 03:11:25+00:00,,250.0,2.0,252.0,3,Tuesday,Night,0,0,0,0,0,0,0.740218127486832,0.672366807434668,0.7818314824680298,0.6234898018587336,Image
3627499490046834473,2091440654,2025-05-07 21:00:00+00:00,"🎉 Aulão Especial de Dia das Mães – Unidade Betânia 💪💜 No sábado, 10/05, a partir das 09h, temos um encontro marcado pra celebrar as mulheres mais fortes que conhecemos! 👟 Aulão com Prof. Emyly & Brunnão 🍓 Mesa de frutas ☕ Café da manhã especial 🎁 Sorteio de brindes exclusivos ⠀ Um momento de saúde, alegria e homenagem às mães que nos inspiram todos os dias! ⠀ 📍 Unidade Betânia – 09h 📍Venha de Rosa ou Branco Leve sua mãe ou venha representar com garra e coração. Vai ser inesquecível! 💐 #betaniabh #Harmoniadocorpo #aulãodiadasmães",30.0,1.0,31.0,21,Wednesday,Evening,534,95,3,0,3,0,-0.7071067811865477,0.7071067811865474,0.9749279121818236,-0.22252093395631434,Image
3211330203032367481,3675216596,2023-10-11 16:06:53+00:00,"Atenção, caros clientes e amigos. Devido ao feriado, dia 12/10, não abriremos. Funcionaremos normalmente sexta-feira e sábado. Tenham todos um excelente feriado. . . . . #gnvstargas #gnv #kitgnv #kit3g #kit5g #ipvareduzido #gasnaturalveicular #convertedora #convetedoragnv #economiadecombustivel #economizarcombustivel #oficina #oficinamecanica #economia #kitgnv5geração #combustivel #diesel #retestedecilindro #requalificacaodecilindro #gasgnv #gnvrj",4.0,0.0,4.0,16,Wednesday,Afternoon,451,47,21,0,0,0,-0.8788171126619653,-0.4771587602596087,0.9749279121818236,-0.22252093395631434,Image
3706848015544023175,526577491,2025-08-25 08:32:23+00:00,Maana Patel awarded with Excellence in Sports at #FeminaAchieversGujarat2025 ✨ @maana.patel @vasant_masala @tadko_the_essential,70.0,4.0,74.0,8,Monday,Morning,127,13,1,3,0,0,0.788010753606722,-0.6156614753256583,0.0,1.0,Image
3740296444575318929,1575178310,2025-10-10 12:08:54+00:00,"MANIFESTAÇÃO ACABA EM AGRESSÃO POLICIAL Moradores do bairro de São Marcos, em Salvador, denunciaram na noite desta quinta-feira (10) uma agressão policial durante uma manifestação. O protesto era motivado pela morte de Caíque dos Santos Reis, que, de acordo com familiares, teria sido assassinado durante uma ação anterior da Polícia Militar no bairro. Vídeos que circulam nas redes sociais mostram o momento em que um policial desfere um tapa que atinge o celular de um morador que estava gravando a ação dos agentes. Outras imagens mostram manifestantes reclamando das agressões enquanto afirmam que apenas buscavam justiça pela morte de Caíque. 📹 Redes Sociais 📲 Saiba mais em Aratuon.com.br #aratuon #notícias #pmba #sãomarcos #agressãopolicial #manifestação #corregedoriapm",133.0,27.0,160.0,12,Friday,Afternoon,778,115,7,0,0,0,-0.034899496702500456,-0.9993908270190958,-0.433883739117558,-0.9009688679024191,Video
3102854865331499203,1918493836,2023-05-15 00:05:45+00:00,"#SuperSizeTheLook @im.angelabassett edition! 👋Proof that we should all own a pink suit!!!👋 Rememer it’s never about who wore it better, that mindset keeps us down! Suit @boohoo Heels @ninewest Photocreds @splashnews",5599.0,72.0,5671.0,0,Monday,Night,215,31,1,4,5,0,0.02181488503456112,0.9997620270799091,0.0,1.0,Image
3473976598409807232,4923045690,2024-10-08 01:18:27+00:00,Nangka madu .. #nangkamadu,145.0,2.0,147.0,1,Tuesday,Night,26,4,1,0,0,0,0.3338068592337709,0.9426414910921784,0.7818314824680298,0.6234898018587336,Video
3646554939966330079,886543709,2025-06-03 04:00:00+00:00,Infrared - 24/25,862.0,19.0,881.0,4,Tuesday,Night,16,3,0,0,0,0,0.8660254037844386,0.5000000000000001,0.7818314824680298,0.6234898018587336,Carousel
2562636857063390951,40043564890,2021-04-29 15:29:00+00:00,The Plan to end Homelessness Part 5 This plan was created by Crisis and more information can be found in their website #homeless #homelessness #slough,3.0,0.0,3.0,15,Thursday,Afternoon,150,25,3,0,0,0,-0.7906895737438433,-0.6122172800344493,0.43388373911755823,-0.900968867902419,Carousel
3628903311248362189,3736842734,2025-05-09 19:30:07+00:00,"De quarta a sábado, das 17h às 20h, o chopp e a caipirinha são em dobro aqui no Empório Ferreira — do jeitinho que o seu fim de tarde merece! Junte os amigos, escolha sua porção favorita e venha brindar com a gente! 📍 Localização: Av. Áurea Maria de Jesus Silva, 336 - Beira Rio I 📲 (12) 98893-6151",6.0,0.0,6.0,19,Friday,Evening,298,59,0,0,2,0,-0.923879532511287,0.38268343236508917,-0.433883739117558,-0.9009688679024191,Image
3664526155820228050,62939656701,2025-06-27 23:06:21+00:00,Saludos de sus amigos Nacho y Jacinto 💪🏻 se viene algo nuevo próximamente 🔥 #losamablesoriginales #chalinosanchez #norteño #oldschool #trendingnow #fyp,728.0,3.0,731.0,23,Friday,Evening,151,20,6,0,0,0,-0.23344536385590609,0.9723699203976764,-0.433883739117558,-0.9009688679024191,Image
3630594048528574179,47912954040,2025-05-12 03:29:18+00:00,"A Nadyr Delícias chegou com uma novidade quentinha (ou congelada, se preferir)! Agora você também encontra salgadinhos de festa — fritos ou congelados, prontos pra deixar qualquer ocasião ainda mais saborosa! Confira os sabores que vão conquistar seu paladar: • Coxinha cremosa • Salsicha empanada • Travesseiro de camarão • Bolinha de queijo • Kibe crocante • E o queridinho: mini churros com aquele toque especial que só a Nadyr Delícias tem! E pra facilitar ainda mais, temos o nosso nhoque caseiro — é só colocar o molho e tá pronto pra servir! Ah, e claro: nossos bolos, tortas e docinhos continuam disponíveis. Lembre-se de fazer o pedido com no mínimo 72h de antecedência. Faça sua encomenda e leve mais sabor pra sua festa ou aquele momento especial",7.0,0.0,7.0,3,Monday,Night,757,128,0,0,4,0,0.7906895737438433,0.6122172800344493,0.0,1.0,Carousel
3583715737399340932,3072787472,2025-03-08 11:10:28+00:00,Sohool Alatlas as your dreams ✨ #تصميم #ديكور #ديكورات #سلطنة_عمان #مسقط #تصميم_داخلي #الخوض #سهول_الأطلس #interiordesign #design #3dmax #landscape #explore #modern_design #lauxary #decoration #trend,7.0,5.0,12.0,11,Saturday,Morning,199,23,17,0,0,0,0.21643961393810318,-0.9762960071199333,-0.9749279121818236,-0.2225209339563146,Carousel
3583095427983720288,5703000875,2025-03-07 14:38:02+00:00,#DeepikaWildFireJourney #DeepikaDanceIkon2Journey #DeepikaXDanceIkon2,1510.0,35.0,1545.0,14,Friday,Afternoon,69,3,3,0,0,0,-0.6360782202777636,-0.7716245833877202,-0.433883739117558,-0.9009688679024191,Image
3639035248194873164,60597262525,2025-05-23 19:00:13+00:00,"Simplesmente Lindinho 💙✨ 📌Preço: 29,99 + Frete Mede: 48×57cm #crochedaray #crochê #crochet #crocheterapia #crochetando #tapetedecroche #tapetedecrochet #tapetedebarbante #tapeteeconomico",393.0,16.0,409.0,19,Friday,Evening,186,18,9,0,0,0,-0.9659258262890684,0.2588190451025203,-0.433883739117558,-0.9009688679024191,Image
3633778808000546306,5407761095,2025-05-16 12:56:51+00:00,🔴🔵Estudiantes toman la Universidad de Ingeniería (UNI) exigiendo la renuncia de la rectora Shirley Chilet. Alumnos acusan vulneración de la autonomía universitaria por parte de Sunedu. 🌐 Más información en: http://exitosanoticias.pe,555.0,78.0,633.0,12,Friday,Afternoon,232,31,0,0,0,0,-0.24192189559966792,-0.9702957262759965,-0.433883739117558,-0.9009688679024191,Image
3105127356779336862,302382872,2023-05-18 03:21:07+00:00,"The Grand Mosque of Paris, also known as the Great Mosque of Paris is a #historic spectacle of architectural grandeur 😍 Renowned for its #historical significance, when the Nazis occupied Paris, no Jew was safe from arrest and deportation. Yet during that perilous time, many Jews found refuge in an unlikely place—the sprawling complex of the Grand Mosque of Paris. Not just a place of worship but a community center, this hive of activity was an ideal temporary hiding place for escaped prisoners of war and Jews of all ages, especially children. 🙌🏻 📍 Le Grande Mosque, Paris. 🎥 @arabnews #paris #muslims #architecture #grandmosque",548.0,4.0,552.0,3,Thursday,Night,632,104,6,1,0,0,0.7688418320734596,0.6394390019805847,0.43388373911755823,-0.900968867902419,Reel
2760474356061007879,11287450734,2022-01-27 14:45:49+00:00,"My new Acrylic nails done at @glambar.qatar 😍💙🤍 ⏰ Saturday-wendesday: 10am-10pm Thursday: 10am-11pm 4 Friday: 1pm-11pm 📞 44887244 📍 @dohafestcity Loved the professional service and the friendly staff ☺️ @glambar.qatar Beauty Lounge has recently launched a new exclusive hair brand, BALMAIN Hair Couture and its the only salon in Qatar where @balmainhaircouture_me treatments and products are available. Especially loved the @balmainhaircouture_me hair treatments in @glambar.qatar 🙌🏻😍 It’s damn good 👌🏻 . . . . . . . . . . . . . . #glambarqatar #nails #nailsart #nailart #nailsdesigns #qatarblogger #qatarbloggers #qatarbeautyblogger #qatarliving #iloveqatar #qatarsalon #qatarsalons #qatarexpat #qatarexpats #qatarnails #qatarnailsalon #qatargirls #fakenails #beautyblog #qatarnew #abstractnails #nailextension #acrylicnails #nailreel #nailartreel #nailsdesign #nailsreels #dohafestivalcity #nailsofinstagram #bluenails #acrylicnails",260.0,35.0,295.0,14,Thursday,Afternoon,934,115,30,6,0,0,-0.6593458151000688,-0.7518398074789775,0.43388373911755823,-0.900968867902419,Video
3060070065444643403,19788230803,2023-03-16 23:20:00+00:00,@mohamedinjexx,7310.0,9.0,7319.0,23,Thursday,Evening,14,1,0,1,0,0,-0.1736481776669304,0.984807753012208,0.43388373911755823,-0.900968867902419,Image
2720600672440515189,2029247370,2021-12-03 14:17:25+00:00,"No ano que tivemos que superar muitas adversidades, também foi ano de implementar novos projetos que causassem impacto e promovessem mudança na vida das pessoas. E o Entre Elas foi um desses projetos! Quando muito se discutia sobre a falta de acesso a produtos básicos de higiene pessoal para as meninas e mulheres de baixa renda, em São Vicente era criamos o 'Entre Elas', justamente para ajudar e dar mais dignidade para elas! Secretaria de Saúde, Educação, Desenvolvimento Social, Comunicação e o Fundo Social, todos envolvidos juntos da comunidade vicentina para arrecadar absorventes para as meninas das nossas escolas e para promover encontros para debatermos juntos um tema tão importante como é a pobreza menstrual. Eu, como homem, me emocionei em um desses encontros ao ouvir alguns relatos e saber o quanto o projeto ajudou na vida dessas meninas, e que bom que a gente teve a oportunidade de trazer um tema tão importante e debater dentro das nossas escolas. É entre elas, para elas, por todas elas! ❤️",256.0,20.0,276.0,14,Friday,Afternoon,1013,169,0,0,3,0,-0.5628049276950682,-0.8265897491271889,-0.433883739117558,-0.9009688679024191,Video
3628825725213279503,9958847098,2025-05-09 16:55:58+00:00,"""Arsenal"" Saliba ilə danışıqlara başlayıb. Futbolçu hazırda olduğu yerdə xoşbəxtdir, amma yeni müqavilə imzalanacaqsa şərtlərə ""Real Madrid""i də əlavə etmək istəyir. [@David_Ornstein] #rmaze",402.0,2.0,404.0,16,Friday,Afternoon,190,23,1,1,0,0,-0.9600498543859286,-0.27982901403099236,-0.433883739117558,-0.9009688679024191,Image
2982049832593400991,1109428285,2022-11-29 07:47:43+00:00,Had the pleasure to dress up @falguninayar & @adwaitanayar for a Roka ceremony! @mynykaa @nykaapro @nykaabeauty @nykaafashion #naturalhair #naturalmakeup #nuetrals #neutraltones #timeless #classy #nofilter #noedit #komalgulati,1224.0,2.0,1226.0,7,Tuesday,Morning,226,26,9,6,1,0,0.8929789434111371,-0.4500984410374348,0.7818314824680298,0.6234898018587336,Carousel
3636460304814891084,45443849424,2025-05-20 05:44:31+00:00,"🧡Golden British shorthair babies ~🧡 Not just pretty, cute, and sweet..... These babies are pure charm and heart-melting fluff! #goldenbritishshorthair #goldenkittens #britishshorthaircats #bsh #kittens #sydneycats",30.0,1.0,31.0,5,Tuesday,Night,213,25,6,0,1,0,0.9975640502598242,0.06975647374412546,0.7818314824680298,0.6234898018587336,Carousel
3395134211490889553,49057343196,2024-06-21 06:32:39+00:00,. . . . . . . #digital #digitalart #fanart #illustrator #illustration #animeart #anime #fantasy #fantasyart #beautiful #ia #ai #aiart #aiartcommunity #aiartwork #aiartist #manga #dalle3 #photoshop #photoshopedit #magical #magicalcreatures #epic #epicfantasy #naturemagic #fantasyillustration #mystic #magicalmoments #magic #crocodile,17.0,1.0,18.0,6,Friday,Morning,333,37,30,0,0,0,0.9902680687415704,-0.13917310096006535,-0.433883739117558,-0.9009688679024191,Carousel
3364473637071202755,3958573679,2024-05-09 23:15:33+00:00,Do not complain beneath the stars about the lack of bright spots in your life✨💫🌌 #mobilephotography #photography_of_india #world_photography_hub #worldphotography #photooftheday #naturephotography #f4fofficial #picoftheday #indiaphotoproject #ilovelandscapes #travelphotography #travel #vsco #pixiecut #enticing_gallery #streetphotography #moodygrams #teampixel #trending #mobigrapher #landsape #naturephotos #india_pixelz #photography #india #indiaphotography #love #Thunderstorm #naturephotography,1.0,0.0,1.0,23,Thursday,Evening,499,44,28,0,0,0,-0.19509032201612872,0.9807852804032303,0.43388373911755823,-0.900968867902419,Carousel
3624820275105600797,12751218430,2025-05-04 04:17:51+00:00,,4.0,0.0,4.0,4,Sunday,Night,0,0,0,0,0,0,0.9006982393225879,0.43444525740441714,-0.7818314824680299,0.6234898018587334,Carousel
3624544639065482870,11353180657,2025-05-03 19:10:13+00:00,😮‍💨,358.0,3.0,361.0,19,Saturday,Evening,3,1,0,0,0,0,-0.9537169507482268,0.30070579950427345,-0.9749279121818236,-0.2225209339563146,Image
419463730156398351,12577168,2013-03-25 15:06:34+00:00,"At a shoot for a new campaign a while ago with #OverTheMoon's Tates Ocampo! Based on the hair, make up, and dress, can you guess what its for? ☺",2674.0,29.0,2703.0,15,Monday,Afternoon,144,29,2,0,1,1,-0.7253743710122873,-0.6883545756937544,0.0,1.0,Image
3651226883312722835,5681434528,2025-06-09 14:43:04+00:00,,0.0,0.0,0.0,14,Monday,Afternoon,0,0,0,0,0,0,-0.6527597524627221,-0.7575649843840498,0.0,1.0,Image
3601425442784397863,6261575,2025-04-01 21:36:30+00:00,... y quienes pescan los martes! 🎣🐟,30.0,1.0,31.0,21,Tuesday,Evening,35,7,0,0,1,0,-0.5877852522924734,0.8090169943749473,0.7818314824680298,0.6234898018587336,Image
2477605403339233053,7570044352,2021-01-02 07:46:47+00:00,Barehipani Waterfall live Scene #similipal #barehipani,96.0,0.0,96.0,7,Saturday,Morning,54,6,2,0,0,0,0.894934361602025,-0.4461978131098088,-0.9749279121818236,-0.2225209339563146,Video
3785123581966661267,78438480096,2025-12-11 08:31:54+00:00,"Recent little Air BnB flip done and dusted 🪄✨ restock, bedding, floors, fridge reset, and lawns! (Even if it means squeezing them in just before going out for lunch 😝) #dedicated #doneanddusted #airbnbclean #airbnb",2.0,1.0,3.0,8,Thursday,Morning,214,34,4,0,1,0,0.7906895737438432,-0.6122172800344494,0.43388373911755823,-0.900968867902419,Carousel
3730538024267512430,3974986796,2025-09-27 01:00:09+00:00,"網民都睇唔過眼! 不少人都鍾意影相拍片紀錄生活,部分人更將影片上傳至社交平台與他人分享。但如果拍片為了流量而整蠱人,確實容易引起爭議。近日有網民就發現兩名港女故意拍片嚇醒保安伯伯,更自以為有趣大肆share,引來大批網民鬧爆! 由這段受爭議的影片可見,兩名港女正「玩遊戲」,二人先猜包剪揼決定誰人需要接受「懲罰」,第一輪「輸咗去同個瞓着咗嘅看更影相」,惟「影相嗰陣同個看更隔九仗遠」,因此出現第二輪懲罰,「大力拍落道閘叫醒個看更」。有網民發現後,即時轉載相關影片以示不滿。 兩名港女在影片中笑得好開心,但網民就睇唔過眼,怒斥「呢啲人到底咩心態?」、「拍個鐵閘嚇到個阿伯」、「然後仲笑得咁開心,post出嚟以為自己好搞笑?」,更揚言「要玩都唔應該玩呢啲嘢囉」。 除了轉載的網民,其他人亦留言表示片中人「心地又差又無腦」、「又係啲bully完人話『玩下咋嘛』嗰啲人」。片主事後亦有現身回應,坦言「喺呢度想為我同朋友幼稚及衝動嘅行為道歉,我哋當時冇諗後果,因為貪玩去做啲有機會發生危險嘅事」,又承諾「之後會注意好一言一行,並會喺颱風後去返現場搵看更叔叔道歉」。 #港女 #保安 #整蠱 #life730 #am730",920.0,38.0,958.0,1,Saturday,Night,505,10,5,0,2,2,0.25881904510252074,0.9659258262890683,-0.9749279121818236,-0.2225209339563146,Carousel
3620315985713567950,6309068892,2025-04-27 23:08:38+00:00,iyi geceler yyk ailesi ✨,416.0,0.0,416.0,23,Sunday,Evening,24,5,0,0,0,0,-0.22495105434386534,0.9743700647852351,-0.7818314824680299,0.6234898018587334,Image
2464736096140082509,30380795803,2020-12-15 13:37:40+00:00,This is how happy herbal tea and sunshine make me. ☕️☀️ 📸 @nxsh #tea #sunshine #happiness #birthworker #postnataldoula #doulasofcolour #blackdoula,54.0,4.0,58.0,13,Tuesday,Afternoon,146,20,7,1,0,0,-0.410718852613477,-0.9117620435770887,0.7818314824680298,0.6234898018587336,Image
3491095280332915724,50312274965,2024-10-31 16:15:41+00:00,Prem ke diyara 🙃🪔,136291.0,515.0,136806.0,16,Thursday,Afternoon,17,4,0,0,0,0,-0.8968727415326883,-0.44228869021900136,0.43388373911755823,-0.900968867902419,Reel
3648443873497844003,2094617458,2025-06-05 18:35:58+00:00,"No weights? No problem. 💪 You can build serious upper body strength *without a single dumbbell.* Try this no-equipment circuit: ➡️ T’s, Y’s, W’s – great for posture & upper back ➡️ Inchworms – chest, shoulders, AND wrists ➡️ Plank Walk-Ups – total shoulder burner ➡️ Pike Overhead Presses – your shoulders will *feel* this one 🔥 Do 2 or 3 sets of 5–6 reps each and let me know how it goes! 💬 Perfect for home workouts, travel days, or when you’re short on time. ... #beginnerfriendly #upperbodyworkout #bodyweightonly #fitover40 #fitover50 #fitover60 #menopausefitness #agingstrong #menopause #healthyaging #reels #foryou #foryourpage",462.0,10.0,472.0,18,Thursday,Evening,634,100,13,0,1,1,-0.9883615104677609,0.15212338618991592,0.43388373911755823,-0.900968867902419,Reel
3489877732157813189,6064260739,2024-10-29 23:51:06+00:00,LINK PRODUK DI BIO NO. 1123 Kepoin harganya yuk! Mimin kasih tau ya bund cara cek harga nya silahkan simak baik baik👇👇 Caranya: 1. Ke profil 2. Klik 👉 https://mycollection.shop/katalogproduk (warna biru) 3. Pilih produk pilih No 1123 Masih bingung?? Silahkan komen aja nanti Mimin kirim alamat shoppe nya lewat DM ya..atau langsung cek di SOROTAN Jangan lupa lihat profil masih banyak produk menarik lho😍😍 ➖➖➖HAPPY SHOPPING,52.0,0.0,52.0,23,Tuesday,Evening,423,67,0,0,1,2,-0.03925981575906819,0.9992290362407229,0.7818314824680298,0.6234898018587336,Carousel
3414066820723462571,64058979146,2024-07-17 09:28:21+00:00,#flowerphotography #flowers #nature #flower #naturephotography #flowerstagram #flowersofinstagram #photography #macro #flowerpower #naturelovers #photooftheday #garden #flowerlovers #macrophotography #perfection #beautiful #plants #photo #love #mobilephotography #ig #gardening #floweroftheday #flowermagic #naturelover #instagood #floral #flowerslovers #flowerlovers,24.0,5.0,29.0,9,Wednesday,Morning,367,30,29,0,0,0,0.6156614753256584,-0.7880107536067219,0.9749279121818236,-0.22252093395631434,Image
3424026113347641005,635456678,2024-07-31 03:15:42+00:00,"BIDADARI DUNIA Anak tempua bermain-main, Singgah di atas pohon berduri, Cantik mana pun orang lain, Cantik lagi isteri sendiri Dipetik-petik daun selasih, Diletak sebelah daun permata, Sedangkan sakit kita berkasih, Selepas pulih bertambah cinta Setiap perkara dimula Bismillah, Agar hidup tetap terjaga, Semoga kita disatukan ALLAH, Hidup bersama di dalam Syurga Aamiin YA RABB🤲🏻 Terima kasih Kak @hanimsaleh @beritahariansg yang sentiasa berusaha mengongsi maklumat berguna untuk menggalak masyarakat cemerlang. Semoga ALLAH tambah kasih kita sebagai umat di sini dan di sana. Rabu 31/07/2024 / 25 Muharram 1446H #PraiseYourSpouseToday #LifeLessonsSuhaimiYusof",359.0,10.0,369.0,3,Wednesday,Night,662,89,2,2,0,0,0.7518398074789774,0.6593458151000688,0.9749279121818236,-0.22252093395631434,Carousel
2431281678091817436,682246434,2020-10-30 09:51:12+00:00,"[공동구매•협찬•광고] 꿀잠 입욕제 메디솔트 베이비 스파 공구중이예요✨ 설명하지 않아도 많이들 알고 계시는 꿀잠 입욕제랍니다ᄒᄒ 오랫동안 유럽에서 베스솔트로 사용되어온 안전한 천연엠솜솔트와 천연 에센셜 오일로만 구성된 입욕제이며, 피부에 안전하고 부작용이 없어요! 메디솔트 베이비 스파에는 합성 계면활성제가 들어가지 않아서 거품이 따로 나지 않아요~ 거품은 바디워시로 보글보글 만들어 주셔도 된답니다🙂 건조한 피부에 진정효과와 근육 긴장을 완화 시켜주는데 도움을 주어 꿀잠을 자도록 도움을 줘요💙 👶🏻갓난 아기부터 👧🏻👦🏻초등학생도 Ok ⠀⠀⠀⠀⠀⠀ : 1박스 10개입, 1만원대예요 : 내일 31일 자정마감 이예요 : 구매는 프로필 링크로 들어오시면 되요",95.0,4.0,99.0,9,Friday,Morning,367,79,0,0,1,0,0.5336145159156117,-0.8457278217039732,-0.433883739117558,-0.9009688679024191,Reel
3656435517826144166,5575080313,2025-06-16 19:11:42+00:00,Chá Revelação 💕 Menina Ou Menino 🤩 ??????????? Disponível Nosso Catálogo 🎈,8.0,0.0,8.0,19,Monday,Evening,74,12,0,0,0,11,-0.9523957996432784,0.3048642990280109,0.0,1.0,Image
3541648821694657892,16241598030,2025-01-09 10:11:25+00:00,#Ad Sun damage got you down? ☀ Lakme’s Tinted SPF 50 Sunscreen not only protects against further pigmentation but also covers up uneven skin tone. Say goodbye to dark spots and hello to a more radiant complexion! #lakmesunexpert #Lakmesun #sunscreen #suncare #sunscreenforoilyskin #glowsunscreen #Suntan #Lakmesunscreen #ad #bestsunscreen #explorepage #lakme#lakmefashionweek #viralproducts #viralreels,178.0,34.0,212.0,10,Thursday,Morning,402,51,15,0,1,1,0.457873915116957,-0.8890171414857363,0.43388373911755823,-0.900968867902419,Reel
3695065037804432284,4771013472,2025-08-09 02:21:39+00:00,ஆக.15ல் புதினுடன் சந்திப்பு- டிரம்ப் தகவல்... #PutinVladimir #Trump #America #Russia,1188.0,7.0,1195.0,2,Saturday,Night,84,9,4,0,0,0,0.5771451900372336,0.8166415551616789,-0.9749279121818236,-0.2225209339563146,Image
3555719810116354709,8280895,2025-01-28 20:07:34+00:00,@dbook with his @usabasketball @olympics championship ring. 📸 @barrygossagephoto,246.0,2.0,248.0,20,Tuesday,Evening,80,9,0,4,0,0,-0.8503522249955628,0.5262139236518695,0.7818314824680298,0.6234898018587336,Image
3637451358120107735,36175655,2025-05-21 14:33:33+00:00,"Alguna chica que le gusten las redes sociales, hacer live, alguien con muchas ganas de trabajar? Bellisima Fashion Boutique te está buscando!",5.0,0.0,5.0,14,Wednesday,Afternoon,141,22,0,0,1,1,-0.6190939493098341,-0.7853169308807448,0.9749279121818236,-0.22252093395631434,Image
3704536687196241145,2475225590,2025-08-22 04:00:08+00:00,#MarketeerOnline 🔴 GON BUFFET เพื่อทุก GEN มากกว่าบุฟเฟต์ คือ “มื้อครอบครัวที่อบอุ่น” กลยุทธ์ที่ทําให้แบรนด์ครองใจคนไทย . เปิดศักราช 2568 มา สมรภูมิร้านอาหาร ไม่ว่าจะปิ้งย่าง ชาบู หรือสุกี้ ถือว่าดุเดือดเป็นอย่างมาก แต่ละแบรนด์ต่างชูเรื่องของ “ราคา” และ “ความคุ้ม” มาห้ําหั่นกันอย่างเต็มที่ . แต่ท่ามกลางเสียงเชียร์ของโปรโมชันลด แลก แจก แถม มีแบรนด์หนึ่งกลับเลือกยืนในจุดที่แตกต่างอย่างมั่นใจ นั่นคือ “บาร์บีคิวพลาซ่า” ผู้คร่ําหวอดในตลาดมากว่า 38 ปี หรือสัญลักษณ์ของร้านอย่าง “พี่ GON” ที่คนไทยคุ้นเคยกันดี . เพราะสําหรับบาร์บีคิวพลาซ่า “บุฟเฟต์” ไม่ใช่แค่เกมราคา แต่คือ Branding Strategy ที่ออกแบบอย่างตั้งใจ เพื่อสะท้อนตัวตนของแบรนด์ที่เป็น “มื้อของครอบครัว” อย่างแท้จริง และแคมเปญล่าสุด “GON BUFFET ตั้งเตารอ คุ้มตาแตก” ก็ได้กลายเป็นหมากกลยุทธ์ที่พิสูจน์ให้เห็นว่า หากแบรนด์เข้าใจลูกค้าจริง ๆ ก็สามารถสร้างความหมายใหม่ให้กับคําว่าบุฟเฟต์ได้ . อ่านเบทความฉบับเต็มกดลิงค์ใน Bio @marketeeronline.co . #BarBQPlaza #บาร์บีคิวพลาซ่า #GONBUFFET #ตั้งเตารอคุ้มตาแตก #GONBUFFETคุ้มตาแตก,12.0,0.0,12.0,4,Friday,Night,980,69,9,1,0,0,0.8660254037844386,0.5000000000000001,-0.433883739117558,-0.9009688679024191,Image
1664052437738220623,5587094654,2017-12-06 20:02:10+00:00,"Ich habe mir gestern spontan die Haare gefärbt. Ich weiß nicht wirklich warum aber naja irgendwie wollte ich mich verändern. Eigentlich wollte ich sie mir lila färben, hat nicht wirklich funktioniert, sie sind eher orange-rot-pink geworden. Aber ich finds trotzdem cool • ~von Hopeless, der Wechselbaren • • • • Ignorieren: #depression #ritzen #selbstverletzung #Suizid #selbstmord #traurig #leiden #Fehler #Tod #Lügen #Innerlichtod #Hass #selbsthass #Kalt #versagen #allein #Sprüche #depriSprüche #SVV",71.0,0.0,71.0,20,Wednesday,Evening,502,70,19,0,0,0,-0.8616291604415255,0.5075383629607045,0.9749279121818236,-0.22252093395631434,Image
3634354205784125241,1785074931,2025-05-17 08:00:07+00:00,The Best Makeup for Older Women with Tricia 💄 Join Tricia as she demonstrates the makeup essentials that truly work for older skin... 🎥 Watch now via link in bio,30.0,0.0,30.0,8,Saturday,Morning,161,30,0,0,0,0,0.8660254037844387,-0.4999999999999998,-0.9749279121818236,-0.2225209339563146,Image
2375685155219969522,4485758524,2020-08-14 16:50:27+00:00,“If you’re happy & you know it wag your tail.” 💕This is Luna 🌙 girl & she’s gorgeous. 😬,37.0,2.0,39.0,16,Friday,Afternoon,87,19,0,0,0,0,-0.9537169507482267,-0.3007057995042738,-0.433883739117558,-0.9009688679024191,Video
3572908930950496989,476256616,2025-02-21 13:19:17+00:00,"El PP de Castellar ha fet un comunicat per recordar que des de fa tres mesos que es va cremar una part del Castell recreatiu a la plaça de la Fàbrica Nova encara no s’ha substituït el joc. La presidenta local dels populars, Alicia Garcia, ha qualificat aquest fet de “deixadesa” per part del consistori. En aquest sentit, des de l’Ajuntament responen que encara hi ha tràmits pendents amb l’asseguradora que cobreix aquest tipus d’incidents i, per tant, de moment no es pot intervenir en la reposició del joc incendiat. Val a dir que la despesa que comporta instal·lar novament el Castell malmès ronda els 70.000 euros, assenyalen des de l’Ajuntament i, per tant, caldrà esperar a veure com es resol la qüestió amb l’asseguradora.",140.0,9.0,149.0,13,Friday,Afternoon,730,125,0,0,0,0,-0.3379167180033272,-0.9411760152563705,-0.433883739117558,-0.9009688679024191,Image
3682366124272550722,2410235212,2025-07-22 13:51:11+00:00,🫧🫧🫧,406.0,62.0,468.0,13,Tuesday,Afternoon,3,1,0,0,0,0,-0.46561452032511097,-0.8849876374630421,0.7818314824680298,0.6234898018587336,Carousel
3689030348285835217,2214689013,2025-08-01 00:30:12+00:00,ついに本日より​ #GalaxyZFold7 #GalaxyZFlip7​ が発売開始です📣 ​ 初めて Galaxy Z Fold7 に触れた、成田凌 @_ryonarita_ さんのリアクションをいち早く公開👀 一見普通のスマホなのに、開くと広がる大画面に感動😮 皆さんは大画面をどんな風に使いますか?✨ #UltraスペックならGalaxy をつけて教えてくださいね! #折りたたみスマホならGalaxy #GalaxyAI​ #Samsung #Galaxy,353.0,1.0,354.0,0,Friday,Night,233,20,9,1,1,1,0.13052619222005157,0.9914448613738104,-0.433883739117558,-0.9009688679024191,Video
3637717826074397928,270245106,2025-05-21 23:22:59+00:00,"Hoy, conmemoramos no solo la abolición de la esclavitud en 1851, sino también la resistencia, la cultura y el legado de las comunidades afrodescendientes en Colombia. Desde la -ANT- reafirmamos nuestro compromiso en garantizar la identidad, justicia social y el reconocimiento de derechos territoriales. #DíadelaAfrocolombianidad",78.0,4.0,82.0,23,Wednesday,Evening,329,45,1,0,0,0,-0.16504760586067735,0.9862856015372314,0.9749279121818236,-0.22252093395631434,Carousel
3435290461047158210,50806425550,2024-08-15 04:15:09+00:00,No.5 of the drawing challenge. This one was a fun one lol ° ° ° ° ° ° ° ° #art #artist #digitalart #digitalartist #oc #painting #digitalpainting #cartoon #anime #animeart #design #graphicdesign #goodvibes #artsy #artistic #mib #mobpsycho100 #reigan #reiganarataka #reiganfanart,1.0,1.0,2.0,4,Thursday,Night,277,40,20,0,0,0,0.8968727415326884,0.44228869021900125,0.43388373911755823,-0.900968867902419,Image
3605781440761798090,1114313811,2025-04-07 21:51:05+00:00,⚡️ ⚡️,1235.0,12.0,1247.0,21,Monday,Evening,5,2,0,0,0,0,-0.5336145159156106,0.8457278217039738,0.0,1.0,Carousel
3628164409048400798,7692198545,2025-05-08 19:02:03+00:00,"These beautiful hanging rattan baskets are ideal for showcasing your trailing or hanging plants, adding that warm and earthy charm to any space. They provide a natural, stylish home for your greenery, both indoors and outdoors. 🪴Available in plain and green",3.0,0.0,3.0,19,Thursday,Evening,257,41,0,0,0,0,-0.9636304532086231,0.26723837607825673,0.43388373911755823,-0.900968867902419,Image
3388495618216937723,49230901763,2024-06-12 02:42:57+00:00,जाटव💪😎 duniya da kam badnam karna hai 👿🖕 #photoshoot #photography #photo #followers #followforfollowback #follow #instagram #instalike #india,66.0,0.0,66.0,2,Wednesday,Night,141,17,9,0,0,0,0.6494480483301837,0.7604059656000309,0.9749279121818236,-0.22252093395631434,Image
3611500453997977822,48372204953,2025-04-15 19:13:45+00:00,Pov: you found your new favorites salon & booked your next appointment ✨🐚🌊🥥 Using: @acenail.official - BIAB Cream #pinterestinspo#biab#pinterestnails#thenailcompanyldn#nailinspo#nailofinstagram#3Dflowernails#summernails#beach#summervibes,61.0,4.0,65.0,19,Tuesday,Evening,237,19,2,1,0,0,-0.9496991262018771,0.3131638064837491,0.7818314824680298,0.6234898018587336,Carousel
3774881507849658473,1796078596,2025-11-27 05:22:44+00:00,MR. & MRS. ALONTE 🤍💍♾️,826.0,3.0,829.0,5,Thursday,Night,22,5,0,0,0,0,0.9862856015372313,0.16504760586067782,0.43388373911755823,-0.900968867902419,Carousel
2468551036040965595,14349415,2020-12-20 20:01:54+00:00,Check out this side-by-side comparison of clamp curls vs wand curls.⁣ ⁣ I personally love both depending on the look I’m going for. Play around with both types of curls and let me know which style is your favorite!⁣ ⁣ 💕 #omgartistry,1112.0,57.0,1169.0,20,Sunday,Evening,232,42,1,0,1,0,-0.8638355052043958,0.5037739770455262,-0.7818314824680299,0.6234898018587334,Video
1477700378878541617,338805106,2017-03-24 17:13:54+00:00,Vrijdagmiddag met @leeeentje_78 #lekker #wijntjeerbij #friends #weekend,18.0,0.0,18.0,17,Friday,Afternoon,71,7,4,1,0,0,-0.9790454724845837,-0.2036417511401782,-0.433883739117558,-0.9009688679024191,Image
3645848551789527860,8063784715,2025-06-02 04:37:17+00:00,"Gentle Reminder!! (Haircare, shampoo, frizzy hair, trendingnow)",21.0,0.0,21.0,4,Monday,Night,63,7,0,0,2,0,0.9351352096860117,0.3542910379977158,0.0,1.0,Image
3513370655699418352,8568744210,2024-12-01 09:47:21+00:00,. バラつく小型LEDランタンケースに このランタンケースがめっちゃおすすめ🔦 ▶︎ @thouswinds_amazon.jp セミハードタイプの収納ケースで ライトがすっぽり入る5つのゴムバンドと メッシュポケットがついた シンプルやけど多機能なケース💼✨ 我が家はこの小型LEDランタン5つと ハイパワーのルーメナー1つ あとオイルランタンの計7個を持って行くようにしてます🤲 みんなはランタン何個ぐらい持って行ってるの🐕? 我が家より多い?少ない?? 質問BOXで教えてね📮✨ . . .,485.0,10.0,495.0,9,Sunday,Morning,248,18,0,1,0,4,0.5482932295199138,-0.8362861558477596,-0.7818314824680299,0.6234898018587334,Carousel
3769274178927682071,14801027293,2025-11-19 11:41:58+00:00,2025.11.16(SUN.) WONDERLIVET2025 at KINTEX 감사합니다!! 언젠가 한국에서 단독 콘서트를 하고 싶습니다!! 또 만날 수 있는 날까지...!! <SETLIST👾🎧> 1. Welcome to the Penthouse 2. Taxi to the Moon 3. 一難 4. ...恋に落ちたら 5. Planetary 6. 隣の恋は青 7. ナンセンス 8. 我愛你 @wonderlivet #Penthouse #펜트하우스 #WONDERLIVET2025,3372.0,73.0,3445.0,11,Wednesday,Morning,261,43,3,1,6,0,0.08280820751220419,-0.9965655024977614,0.9749279121818236,-0.22252093395631434,Carousel
3611501595041456981,3192399287,2025-04-15 19:16:01+00:00,تبين عطر فخم، هادي، ملفت بيانو هو اختيارك .. اطلبيه الآن. #عطر #السعودية,3.0,0.0,3.0,19,Tuesday,Evening,72,13,2,0,0,0,-0.945518575599317,0.3255681544571563,0.7818314824680298,0.6234898018587336,Image
1393005626029211423,1505164317,2016-11-27 20:40:32+00:00,Baby #Nomünomü first studio visit! Max approves! #dog #twins #baby #contemporaryart,107.0,3.0,110.0,20,Sunday,Evening,83,11,5,0,2,0,-0.7660444431189781,0.6427876096865393,-0.7818314824680299,0.6234898018587334,Image
3643184023561214210,20930533,2025-05-29 12:23:20+00:00,2025 ... the sexiest year yet,21693.0,178.0,21871.0,12,Thursday,Afternoon,29,6,0,0,0,0,-0.10018806161207613,-0.9949685182509117,0.43388373911755823,-0.900968867902419,Carousel
3724392655892986671,49575297510,2025-09-18 14:00:23+00:00,"⚖️ Informação confiável para decisões seguras. O SINDIMETAL RS disponibiliza em seu site informativos jurídicos atualizados, com análises e orientações práticas sobre temas trabalhistas e tributários, que impactam diretamente a gestão das empresas associadas e filiadas. ✔ Conteúdo elaborado pelas assessorias jurídicas do sindicato ✔ Acesso simples e direto no site ✔ Atualizações constantes, com foco no que realmente importa para a indústria 🔗 Acesse em nossa Bio. #InformativosJurídicos #SINDIMETALRS #SegurançaJurídica #Associativismo #IndustriaRS #Representatividade",3.0,0.0,3.0,14,Thursday,Afternoon,572,74,6,0,0,0,-0.4999999999999997,-0.8660254037844388,0.43388373911755823,-0.900968867902419,Image
3217030253133509155,1213847310,2023-10-19 12:51:52+00:00,"Un sogno non diventa realtà con una magia; ci vuole sudore, determinazione e lavoro duro💪🏻❤️##motivazionali #motivazione #crescitapersonale #mindset #ispirazione #motivation #frasi #vita #like #riflessione #bhfyp #filosofia #instalike #formazioneprimaria #crescitainstagram #immagini #likeforlikes #deep #frasiprofonde#",229.0,4.0,233.0,12,Thursday,Afternoon,319,33,20,0,0,0,-0.22069743502150088,-0.9753423205085128,0.43388373911755823,-0.900968867902419,Image
3486651116315564444,25387498506,2024-10-25 13:00:24+00:00,"Na agricultura, os agricultores estão usando cada vez mais ferramentas alimentadas por IA para enfrentar desafios que ameaçam a saúde humana, o meio ambiente e a segurança alimentar. Os pesquisadores preveem que o mercado para essas ferramentas atingirá US$12 bilhões até 2032. Leia mais no link na bio: https://bit.ly/3UecxlA #SEEDnews #revistaseednews",36.0,0.0,36.0,13,Friday,Afternoon,353,51,2,0,0,0,-0.2588190451025208,-0.9659258262890683,-0.433883739117558,-0.9009688679024191,Image
3487216470041343884,330958525,2024-10-26 07:43:39+00:00,ขอบพระคุณออเดอร์ประจํา สั่งพรีออเดอร์ไว้ตั้งแต่รอบที่แล้ว ของถึงไทยแล้วจัดส่งของให้วันนี้ค่ะ,0.0,0.0,0.0,7,Saturday,Morning,92,3,0,0,0,0,0.9006982393225879,-0.43444525740441703,-0.9749279121818236,-0.2225209339563146,Image
3659870394021876804,44295841392,2025-06-21 12:56:11+00:00,Beautiful sunset 🥰💫💥,56.0,3.0,59.0,12,Saturday,Afternoon,20,3,0,0,0,0,-0.24192189559966792,-0.9702957262759965,-0.9749279121818236,-0.2225209339563146,Carousel
3421850023513279980,62806463075,2024-07-28 03:12:11+00:00,#اقتباسات #انمي #anime,0.0,0.0,0.0,3,Sunday,Night,22,3,3,0,0,0,0.7431448254773941,0.6691306063588582,-0.7818314824680299,0.6234898018587334,Image
3441020622262419730,3444790698,2024-08-23 14:00:45+00:00,"Looking for Mobility Aids and Equipment at competitive prices? As a direct distributor, we offer the largest selection at the best prices. Click here to buy: https://www.mobilityequip.com/alimed-6814-accomodator-ins-pair-w10 Call us toll free at 1-888-797-8660 ☎️. #mobility #fitness #strength #workout #health #flexibility #yoga #motivation #stability #power #fitnessmotivation #bodybuilding #rehab #balance #athlete #gymnastics #fit #recovery #mobilitygrabber #mobilityproducts #mobilityaid #mobilityequip",0.0,0.0,0.0,14,Friday,Afternoon,507,56,22,0,0,1,-0.4999999999999997,-0.8660254037844388,-0.433883739117558,-0.9009688679024191,Image
3676742180632294695,8722123846,2025-07-14 19:37:25+00:00,คุณลุงขี่รถจักรยานยนต์ชนกับรถบรรทุกแล้วโดนทับซ้ํา เสียชีวิตกลางถนนทางหลวงชนบท จ.บุรีรัมย์ เวลา 12.22 น. วันที่ 14 กรกฎาคม 2568 รับแจ้งจาก กู้ภัยสยามบุรีรัมย์ มีอุบัติเหตุรถจักรยานยนต์ชนกับรถบรรทุก และมีผู้เสียชีวิต บนถนนทางหลวงชนบท บริเวณใกล้เคียงโรงเรียนทุ่งใหญ่ ต.ทุ่งแสงทอง อ.นางรอง จ.บุรีรัมย์ ที่เกิดเหตุ พบรถจักรยานยนต์ ยามาฮ่า สปาร์ค สีน้ําเงิน ไม่พบป้ายทะเบียน ลักษณะชนกับรถ 6 ล้อ สีขาว ป้ายทะเบียน บุรีรัมย์ แล้วถูกทับร่างซ้ํา ใกล้กันพบร่างของผู้เสียชีวิต 1 ราย ตรวจสอบเอกสาร เป็นชายไทย อายุ 62 ปี ในส่วนของสาเหตุอยู่ระหว่างการสอบสวนของเจ้าหน้าที่ตํารวจ สภ.นางรอง เครดิต กู้ภัยสยามบุรีรัมย์,20.0,0.0,20.0,19,Monday,Evening,599,44,0,0,0,0,-0.9117620435770886,0.4107188526134774,0.0,1.0,Image
3531682730966830784,222495114,2024-12-26 16:10:11+00:00,"Babygirl opens today! Picture this: A high-powered CEO, played by the Nicole Kidman, meets her match in a mischievous young intern (hello, Harris Dickinson), and suddenly, her carefully controlled life starts to unravel in the most deliciously chaotic way. In Babygirl, Romy has it all — the career, the family, the perfect image — but behind closed doors? Let’s just say, her marriage is less fireworks and more... well, silent sparklers. Enter Samuel, the audacious intern who’s here to challenge everything she thought she knew about control, desire, and letting go. Directed by Halina Reijn, this wickedly funny, tender, and unexpectedly romantic film dives deep into repressed desires, shifting power dynamics, and the messy, thrilling places they can lead us. Think: the sexy tension of a ’90s thriller but with all the modern feels. Catch Babygirl in cinemas starting today, Friday, 27 December. Trust us, this is one movie you won’t want to miss.",26.0,0.0,26.0,16,Thursday,Afternoon,954,154,0,0,1,1,-0.8870108331782218,-0.4617486132350336,0.43388373911755823,-0.900968867902419,Carousel
3736800838129270004,4374640050,2025-10-05 16:23:14+00:00,時間がなかったので💦お弁当を買って🍱食べました😋 兵庫県に来たのに浅草のからあげ弁当は...と思ったので、隣にある「コロッケと...神戸水野屋」でクリームコロッケを買いました。大きなからあげもクリーミーなクリームコロッケもおいしかったです。 #神戸グルメ #神戸ランチ #お弁当 #からあげ弁当 #から揚げ #から揚げ弁当 #からあげ #唐揚げ弁当 #唐揚げ #からあげ縁 #からあげ縁浅草 #伝説のからあげ #からあげ縁テイクアウト #弁当 #テイクアウト #テイクアウトグルメ #神戸 #水野屋 #神戸水野屋,31.0,0.0,31.0,16,Sunday,Afternoon,256,21,19,0,0,0,-0.9117620435770883,-0.41071885261347774,-0.7818314824680299,0.6234898018587334,Carousel
3581686564675114227,1926768413,2025-03-05 15:58:55+00:00,Bazı burçlarla konuşmadan önce iki kez düşün! 🤫💫 Onların sınırlarını bilmek önemli... Yoksa beklenmedik tepkiler alabilirsin! 😏🔥 Senin burcun doğru mu? Yorumlara yaz! ⬇️✨ #burc #burçlar #başak #yengeçburcu #oğlakburcu #kova #balik #ikizlerburcu #aslanburcu #yay #teraziburcu #kovaburcu #akrepburcu #boğaburcu #koçburcu,108.0,3.0,111.0,15,Wednesday,Afternoon,318,39,15,0,3,1,-0.8616291604415258,-0.5075383629607041,0.9749279121818236,-0.22252093395631434,Carousel
3640955012942814202,556635500,2025-05-26 10:34:42+00:00,,2.0,0.0,2.0,10,Monday,Morning,0,0,0,0,0,0,0.3665012267242976,-0.9304175679820245,0.0,1.0,Image
3640352905624266110,517381848,2025-05-25 14:38:25+00:00,"Happy birthday Bags! 83 years young. (Also if anyone is wondering why my eyes are closed in every pic, now you know.) Celebrated with lots of yumminess at @americanobombay - that butter garlic crab pasta and sea bass crudo 🤤 thank you @chefalexsanchez for the food comatose that proceeded to take effect at a certain action movie right after 😅 #verypossible",486.0,25.0,511.0,14,Sunday,Afternoon,357,61,1,2,1,0,-0.6360782202777636,-0.7716245833877202,-0.7818314824680299,0.6234898018587334,Carousel
3623795622558261910,352658876,2025-05-02 18:22:03+00:00,"Indulge in the perfect blend of luxury and Italian 🇮🇹 craftsmanship aboard a Riva Yacht. @rivayacht ✨ Experience the elegance, style, and allure that define Italy 🇮🇹, cruising the stunning waters of the Sorrento Coast, Capri, and the Amalfi Coast. #SorrentoLuxury #RivaYacht #LuxuryLiving #ItalianCraftsmanship #Capri #AmalfiCoast #Yachtlife #Sorrentocoast",47.0,1.0,48.0,18,Friday,Evening,356,48,8,1,0,0,-0.9953961983671789,0.09584575252022405,-0.433883739117558,-0.9009688679024191,Image
3545030301942340842,18837670,2025-01-14 02:14:23+00:00,Come with me to finally try some @lesserevilsnacks popcorn! 🍿 I have a friend who loves it so I’m off to grab a bag to have a snack while my toddler naps. Update: bag secured and they’re SO GOOD! Love the cheddar flavor and that it’s made with real cheese! And I get the whole bag to myself since my husband is lactose intolerant. *evil laugh* 😆 ... #lesserevilyum #bestpopcorn #lesserevilyum #njmom #snacktime #snackbreak #momlife #momtok #toddlermom #targetrun,4.0,1.0,5.0,2,Tuesday,Night,462,78,9,1,3,0,0.5519369853120581,0.8338858220671682,0.7818314824680298,0.6234898018587336,Reel
3577072645131197874,8515773908,2025-02-27 07:11:50+00:00,ダイナマイト😆ボディのペクチンくん💕 優しさあふれる5歳くらいの男子😻 ずっとのお家募集中!!です。 @大宮日進店 #ねこかつ #保護猫 #保護猫カフェ #猫 #川越 #日進 #里親募集中 #埼玉県 #保護猫と暮らす #ねこ #ペクチン,803.0,0.0,803.0,7,Thursday,Morning,118,15,11,1,2,0,0.9523957996432784,-0.30486429902801077,0.43388373911755823,-0.900968867902419,Carousel
3637383967511620561,722118924,2025-05-21 12:19:40+00:00,👔⚽️ لا تفوّت مشاهدة استوديو نهائي الدوري الأوروبي 📦 اشترك الآن! 👇 🔗 https://bit.ly/beINRenew 📱 http://wa.me/97440090000 #نهائي_الدوري_الأوروبي | #توتنهام | #مانشستر_يونايتد | #الدوري_الأوروبي,12240.0,158.0,12398.0,12,Wednesday,Afternoon,191,23,4,0,1,0,-0.08280820751220395,-0.9965655024977614,0.9749279121818236,-0.22252093395631434,Image
3714367106696999542,9418460217,2025-09-04 17:31:25+00:00,Melhor moda praia é @jujuhvariedades_ corre lá pro Instagram e confira as novidades #modaparaelas #modapraialuxo #lookoftheday #lookbook,179.0,7.0,186.0,17,Thursday,Afternoon,136,17,4,1,0,0,-0.992004949679715,-0.12619896913583006,0.43388373911755823,-0.900968867902419,Carousel
3720451625560682363,4250830867,2025-09-13 03:00:16+00:00,ここちゃんとアサイー食べてきたよ🥣🩷 美味しかった😋🩷 沢山お話しもできて楽しかった🤍🫧 初めて遊んだ日から4年もたってるのびっくり😳❕ . . . . #渋谷 #渋谷グルメ #アサイーボウル #代官山カフェ #渋谷カフェ #カフェ,163.0,4.0,167.0,3,Saturday,Night,116,14,6,0,0,0,0.7071067811865475,0.7071067811865476,-0.9749279121818236,-0.2225209339563146,Carousel
2899465574963755680,53170052460,2022-08-07 09:07:32+00:00,Watching TV. 🫠🥰🐶🐾 #tyrion #mydog #watchingtv #sundaychill #funnydogs #funnydog #dachshund #dachshunds #dachshundsofinstagram,5.0,0.0,5.0,9,Sunday,Morning,124,12,9,0,0,0,0.685182990326359,-0.7283709698824005,-0.7818314824680299,0.6234898018587334,Image
3611439643570241392,10608729418,2025-04-15 17:12:55+00:00,Lyrics by Geddy Lee and Alex Lifeson. @rush #RushLyrics #RushDebut #Rush #RushHasAssumedControl #RushFamily,518.0,3.0,521.0,17,Tuesday,Afternoon,107,13,5,1,0,0,-0.9781476007338056,-0.2079116908177598,0.7818314824680298,0.6234898018587336,Image
3596867454709760892,2634218189,2025-03-26 14:40:35+00:00,,0.0,0.0,0.0,14,Wednesday,Afternoon,0,0,0,0,0,0,-0.6427876096865389,-0.7660444431189783,0.9749279121818236,-0.22252093395631434,Image
3565251625634231374,7436164604,2025-02-10 23:45:35+00:00,1 year 52 weeeks 365 days Life goes on but it is not the same. We all miss you 🤍🦋🦋,41.0,6.0,47.0,23,Monday,Evening,82,20,0,0,0,0,-0.0654031292301428,0.9978589232386035,0.0,1.0,Image
3645211611946385835,8181880901,2025-06-01 07:31:48+00:00,"The weekend Brew and Bake this week by our talented chef Kym! Lavender, Coconut and Honey! Layers of lavender and Coconut sponge soaked in honey covered in vanilla buttercream. Pairs wonderfully with our Eden Bliss tea- green honeybush and rooibos tea, apple, orange blossom... Such a wonderful, fragrant brew and bake this weekend 💕 #weekendbrewandbake",93.0,1.0,94.0,7,Sunday,Morning,353,55,1,0,2,0,0.9222009716704519,-0.3867109616368205,-0.7818314824680299,0.6234898018587334,Carousel
3655716548355539970,3542606811,2025-06-15 19:23:14+00:00,,2212.0,1.0,2213.0,19,Sunday,Evening,0,0,0,0,0,0,-0.9351352096860119,0.35429103799771533,-0.7818314824680299,0.6234898018587334,Image
3537772945432904636,381375582,2025-01-04 01:50:21+00:00,🍽️ time! The morning session goes in 🇮🇳’s favour with half of Australia’s batters back in the hut! 💪 Let’s look to wrap up their innings quickly and seize an important lead! 👊 #PlayBold #ನಮ್ಮRCB #AUSvIND,189761.0,178.0,189939.0,1,Saturday,Night,203,36,4,0,3,0,0.46174861323503397,0.8870108331782217,-0.9749279121818236,-0.2225209339563146,Image
3724227280182097583,20741436153,2025-09-18 08:01:49+00:00,⚠️ Save The Date ⚠️ 📣 Nicht vergessen: Unser kostenfreier Vortragsabend in der Burgkirche Bad Dürkheim findet am 25.09.2025 statt! Jetzt schnell anmelden unter 👉https://kuthan-immobilien-akademie.de/ #BadDürkheim #Veranstaltung #Vorträge #Immobilienverkauf #Tipps #Informationsabend #Immobilienwissen #Testament #Vererben #Erbe #KuthanImmobilienAkademie #Kostenfrei #Anmeldung,5.0,0.0,5.0,8,Thursday,Morning,376,38,13,0,1,0,0.8638355052043956,-0.5037739770455266,0.43388373911755823,-0.900968867902419,Carousel
3641453503884409909,632957740,2025-05-27 03:06:21+00:00,Gabut di jalan jadi reels hehe 🤭✨,6084.0,118.0,6202.0,3,Tuesday,Night,33,7,0,0,0,0,0.7253743710122876,0.688354575693754,0.7818314824680298,0.6234898018587336,Video
3618897488745053887,1467912740,2025-04-26 00:10:20+00:00,"Nuevas texturas, estampas y colores para brillar estes donde estes. Elegí tus favoritos online 👇🏼 www.admitone.com.ar #AdmitOne #FW2025 #SportStyle",120.0,3.0,123.0,0,Saturday,Night,147,19,3,0,0,0,0.043619387365336,0.9990482215818578,-0.9749279121818236,-0.2225209339563146,Carousel
867944123016429313,19769622,2014-12-04 09:57:03+00:00,"It's out: my new cover for @vanidad 😍 Shot in New York by @nickheavican, styled by @hellomrdavid. Discover all the photos now on #TheBlondeSalad 👍 #CoverGirl #TheBlondeSaladNeverStops #NeverEver",41157.0,222.0,41379.0,9,Thursday,Morning,194,28,4,3,0,0,0.5112930860770522,-0.8594064115014527,0.43388373911755823,-0.900968867902419,Image
3593745010677996776,2297967441,2025-03-22 07:16:51+00:00,"Pleton 3A 56 Presisi . • Repost from📷: tiktok/ibu_negara676 . _____ 🎯 Quotes Of The Day : "" Hanya mereka yang berani gagal yang bisa meraih kesuksesan sejati"" _____ ❤ yang Butuh Bimbingan Belajar TNI-POLRI & Sekolah Kedinasan Lainnya, 👉@bimbel.generasiandalan.id ❤⁣⁣⁣ _____ 📌 Tag foto atau video kamu, agar kami repost _____ #akpolganteng #catarakpol #infoakpol #akademikepolisian #akpol",2874.0,1.0,2875.0,7,Saturday,Morning,387,57,5,1,0,0,0.9455185755993168,-0.32556815445715664,-0.9749279121818236,-0.2225209339563146,Carousel
3448483649298769953,38252648403,2024-09-02 21:08:27+00:00,"🐈❤️ #love, #instagood, #photooftheday, #beautiful, #fashion, #happy, #tbt, #cute, #like4like, #followme, #follow, #picoftheday, #me, #selfie, #summer, #instadaily, #friends, #art, #repost, #girl, #fun, #nature, #smile, #style, #instalike, #food, #family, #likeforlike, #tagsforlikes, #fitness",30.0,2.0,32.0,21,Monday,Evening,292,31,59,0,0,0,-0.6819983600624989,0.73135370161917,0.0,1.0,Image
3579504353758159141,6780092105,2025-03-02 15:43:12+00:00,"Na manhã deste sábado (01), um automóvel com queixa de roubo foi recuperado pela guarnição RP 01 da Polícia Militar em Palmeira dos Índios, Alagoas. O fato ocorreu na Rua Radialista Antônio Martins, no bairro Juca Sampaio, próximo à Escola Municipal Vera Lúcia Gama Moura. De acordo com informações divulgadas pelo 10° Batalhão de Polícia Militar (10o BPM), a guarnição foi acionada via COPOM para averiguar a presença de um veículo abandonado no local. Ao chegar, os militares encontraram um automóvel da marca Caoa Chery, modelo Tiggo 8 1.6 TGDI, ano 2022, com a chave na ignição e as portas abertas. Diante da situação, os agentes consultaram o sistema INFOSEG, constatando que o carro possuía registro de roubo ou furto. O veículo foi então conduzido ao Centro Integrado de Segurança Pública (CISP) de Palmeira dos Índios e entregue à Polícia Civil, onde foi lavrado o boletim de ocorrência e adotadas as medidas cabíveis. O caso foi registrado às 09h47, e a recuperação do automóvel representa mais uma ação eficaz da segurança pública no combate ao crime na região.",361.0,7.0,368.0,15,Sunday,Afternoon,1071,178,0,0,0,0,-0.8265897491271885,-0.5628049276950688,-0.7818314824680299,0.6234898018587334,Image
3619922241065188942,13454631863,2025-04-27 10:06:20+00:00,برای رسیدن به خواسته قلبتون و تحقق فالتون کد کیهانی 19کامنت کنید. .... ...##فال_کات #ماه_تولد #تهران #ازدواج #احساسات #سرگرمی #ایران #ماه_تولد #تهران #هنرمندان فال_قهوه_تاروت #فال_تضمینی #فال #فال_روزانه #فال_تک_نیت #فال #فال_قهوه #فال_تک_نیت #ماه_تولد فال_قهوه_تاروت #فال_عشق #فال_احساسی #فال_عشق #فال_قهوه #فال #فال_قهوه #تاروت #قهوه #لباس #سرگرمی,2272.0,123.0,2395.0,10,Sunday,Morning,349,43,18,0,0,0,0.4771587602596086,-0.8788171126619653,-0.7818314824680299,0.6234898018587334,Carousel
3297755714310696176,64819496047,2024-02-07 21:58:57+00:00,"Monster Legends (AU) Vilina Seudónimo: Vilma Lucielle Resultaba ser una gran amiga de Fanpira, pero el destino tomo caminos diferentes, mientras que Fanpira debía volverse la reina del castillo de Monstelvania, Vilina se fue a los exteriores en dónde Elektra volvería convertirse su nuevo hogar. Con nuevos deseos y su poderes deseaba sembrar el caos como supervillana. #vilina #monsterlegends #monsterlegendsfanarts #supervilliam #darkness #metropolitanera",4.0,0.0,4.0,21,Wednesday,Evening,457,63,6,0,0,0,-0.5075383629607049,0.8616291604415253,0.9749279121818236,-0.22252093395631434,Carousel
3606296924723088243,45561883398,2025-04-08 14:56:19+00:00,"GORONTALO PAGI INI “Arus Balik Tertinggi di Hari Ke 6” ---- Jangan lupa like, komen dan share #radiorepublikindonesia #rrigorontalo #pro1rrigorontalo #rrinetgorontalo #follow #rrinet #like #share #viral #fypシ #fyp #fypシツ #GorontaloPagiIni",3.0,0.0,3.0,14,Tuesday,Afternoon,238,30,13,0,0,0,-0.6946583704589974,-0.7193398003386511,0.7818314824680298,0.6234898018587336,Video
3700311737277588761,18994992319,2025-08-16 08:08:23+00:00,"✨ Mental health recovery is a journey, not a destination.✨ Nach psychischen Erkrankungen kann Bewegung unglaublich heilsam sein. 🧘‍♀️🏃‍♂️ Sport schenkt Struktur, baut Stress ab und gibt dir Stück für Stück neue Energie. Es muss kein Marathon sein – schon ein Spaziergang, Yoga oder eine Runde Radfahren können dir helfen, den Kopf frei zu bekommen und zurück ins Gleichgewicht zu finden. 🌿💪 Du hilfst deinem Körper – und dein Körper hilft deiner Seele. 💚 #MentalHealthJourney #Recovery #SportHeilt #SelfCare #BewegungTutGut #EnergyBack #Balance #kettlebell #morningroutine #moyobofitness",4.0,0.0,4.0,8,Saturday,Morning,587,84,10,0,0,0,0.8480480961564261,-0.5299192642332048,-0.9749279121818236,-0.2225209339563146,Video
3627173003025431043,1748508963,2025-05-07 10:12:18+00:00,#iyigeceler #günaydın #delihuni #karikatür,1697.0,5.0,1702.0,10,Wednesday,Morning,42,4,4,0,0,0,0.4539904997395473,-0.8910065241883676,0.9749279121818236,-0.22252093395631434,Image
3615352973577333694,15648192864,2025-04-21 02:48:01+00:00,"Meu pai @samuelmarianooficial tem me feito entender que estar debaixo de uma liderança espiritual é a chave do sucesso ministerial. e a cada vez que vejo meu líder @oficialbisposamuelferreira tenho uma aula gratuita, aula de como se portar, de como ser, e como seguir, de como ver o mundo espiritual e ministerial. Obrigado @oficialbisposamuelferreira por nos abençoar com sua palavra pastoral. E saiba: o senhor tem um diácono na Paraíba que está a serviço de Deus e ao seu comando.",22738.0,73.0,22811.0,2,Monday,Night,483,80,0,3,0,0,0.6691306063588582,0.7431448254773942,0.0,1.0,Carousel
3602441372393626892,1956097700,2025-04-03 07:14:58+00:00,"Jeshi la Polisi mkoani Tabora linamshikilia Ofisa Habari wa Klabu ya Yanga, Ali Kamwe. Akizungumza na Mwananchi Digital leo Alhamisi Aprili 3,2025, Kamanda wa Polisi Mkoa wa Tabora, Richard Abwao amethibitisha jeshi hilo kumshikilia Kamwe huku akitaja sababu kuwa ni kauli chafu kwa viongozi wa Serikali. “Ndio tunamshikilia Ally Kamwe na tunaendelea na mahojiano na taratibu nyingine zitaendelea kwa mujibu wa sheria,""amesema Abwao. Kamwe anashikiliwa ikiwa ni siku mbili zipite tangu arushe dongo kwa Mkuu wa Mkoa wa Tabora, Paul Chacha katika hamasa kuelekea mchezo wao dhidi ya Tabora United uliomalizika jana Aprili 2, 2025 kwa Yanga kushinda bao 3-0. Katika video inayosambaa mitandaoni inamuonyesha Kamwe akiwa mkoani Tabora akifanya hamasa ya mchezo huo huku akisema: “Kuna watu wanatafuta kiki..mkuu wa mkoa nani huyu, Chacha eenh? Atachacha kweli baada ya mechi,” Chanzo cha Kamwe kusema hivyo ni kutokana na mkuu wa mkoa kuahidi Tabora United endapo itamfunga Yanga itapewa bonansi ya Sh60 milioni huku pia akishutumu watu wa Yanga kuwatumia meseji za rushwa wachezaji wa Tabora. (Imeandikwa na Hawa Kimwaga) #mwananchiupdates #tunaliwezeshataifa",1191.0,169.0,1360.0,7,Thursday,Morning,1157,172,2,0,0,1,0.9483236552061993,-0.3173046564050922,0.43388373911755823,-0.900968867902419,Image
3627676398399206204,1384658066,2025-05-08 02:52:27+00:00,"Hadirkan aura eksklusif dalam setiap langkah. Koleksi Kurta Elrah Exclusive, pilihan sempurna untuk gaya moden dengan sentuhan klasik. KURTA RUSHDY | RM99 KURTA SAFF | RM109 #elrahexclusive",0.0,0.0,0.0,2,Thursday,Night,189,27,1,0,0,0,0.6819983600624985,0.7313537016191706,0.43388373911755823,-0.900968867902419,Image
3649901074590481316,21338206,2025-06-07 18:48:55+00:00,💟💟💟💟💟💟💟💟💟,151.0,0.0,151.0,18,Saturday,Evening,9,1,0,0,0,0,-0.9781476007338056,0.20791169081775943,-0.9749279121818236,-0.2225209339563146,Carousel
3625869046163275298,1539305537,2025-05-05 15:09:41+00:00,Aur agar Funny + Pretty ka combination ho toh 🤌🏻🤌🏻🤌🏻 . . #adityaroykapur #funny #storytelling #rant,2623.0,78.0,2701.0,15,Monday,Afternoon,99,16,4,0,0,0,-0.7343225094356853,-0.678800745532942,0.0,1.0,Reel
3451010509865393420,8925028418,2024-09-06 08:48:52+00:00,🩵✨ . . . ph📸: @zakadrom.gomel . . . #belarus #minsk #минск #беларусь #instagood #love #likelike#beautiful #followme #гомель #girl #summer #instagram #minskgram #photooftheday #happy #follow #vsco #fashion #instaminsk #beauty #photo #nature #instalike #gomel,145.0,7.0,152.0,8,Friday,Morning,257,33,25,1,0,0,0.7431448254773942,-0.6691306063588582,-0.433883739117558,-0.9009688679024191,Carousel
3636045649533142152,4151796237,2025-05-19 16:00:40+00:00,"Recarga tus energías para lo que se viene 🔋🔜 • The island where summer never ends 🐚⚓️🌊🇦🇼☀️🌎 . ¿... y tu, Quieres disfrutar? 😁 ༞༞༞༞༞San Blas Islands Panamá 📌ค๓ г✈︎༞༞༞༞༞༞༞༞༞༞ . . . Reserva ahora ⬇️🏝 www.sanblasislandspanamatour.com . . Acompáñanos! ➖➖➖➖➖➖➖➖ 🏖 #Panama #solyplaya #aventura #turismo #vacaciones #holliday #sanblas #viajando #passionpassport #bestvacations #travelguide #travelblog #instatravel #travelawesome #wonderful_places #vacaciones #holiday #adventure #discover_vacations #paradise #sea #worlderlust #loves_landscapes #Panama507 #turismointerno #MarCaribe #travel #world #travelling #beautiful @sanblas_islandspanama ♡ Te esperamos. Y tú, vienes o vas 🧳 ❓•⠀ ⠀⠀⠀⠀⠀⠀⠀⠀⠀⠀⠀⠀⠀⠀⠀⠀⠀⠀⠀⠀ ¿DESEAS MÁS INFORMACIÓN? 👉🏽whatsapp📲 Link en Bio⠀⠀⠀⠀⠀ WhatsApp 📱+507 6022-5297 https://wa.me/50760225297",4.0,0.0,4.0,16,Monday,Afternoon,803,95,29,1,1,2,-0.8660254037844384,-0.5000000000000004,0.0,1.0,Image
3585438390322399216,180246511,2025-03-10 20:13:04+00:00,"Un po’ di immagini di questi primi giorni di marzo 📆 Una toccata e fuga al lago Maggiore 🌊 , allenamenti 🏃‍♀️ non proprio al top, un bel compleanno 🎂 in famiglia, ricette nuove 🍓, Noah che impara a giocare a scacchi♟️ con mio papà e un nuovo taglio di capelli, necessario 💇‍♀️ #marzo #carosello #primavera Come avete iniziato questo mese?",764.0,16.0,780.0,20,Monday,Evening,338,61,3,0,0,1,-0.8362861558477599,0.5482932295199132,0.0,1.0,Carousel
2302487904712381492,203329254,2020-05-05 16:59:29+00:00,Miss my nails,5381.0,97.0,5478.0,16,Tuesday,Afternoon,13,3,0,0,0,0,-0.964787323828813,-0.2630312144579744,0.7818314824680298,0.6234898018587336,Image
3387135754739013167,66943802760,2024-06-10 05:41:08+00:00,ALL MODEL BACKCAPS AVAILABLE SRI SUNDHA MOBILES 💥 #mobile #mobileshop #model #mode #india,8.0,1.0,9.0,5,Monday,Night,89,13,5,0,0,0,0.9965655024977614,0.08280820751220436,0.0,1.0,Image
2924085762675580189,9472059046,2022-09-10 08:23:28+00:00,DREss DİOR> Mİss PRs Cd21 34▪️size▪️s-mm-l-xl▪️ #kazakhstan #greece #italy #bosna #serbia #danmark #lubnan #arnavutluk #rusia #ozbekistan #israel #cezayir #Macedonia #senegal #southafrica #israel #france #azerbeycan #morocco #kosovo #bulgaria #ukrania #kamerun #nigeria #polonya #romanya,8.0,0.0,8.0,8,Saturday,Morning,287,32,25,0,0,0,0.8115739819650124,-0.5842496656374342,-0.9749279121818236,-0.2225209339563146,Image
3686330939539804632,11826864788,2025-07-28 01:08:34+00:00,留守番 おやつタイム。 #ホッピー#ミニチュアダックス#チョコタン#ワンコ#愛犬#ダックス#犬#ワンコとのくらし#短足#短足部#シニア犬#16歳犬#10月で17歳ダックス#元気なシニア犬#病気で頑張ってるお友達に元気玉#がんばれお友達#がんばろう東北 #留守番犬 #おやつ時間,9.0,0.0,9.0,1,Monday,Night,138,5,4,0,0,0,0.2923717047227367,0.9563047559630355,0.0,1.0,Carousel
3356993677166958713,5740936285,2024-04-29 15:45:14+00:00,Alag bi dukh hai🥲❤️‍🩹..... #instagood #trending#trendingreels #feelings #emotions #sad #sadness #broken #brokenheart #breakup,1452.0,22.0,1474.0,15,Monday,Afternoon,125,13,10,0,0,0,-0.8314696123025452,-0.5555702330196022,0.0,1.0,Video
3599032456833558627,8342999045,2025-03-29 14:22:04+00:00,"💫💜Знову в наявності💜💫 Код 18759 Розміри 36-41 Лофери ""Diksi"" Матеріал - НАТУР. ШКІРА ФЛОТАР Всередині - Еко.шкір.підклад Колір - Білий Підошва - 4см/3,5см Виробник - Фабричний Китай На середню стопу Розмір у розмір 36-23,5 37-24 38-24,5 39-25 40-25,5 41-26 Ціна 1190 грн",5.0,0.0,5.0,14,Saturday,Afternoon,270,42,0,0,0,0,-0.5807029557109398,-0.8141155183563192,-0.9749279121818236,-0.2225209339563146,Carousel
3650005690758147499,12402809290,2025-06-07 22:16:46+00:00,Brand New Jordan Skyline Gore-Tex Jacket Available in store now! Size XL for $250,111.0,0.0,111.0,22,Saturday,Evening,81,14,0,0,1,0,-0.4383711467890778,0.8987940462991668,-0.9749279121818236,-0.2225209339563146,Carousel
3528368749024785557,641367302,2024-12-22 02:25:55+00:00,"While most celebrity couples are spending time together this holiday season, some are duking it out in court amid their ongoing divorces. 👨‍⚖️ 👉️ See a list at the link in our bio. (📸: Getty Images)",456.0,23.0,479.0,2,Sunday,Night,198,36,0,0,0,0,0.5913096483635824,0.8064446042674827,-0.7818314824680299,0.6234898018587334,Image
3736716921111679811,4014632544,2025-10-05 13:36:31+00:00,"👑All who call on the name of the Lord will be saved! Believe on the Lord Jesus Christ and thou shalt be saved! Repent and Believe the Gospel!💥 - 👑✝️👑- #christiancoffeetime - #jesuschristisgod #christian #saved #bible #faith #redeemed #preaching #christianity #wordofgod #scripture #jesus #gospel #catholic #repentance #salvation #judaism #jews #jesuschrist #Christ #religion #church #god #spiritual #holy #holyspirit #holyghost #esoteric #charismatic #pentecostal - Salvation is Not by works, Not by righteous works, Not by deeds of the law, and Not by sight. But by Faith alone, through Grace alone, by Jesus Christ who is God alone. Titus 3:5 / Ephesians 2:8-9 / Galatians 2:16 / 2Corinthians 5:7 / 1 John 5:20 - 1 John 5:20) ""And we know that the Son of God is come, and hath given us an understanding, that we may know him that is true, and we are in him that is true, even in his Son Jesus Christ. This is the true God, and eternal life.""",24.0,0.0,24.0,13,Sunday,Afternoon,943,160,30,0,3,0,-0.4067366430758002,-0.9135454576426009,-0.7818314824680299,0.6234898018587334,Image
3764595389363373248,3416512725,2025-11-13 00:46:04+00:00,Sobre hoje deu tempo pra mim passar onde minha sobrinha linda trabalha tia gosta muito dessa garota linda 🥰,15.0,1.0,16.0,0,Thursday,Night,107,19,0,0,0,0,0.19936793441719722,0.9799247046208296,0.43388373911755823,-0.900968867902419,Image
3586301615042955635,35793534959,2025-03-12 00:48:09+00:00,#dresses #sara.luxury.1 #newseason #erbilonline #shopping #sara #erbil #sulimany #duhok #بغداد #zaxo #اربیل_کردستان_عراق🇭🇺🇭🇺🇭🇺🇭🇺 #zaxo #chamchamal #duhok #hawler❤️ #kirkuk #kurdistan #kchana #girl #jeans #hawlerakam #slimany #duhoki #kirkukiskurdistan #baghdad #جنوب #kurdishgirl #kurd #hawlerakam #duhok #salahadin #mosul #kurdistan #iraq #mosul #بغداديات,5.0,0.0,5.0,0,Wednesday,Night,356,37,33,0,0,0,0.20791169081775931,0.9781476007338057,0.9749279121818236,-0.22252093395631434,Carousel
3609285739925243356,34212674355,2025-04-12 17:53:30+00:00,"كنتُ أظن أني بحاجة لهدف جديد... لكني في الحقيقة كنت بحاجة لنظرة جديدة إلى نفسي. كلامي هنا ليس عن الإنجاز، بل عن التحوّل. ✨️ عن الفرق بين امرأة ""تُنجز"" ✅️ وامرأة ""تُجسّد من تكون"" في كل اختيار يومي. 🪽 إن كنتِ في مرحلة تشعرين فيها أن الأهداف وحدها لا تكفي... وتبحثين عن عمق يربطك بنفسك من الداخل، وإن شعرتِ أن الوقت حان لتبني أسلوب حياة يشبهك فعلاً، لا فقط جدولًا مزدحمًا بالأهداف... احجزي جلستك المجانية الآن، ودعينا نكتشف معًا من هي المرأة التي تريدين أن تكونيها.❤️‍🔥",117.0,3.0,120.0,17,Saturday,Afternoon,466,86,0,0,0,0,-0.9995335908367129,-0.030538513209822718,-0.9749279121818236,-0.2225209339563146,Carousel
3630342766871829047,176722013,2025-05-11 19:10:13+00:00,Beach days are better with Mom. Happy Mother's Day from Diane's Bikinis.✨⁠ ⁠ Send this to your amazing mom!❤️ ⁠ ⁠ #HappyMothersDay #BestMomEver #MothersDay2025 #BikiniLife #Travel #Swimwear ⁠,12.0,0.0,12.0,19,Sunday,Evening,191,28,6,0,1,0,-0.9537169507482268,0.30070579950427345,-0.7818314824680299,0.6234898018587334,Image
3541121931211526611,1080979607,2025-01-08 16:44:11+00:00,"#8Ene | 🇨🇴 Petro confirmó que no asistirá a la toma de posesión presidencial en Venezuela tras detenciones de activistas en el país Gustavo Petro, presidente de Colombia, confirmó el 8 de enero que no asistirá a la toma de posesión presidencial en Venezuela, luego de que se conociera la detención del dirigente político Enrique Márquez y el activista de derechos humanos Carlos Correa. “Esto, y otros hechos, impide mi asistencia personal al acto de posesión de Nicolás Maduro”, escribió Petro en su cuenta de X. El mandatario colombiano aseveró que la solicitud de “máxima transparencia en las elecciones” por parte de su gobierno no fue atendida por las autoridades venezolanas. “Las elecciones pasadas en Venezuela no fueron libres. No hay elecciones libres bajo bloqueos”, expresó. 👉 Desestimó romper relaciones con Venezuela Petro desestimó la posibilidad de romper relaciones con Venezuela. Asimismo, alegó que no se cerrarán las fronteras ni su gobierno intervendrá en los asuntos internos de la nación vecina. “El gobierno colombiano entiende que nuestros dos pueblos están ligados por sangre, cultura e historia, y que cerrar fronteras, evitar el relacionamiento diplomático y separar nuestros pueblos a la fuerza es de una brutalidad enorme. Lleva a que las fronteras sean de las mafias, y se provoca el hambre de millones de seres humanos colombianos y venezolanos y su éxodo, y a la violación sistemática de sus derechos humanos”, expresó. El mandatario instó a que se respeten los derechos humanos de todos los venezolanos. También invitó a que haya un diálogo interno en Venezuela y aseguró que su gobierno mantendrá una posición de amistad y colaboración con el Estado venezolanos. También pidió la liberación de los presos políticos en Venezuela. “Solicitamos la libertad de todas las personas detenidas por razones políticas”. ✍️: @daniela__aurora Lee el artículo completo en el link de nuestra biografía 📲",3832.0,75.0,3907.0,16,Wednesday,Afternoon,1924,305,1,1,0,0,-0.9455185755993168,-0.32556815445715664,0.9749279121818236,-0.22252093395631434,Image
3576434112971354953,348632344,2025-02-26 10:03:11+00:00,"Foto bersama cosplayer superhero favorit mu! 📸✨ Kamu penggemar setia superhero Marvel? Jangan sampai kelewatan Meet & Greet Superhero Favorit Mu di Toys Kingdom 🤩! Yuk, catat tanggal dan juga jamnya Smileys! 📍 Neo Soho – Sabtu, 22 Februari 2025 📍 LW Alam Sutera – Sabtu, 1 Maret 2025 📍 LW Kota Wisata – Sabtu, 8 Maret 2025 📍 Mall Artha Gading – Sabtu, 15 Maret 2025 🕑 13.30-14.00 & 15.00-15.30 Kita tunggu kehadiranmu ya 🤗",64.0,2.0,66.0,10,Wednesday,Morning,422,76,0,0,3,1,0.48862124149695485,-0.8724960070727972,0.9749279121818236,-0.22252093395631434,Image
3600984400721278669,31956766,2025-04-01 07:00:00+00:00,"Una mujer en Corea se niega a comer carne. Otra mujer en Delaware no quiere salir de una piscina. En los dos casos, lo importante no es el acto en sí, sino la subversión a la norma, el rechazo a las reglas impuestas, al matrimonio, a las convenciones sociales. Lo importante es que no hay marcha atrás. Que han empezado su revolución. “Golpe magistral”, de Jessica Anthony, me ha recordado a “La vegetariana”, de Han Kang, aunque es menos violento y se enmarca más en el fin del sueño americano. Unos idílicos apartamentos en una tranquila zona residencial. Maridos que juegan al golf. Mujeres que hacen pastel de carne. Y una piscina de aguas turquesas que nadie usa. Pero la misma premisa, dos mujeres que, un buen día, hacen lo que nadie espera de ellas. Un acto que desentona completamente con su papel de esposas abnegadas. Y lo más importante, la negativa a volver al buen camino, a “entrar en razón”. Y sus pobres maridos, dignos de compasión, se han casados con ""mujeres histéricas"", ellos no lo merecen, dirán los vecinos asomados a los balcones. Y poco a poco, se irá desentrañando la realidad tras la patina de cotidianidad, tras la mujer que espera pacientemente a que su marido llegue a casa de trabajar. Y por su puesto, te pones de parte de ellas. No salir de la piscina, no comer carne, decir no a las normas, a las culpas, a los deseos de otros. Romper las cadenas con un sencillo acto que esconde toda una rebelión. #GolpeMagistral #LaVegetariana #bookstagram #bookstagramEspaña",236.0,45.0,281.0,7,Tuesday,Morning,1496,261,4,0,0,0,0.9659258262890683,-0.25881904510252063,0.7818314824680298,0.6234898018587336,Carousel
3663617343884385222,1636883269,2025-06-26 17:00:42+00:00,"Pride AF 🏳️‍🌈 @whatwigs (he/him) is the artist #PulpRiot is the paint 🎨 Shades Used: Nuclear, Lemon, Candy, Blush, Elixir, Absinthe, Blue Muse and Tragic #PulpRiotIsThePaint #PulpRiot #PulpRiotHair #PulpRiotColor #BrightHair #VividHair #HairInspo #HairArt #AltHair #AlternativeHair #AlwaysPulpRiot #30DaysofVivid #Rainbow #RainbowHair #RainbowHairColor #Pride #PrideNYC #PrideLA #Pride2025",332.0,6.0,338.0,17,Thursday,Afternoon,389,44,19,1,0,0,-0.9659258262890683,-0.25881904510252063,0.43388373911755823,-0.900968867902419,Carousel
3134175428269070534,366901005,2023-06-27 05:14:07+00:00,เหล่าคนดังฝั่งเอเชียที่ไปร่วมชมแฟชั่นโชว์ #LVMenSS24 ของแบรนด์ #LouisVuitton นี่ไม่ธรรมดาเลยจริงๆ ค่า ตัวพ่อทั้งนั้นนน! . #HOWE #HOWEMAGAZINE #HOWESociety #JacksonWang #BamBam #SongJoongki #NakamotoYuta #TakashiMurakami #AustinLin #JJLin #TakahiroNishijima,148.0,3.0,151.0,5,Tuesday,Night,256,19,13,0,1,0,0.9799247046208296,0.1993679344171972,0.7818314824680298,0.6234898018587336,Image
3004084251267326056,1562701195,2022-12-29 17:30:20+00:00,"#LucienLaviscount, #AshleyPark, and #CamilleRazat attend the @jeanpaulgaultier haute couture by @olivier_rousteing show at Paris #FashionWeek #EmilyinParis",9320.0,5.0,9325.0,17,Thursday,Afternoon,155,16,7,2,0,0,-0.9914448613738104,-0.13052619222005163,0.43388373911755823,-0.900968867902419,Reel
3365462624055447941,8634237002,2024-05-11 08:00:30+00:00,Schmeckt nach Sommer ☀ ProShape MANGO 😍💪🥳 #fitlineofficial #fitlineaustria #fitlineproshapemango,144.0,0.0,144.0,8,Saturday,Morning,96,10,3,0,0,0,0.8660254037844387,-0.4999999999999998,-0.9749279121818236,-0.2225209339563146,Image
831875361078968101,499440190,2014-10-15 15:34:52+00:00,🎾 🇫🇷,53243.0,767.0,54010.0,15,Wednesday,Afternoon,4,2,0,0,0,0,-0.8038568606172171,-0.5948227867513417,0.9749279121818236,-0.22252093395631434,Image
3664515130890071775,8476067530,2025-06-27 22:44:27+00:00,"Vem almoçar com a gente na Casa dos Salgados! Tem marmitas 🍽️, marmitex 🥡 e bebidas geladas 🥤 pra completar sua refeição! 📍 Avenida Heron do Couto 🚀 Em frente ao Ratão Motos 🛒 Próximo ao Mercado Paraíso 🏘️ Vila Marambaia Comida caseira 😋, qualidade de verdade ✅ e aquele precinho que cabe no seu bolso 💰 Aceitamos PIX ⚡ e cartão de crédito 💳 📞 Pedidos e informações: (67) 99912-1221 ⏰ Corre garantir a sua e vem matar a fome com a gente!",0.0,0.0,0.0,22,Friday,Evening,437,84,0,0,3,0,-0.3255681544571567,0.9455185755993168,-0.433883739117558,-0.9009688679024191,Image
3358257348002605276,17937342134,2024-05-01 09:24:54+00:00,Are u agree . . . . #palestine #muslim #pakistan #motivation #motivationalquotes #motivational #saudiarabia #iran #lahore #karachi #pakarmy #pti #imrankhan,76.0,0.0,76.0,9,Wednesday,Morning,155,20,13,0,0,0,0.6293203910498374,-0.7771459614569709,0.9749279121818236,-0.22252093395631434,Image
3397797560114106698,67689649042,2024-06-24 22:44:14+00:00,Lost in the charm of London streets. . . . . . . #insta #instagram #instagood #love #instadaily #follow #like #instalike #photography #photo #likeforlikes #photooftheday #nature #happy #style #likes #life #picoftheday #art #followforfollowback #instamood #fashion #London #indian #music #beauty #instapic #cute #viral,102.0,3.0,105.0,22,Monday,Evening,317,42,29,0,0,0,-0.3255681544571567,0.9455185755993168,0.0,1.0,Image
3758183388352911705,2201800316,2025-11-04 04:26:38+00:00,Melbourne Cup 2025: 🏆 Half Yours claims famous victory by two lengths 🏇 Link in bio,2.0,0.0,2.0,4,Tuesday,Night,83,16,0,0,0,0,0.917060074385124,0.39874906892524625,0.7818314824680298,0.6234898018587336,Image
3485831277095900485,3060987736,2024-10-24 10:04:03+00:00,"Olympian Udita Duhan on Breaking Barriers in Indian Hockey In an exclusive conversation with Taruka Srivastav, Udita Duhan reflects on being the highest-bought player in the Hockey India League and the importance of such platforms for women in the sport. She shares the heartbreak of hockey’s exclusion from the CWG, her personal struggles, and how she’s inspired other girls to take up hockey, with her biggest source of strength being her mother. #UditaDuhan #HockeyIndiaLeague #WomenInHockey #TarukaSrivastav #Olympian #HockeyExclusion #Inspiration #SportsJourney . . . . @dptofsportsgoi @Media_SAI @hockeyindia @fihockey @udita_duhan18 @taruka_s",711.0,11.0,722.0,10,Thursday,Morning,649,90,8,6,0,0,0.48480962024633717,-0.8746197071393957,0.43388373911755823,-0.900968867902419,Video
3194984855448197304,5587069274,2023-09-19 02:51:36+00:00,: REAL ITEM order dari customer PS NAD TEAM For enquiry please click link attached in bio (011-59805095 @ 011-13177713). Please do not DM us 🙏🏻,1.0,0.0,1.0,2,Tuesday,Night,143,26,0,0,0,0,0.6788007455329418,0.7343225094356854,0.7818314824680298,0.6234898018587336,Image
3435595094894953297,54203926997,2024-08-16 02:21:12+00:00,#independenceday #15August #tiranga #india #bharat #explore #reelsinstagram #reelsindia #trendingreels #azadi #heaven #heavenonearth #peace #faith #SantRampalJiMaharaj,0.0,0.0,0.0,2,Friday,Night,167,15,15,0,0,0,0.5771451900372336,0.8166415551616789,-0.433883739117558,-0.9009688679024191,Image
2631250756366067101,43136758514,2021-08-02 07:32:35+00:00,,200.0,1.0,201.0,7,Monday,Morning,0,0,0,0,0,0,0.9205048534524404,-0.3907311284892736,0.0,1.0,Image
3711898184299167570,54371291691,2025-09-01 07:46:07+00:00,...... #cat #kittens #kitty #bird,13.0,1.0,14.0,7,Monday,Morning,33,5,4,0,0,0,0.894934361602025,-0.4461978131098088,0.0,1.0,Carousel
3316162597404566115,8634635232,2024-03-04 07:30:09+00:00,"🌈 Challenges may arise, but at Fernandez Foundation, we understand that every individual, regardless of ability, brings their own unique strengths to the world. We stand with families facing disabilities, offering compassionate support and empowerment so every child's journey is met with dignity, respect, and an opportunity to flourish. 💖 #FernandezFoundation #FernandezHospital #StorkHome #NationalDevelopmentalDisabilitiesAwarenessMonth #InclusionForAll",6.0,4.0,10.0,7,Monday,Morning,457,55,5,0,0,0,0.9238795325112868,-0.3826834323650895,0.0,1.0,Image
3619549631480816080,8226256672,2025-04-26 21:46:01+00:00,,289.0,22.0,311.0,21,Saturday,Evening,0,0,0,0,0,0,-0.5519369853120584,0.833885822067168,-0.9749279121818236,-0.2225209339563146,Image
3171411239107694316,58524555030,2023-08-17 14:15:09+00:00,"we meticulously select and roast our beans, then blend them with the finest mushroom extracts. it's a brew designed to stimulate the senses and nourish the mind. 🫘 🌱 🍄⁠ ⁠ stay tuned, opening soon.",103.0,1.0,104.0,14,Thursday,Afternoon,196,35,0,0,0,0,-0.555570233019602,-0.8314696123025455,0.43388373911755823,-0.900968867902419,Image
3600183192564782931,41672544448,2025-03-31 04:28:22+00:00,"Selamat Hari Raya Idul Fitri 1446 H/2025 M Mohon Maaf Lahir dan Batin, semoga kita semua mendapatkan kemenangan yang sejati. 🙏 My Well Vit.C Membantu Memelihara Daya Tahan Tubuh💪 ✨Web: ultrasakti.com ✨IG: mywellvitc.id ✨Toped: Ultra Sakti ✨Shopee: Ultra Sakti Official Store #MyWellVitC #SehatLebaran #LebaranSehat #SelamatHariRaya #IdulFitri #MaafLahirBatin",69.0,2.0,71.0,4,Monday,Night,358,47,6,0,0,0,0.9205048534524404,0.3907311284892737,0.0,1.0,Image
3664123648831186097,63851856813,2025-06-27 09:46:38+00:00,"Architectural Education in Focus: FIU Hosts Advisory Board Meeting for Quality Assessment ——————————————— As part of its ongoing commitment to academic excellence and continuous improvement, the Faculty of Architecture at Final International University held an Advisory Board Meeting on June 25, 2025, under the chairmanship of Prof. Dr. Haan Ali Bıçak. The Advisory Board is composed of distinguished professionals including Hakkı Atun, Tunç Adanır, Doğan Sahir, Deniz Kolozali, Ekrem Bodamyalızade, and Hasan Zafersoy. All members have previously lectured in schools of architecture and most have served as past presidents of the Chamber of Architects of KTMMOB. Representing the Faculty of Architecture and Fine Arts, Dean Prof. Dr. Zeynep Üstün Onur, Vice Dean Assoc. Prof. Dr. Aminreza Iranmanesh, Head of Department Asst. Prof. Dr. Pooya Lotfabadi, and Asst. Prof. Dr. Rasiha Kayalar were in attendance. The meeting began with a presentation by Assoc. Prof. Dr. Iranmanesh, outlining the department’s program learning outcomes and extracurricular activities. This was followed by valuable contributions from the advisory board members, who shared their insights and professional experiences, offering recommendations on the essential qualities and competencies needed to educate the architects of tomorrow.",225.0,1.0,226.0,9,Friday,Morning,1312,187,0,0,0,0,0.5519369853120579,-0.8338858220671683,-0.433883739117558,-0.9009688679024191,Carousel
3556066695254193120,71940866847,2025-01-29 07:37:28+00:00,"Obuna bo'lish esdan shiqmasin kanali yangi rahmat #instagood, #followme, #travel, #happy, #picoftheday, #beautiful, #art, #repost, #summer, #fitness, #selfie, #friends, #smile, #life, #ootd",87.0,10.0,97.0,7,Wednesday,Morning,189,22,29,0,0,0,0.9117620435770886,-0.4107188526134773,0.9749279121818236,-0.22252093395631434,Reel
3601373391371466195,54035341300,2025-04-01 19:54:18+00:00,"Quer saber qual é o melhor tipo de crédito para você? Juliana Lima, da InvestSmart, te ajuda a entender as diferenças entre crédito pessoal, consignado e muito mais! Confira! ▶️ #TVCulturaLitoral #InvestSmart #Finanças #investimentos",123.0,32.0,155.0,19,Tuesday,Evening,233,34,4,0,2,1,-0.8788171126619654,0.47715876025960835,0.7818314824680298,0.6234898018587336,Reel
2232759351106158062,1942345722,2020-01-30 12:01:17+00:00,"The sneak sure to get ya head turnin' 😍 @nikesportswear jus' dropped the VaporMax 360 in 4 🔥 shades. Swipe, pick ya fave & shop 'em in the bio. 📲 #JDWomen #Nike #VaporMax360",1038.0,6.0,1044.0,12,Thursday,Afternoon,173,33,3,1,0,0,-0.0043633092847466205,-0.9999904807207345,0.43388373911755823,-0.900968867902419,Carousel
2832806003163031815,22137934510,2022-05-07 09:46:52+00:00,Hosgeldin mini koleksiyonuma bebeğim🤎 . . . . 🤎🤎🤎🤎🤎🤎🤎🤎🤎🤎🤎🤎🤎🤎 . . . . 🤎🤎🤎🤎🤎🤎🤎🤎🤎🤎🤎🤎🤎🤎 . . . . 🤎🤎🤎🤎🤎🤎🤎🤎🤎🤎🤎🤎🤎🤎 . . . . 🤎🤎🤎🤎🤎🤎🤎🤎🤎🤎🤎🤎🤎🤎 . . . . #keşfet #sunumönemlidir #kahvemsiblog16 #keşfwtteyiz🌷🌹 #lucknowblogger #luckywelivehawaii #luckyali #lucky #pythonprogramming #fyp #fypdongggggggg #téo #şiir #sunset,284.0,54.0,338.0,9,Saturday,Morning,303,42,15,0,0,0,0.5519369853120579,-0.8338858220671683,-0.9749279121818236,-0.2225209339563146,Carousel
3664215688251322452,6989231845,2025-06-27 12:49:30+00:00,ULUÇAY OTO AKSESUAR 🇹🇷 💎ÜMRANİYE - IHLAMURKUYU💎 👉ETiKETÇİLERİN ADRESİ 👉UYGUN FİYATLARLA 👉FARKLI OLMAK İSTEYENLERE 👉KALİTELİ ÜRÜNLER #etiketçilere #keşfet #tofaş #magirus #helphos #cadillac #keşfet #uluçayotoaksesuar #hellakorna #boschkorna#atlasyanak #photon #hella #reklam #tofaşkk #etiketçilere #etiketcilikozentidegilyasamtarzi #germany #kesfetteyim #türkiye #personeldireksiyon#ümraniye #pendik #gebze #sarıgazi #sultanbeyli #tuzla #üsküdar #kartal #maltepe #beykoz #anadoluyakasıetiketçileri,27.0,0.0,27.0,12,Friday,Afternoon,496,46,30,0,0,0,-0.21217767215644617,-0.9772311064626789,-0.433883739117558,-0.9009688679024191,Image
3583919493556438509,5808258239,2025-03-08 17:55:18+00:00,🖤🐊 #hondacivic #civicnation #hondacivictyper #jdmlove #jdmculture #car #lowcarb #lowlife #trending #viralphoto #like #instagramhub #reelsindia #automotive #auto #caracas #carlifestyle #reelsinstagram,1262.0,12.0,1274.0,17,Saturday,Afternoon,199,19,18,0,0,0,-0.9997620270799091,-0.021814885034560836,-0.9749279121818236,-0.2225209339563146,Image
3624421007823624547,11286359027,2025-05-03 15:04:35+00:00,छान आलेत का फोटो 😍😍😍😍,4836.0,28.0,4864.0,15,Saturday,Afternoon,21,5,0,0,0,0,-0.7193398003386509,-0.6946583704589976,-0.9749279121818236,-0.2225209339563146,Carousel
3751205265430788637,1493311999,2025-10-25 13:22:16+00:00,Nếu có 3 điều ước các bạn sẽ ước gì 💙 #phuongmychi,28358.0,106.0,28464.0,13,Saturday,Afternoon,50,12,1,0,0,0,-0.3502073812594677,-0.9366721892483976,-0.9749279121818236,-0.2225209339563146,Carousel
3781215769314073121,50030361069,2025-12-05 23:07:47+00:00,おはようございます! ⁡⁡ ⁡ゆるしん整体院です。⁡ ⁡⁡ ⁡⁡お客様から嬉しいストーリーズの投稿がありました!⁡⁡ ⁡⁡ ⁡ありがとうございました! ⁡⁡⁡ ⁡⁡ ⁡ゆるしん整体院 井上真二 京都府福知山市北本町二区100-26 施術時間 午前9時~6時30 定休日 、水曜日、木曜日 P有 施術料 5000円 090-7756-4853 #京都府福知山市 #舞鶴 #綾部 #古民家整体院 #自律神経 #不眠 #肩凝り #頭痛 #めまい #腰痛 #膝痛 #倦怠感 #全身調整 #VAT整体 #マインドボディレゾネータ #難治性疾患 #周波数 #自然治癒力 #だるさ #うつ #マナーズサウンド #体調不良 #お腹の不調 #頭蓋調整 #脊椎調整 #内蔵調整 #手足のシビレ #顔面神経麻痺 #股関節痛 ⁡,15.0,0.0,15.0,23,Friday,Evening,352,50,29,0,3,0,-0.22920039092241423,0.9733792584604485,-0.433883739117558,-0.9009688679024191,Image
3708559325608985387,181581225,2025-08-27 17:12:24+00:00,Popsicle good🔥🔥😘,11.0,0.0,11.0,17,Wednesday,Afternoon,16,2,0,0,0,0,-0.9781476007338056,-0.2079116908177598,0.9749279121818236,-0.22252093395631434,Carousel
3612732185647831183,8374550029,2025-04-17 12:00:00+00:00,"سر الطعم في التفاصيل وكل قطعة ساتاي محضرة بإتقان!🔥شويّ متوازن، تتبيلة غنية، وقوام يخليك تستمتع بكل لقمة🍢 It’s all in the details! Every Satay is crafted to perfection.🔥 Perfectly grilled, richly marinated, and a texture that makes every bite worth it 🍢 #podomoro #flavours #satay",621.0,3.0,624.0,12,Thursday,Afternoon,279,45,3,0,2,0,1.2246467991473532e-16,-1.0,0.43388373911755823,-0.900968867902419,Image
3465003838568430930,1210321922,2024-09-25 16:11:07+00:00,"Who’s ready for new @fibremood patterns?!! This is the #fibremoodfausta pleated skirt with side zipper. I’ve wanted a white midi skirt all summer and finally made it happen with this pattern. I used @stylemakerfabrics washed crinkle cotton (totally obsessed). It’s a timeless pleated skirt that can be dressed up or down, depending on how you style it. I made mine in size 6. Be mindful of which size you pick because it’s very difficult to modify the size once completed. A muslin would be a great idea! Sewing tips- The instructions have you match the hem pleats first, but I had an easier time matching and simultaneously pinning (vertically) the top, middle, and bottom pleat marks. Then, I ironed the whole skirt flat. Overall, the pattern can be tackled by an intermediate sewist. The skirt is beautiful, and I can't wait to make more!! The top is from @madewell #fibremood #linkpartyed30 #isew #sewist #sew #sewingpattern #sewing #stylemakerfabrics",417.0,25.0,442.0,16,Wednesday,Afternoon,955,157,9,3,5,1,-0.8890171414857365,-0.4578739151169567,0.9749279121818236,-0.22252093395631434,Carousel
3635749333157116249,6113676668,2025-05-19 06:11:56+00:00,. ▪️مریوان؛ بازداشت یک شهروند توسط نیروهای امنیتی محمد هوشمند شهروند اهل شهرستان مریوان توسط نیروهای امنیتی بازداشت و به مکان نامعلومی منتقل شد. به گزارش کولبرنیوز روز یک‌شنبه بیست‌و‌هشتم اردیبهشت‌ماه ۱۴۰۴، محمد هوشمند شهروند اهل روستای “دره‌تفی” از توابع شهرستان مریوان توسط نیروهای امنیتی بازداشت و به مکان نامعلومی منتقل شده است. بر اساس این گزارش نیروهای امنیتی بدون ارائه حکم قضایی اقدام به بازداشت این شهروند کرده‌اند. تا زمان تنظیم این گزارش از دلایل بازداشت، محل نگهداری و اتهامات مطروحه علیه این شهروند اطلاعی در دسترس نمی‌باشد.,108.0,0.0,108.0,6,Monday,Morning,537,89,0,0,0,0,0.9988483864849507,-0.04797812852134379,0.0,1.0,Image
2996324277899100968,4565055391,2022-12-19 00:28:56+00:00,It’s only two ways out! Jail or dead! Start a uniform business and get out the streets! I’m a convicted felon myself and I changed my life around. Its more out here for you! 🚀🚀🚀 He need to leave that dope alonnnneee! 🤣🤣😭😭😂 @lydia_covington_ceo,238.0,27.0,265.0,0,Monday,Night,243,44,0,1,5,0,0.12186934340514748,0.992546151641322,0.0,1.0,Video
3672456642399153525,10428615318,2025-07-08 21:42:48+00:00,"🗺️ Seu negócio no radar do turismo capixaba! Venda Nova do Imigrante está atualizando seu Mapa Turístico e você, que atua com hospedagem ou alimentação, pode fazer parte das campanhas oficiais de divulgação em todo o Brasil! 📣 O cadastro é gratuito e vai até 15 de julho. Visibilidade local, estadual e nacional para quem faz o turismo da cidade acontecer! 📲 Veja todos os detalhes da reportagem completa no site: www.conexaoes.com.br Ou acesse o link nos stories ou na Bio. #RevistaConexão #cláudiopazetto #VendaNovaDoImigrante #TurismoCapixaba #MapaTurístico #Agroturismo #HospedagemES #RestaurantesES #MontanhasCapixabas #TurismoES",26.0,0.0,26.0,21,Tuesday,Evening,634,91,10,0,3,0,-0.5664062369248329,0.8241261886220156,0.7818314824680298,0.6234898018587336,Image
3626371354107816672,44104582347,2025-05-06 07:39:34+00:00,"""Glowing skin, happy life! 🌞"" Happy customers #GlowUp #the_mirus_ #mlm #herbal #health #SkincareResults #GlowingSkin #MirusDivineGlowCream #RadiantSkin #GlowingComplexion #SkinCareJourney #BeautyResults #GlowGetter #HealthySkin #SkinLove #1mviews",4.0,0.0,4.0,7,Tuesday,Morning,246,23,16,0,1,0,0.9081431738250813,-0.41865973753742824,0.7818314824680298,0.6234898018587336,Image
3744429592594095580,48784592477,2025-10-16 05:00:13+00:00,"【Yahoo娛樂圈報道】向太激罕談及細仔向佑與向佐分別 活半世紀才明:慈母多敗兒 向華強與太太陳嵐(向太)育有兩子向佐和向佑,向佐活躍於演藝圈,向佑則甚少被提及。日前,向太拍片罕有開腔談到細仔向佑,坦言:「他是我的痛」,並感嘆自己晚年先真正明白「慈母多敗兒」呢句說話:「我評論下面多少人問我,為什麼不提向佑,他是我的痛,慈母多敗兒,這句話我到50多歲才明白,我真的很後悔,所以今天就敞開來講吧。」 向太於影片中透露,雖然向佑自小覺得媽媽偏心哥哥向佐,但佢強調對兩子一視同仁,無論游泳或網球都安排最好嘅教練培訓,但最終向佐成績優異獲冠軍,向佑則混水摸魚,並且控制唔到脾氣,經常靠打人,甚至曾打計程車司機,打完對方之後仲當眾炫耀:「你知不知道我爸爸是誰」,並揚言爸爸係「全港最大社團龍頭大哥」,因襲擊並恐嚇司機於2016年被法庭裁定襲擊致造成身體傷害、刑事恐嚇及普通襲擊等三項罪名成立,被判入獄6個月:「你說他到底是天才,還是白癡呢。」向太續提及向佐與向佑分別,表示大約喺2000年左右,向太送兩兄弟到英國讀書,唔同嘅係向佑每月電話費高達兩萬元,卻一個電話都冇跟父母聯繫,反倒向佐只花兩千元,而電話都係打畀媽媽。向太苦笑指向佑根本唔會理你:「他生日,你打給他說生日快樂,他都不聽你的,不要說你生日,你別指望他打給你,可是每個月還要付兩萬多元他的電話費,他爸都不知道。」又指除咗開口要錢時,就會聽到向佑好聲好氣:「他回來要錢的時候他很會哄你,什麼都答應你,你講他說不可以這樣不可以那樣,(他說)好的好的,媽媽我一定會改,甚麼都答應你,拿完錢走完就轉頭就忘了,可是總是自己兒子,老是採取原諒原諒,其實原諒等於放縱,每次再跟你講個好話,你就想算了算了,又給他錢,就養他是個大懶蟲,反正沒錢回家拿就好了。」 向太表示向佑於獄中識咗唔少有背景人士,出獄後宣稱要去上海與某集團老闆談地產,令佢大感驚訝,質疑兒子:「你懂什麼?」而雖然向太讚兒子有繪畫天分,但向佑不願追藝術,堅持做生意,佢多次幫助向佑投資寵物店、餐廳,卻皆以失敗收場,向太無奈感嘆,兒子唔肯努力,只想一朝發達,認為自己好聰明。對此,向太直言後悔過度放任向佑,反思應該嚴格管教、唔應該隨意畀錢兒子,令佢變本加厲:「應該打他就不給他錢,看你乖不乖,就一毛錢都不要給。現在來不及了,而且他說我們敢不給他,他去借,敢威脅我們了。」向太語重心長表示:「我們做父母呢,就算你用了心了盡了力了,幫他想了很多辦法,希望他成材,給了很多錢,沒用的,不成材就是不成材。」並且提醒即使家境富裕,都唔應該寵壞孩子,對有創業夢嘅子女,父母只能提供一筆創業基金,普通家庭更應教導孩子大學畢業後自力更生:「千萬不要像我一樣,我們就是給太多錢了,就寵壞了,他認為太容易了,回來講講好話就給,唉!到頭來這樣,我為什麼50多歲才明白,太晚了,所以奉勸大家,千萬不要走我的老路。」 原文:https://bit.ly/4oc6KKh 來源:Yahoo娛樂圈 #Yahoo新聞 #yahoonewshk #yahoohongkong #yahoohk #陳嵐 #向太 #向佐 #向佑",99.0,7.0,106.0,5,Thursday,Night,1295,15,8,0,1,1,0.9659258262890683,0.25881904510252074,0.43388373911755823,-0.900968867902419,Image
3729581971727984225,3482353286,2025-09-25 17:20:38+00:00,— my autumn vibe — . polaroid | my favourite boots | vinyl collection . .. . #polaroid #autumn #vinyl #vinyllove #analogphotography,192.0,8.0,200.0,17,Thursday,Afternoon,131,22,5,0,0,0,-0.9848077530122079,-0.1736481776669312,0.43388373911755823,-0.900968867902419,Carousel
3658358444469739820,8509877614,2025-06-19 10:52:12+00:00,"📩 Comente ""F5"" e receba nossa newsletter semanal! O conflito entre Irã e Israel elevou a tensão no Oriente Médio e provocou a alta no preço do petróleo, que já subiu 13% com o risco de bloqueio do Estreito de Ormuz, rota estratégica por onde passa 20% do petróleo global. Isso impacta diretamente o Brasil, que importa parte do diesel e da gasolina consumidos, elevando os custos de combustíveis, pressionando a inflação e dificultando cortes na taxa de juros. Além disso, afeta o mercado financeiro, favorecendo ações do setor de energia, mas prejudicando empresas com margens apertadas e aumentando a instabilidade cambial. Comentamos sobre esse e outros assuntos que impactaram o mercado financeiro na nossa F5, a newsletter da Faz Capital. Comente ""F5"" para recebê-la semanalmente na sua caixa de entrada!",178.0,29.0,207.0,10,Thursday,Morning,809,131,0,0,2,0,0.2923717047227366,-0.9563047559630355,0.43388373911755823,-0.900968867902419,Carousel
3371373197985443026,1375933263,2024-05-19 11:43:45+00:00,Bom domingo 🤍 #saude #saudavel #mindset #coach #healthcoach #habitos #objetivos #2024 #lifestyle #healthy #health #wellness #nature,141.0,4.0,145.0,11,Sunday,Morning,131,16,13,0,0,0,0.07410849019539918,-0.9972501850994857,-0.7818314824680299,0.6234898018587334,Image
3529201374280361552,6270203345,2024-12-23 06:00:00+00:00,"Your skincare has never looked this glamourous 💎✨ Our SUPERCHARGEDTM Range is designed to amplify your glow, this powerhouse lineup delivers hydration, plumping, and enhanced elasticity so your skin looks as good as it feels 💧 🫧SUPERCHARGEDTM HA+PGA Triple-Action Intense Moisturiser 🫧SUPERCHARGEDTM Ultra-Hydrating Sleeping Mask 🫧SUPERCHARGEDTM Overnight Skin Repair Face Oil 🫧SUPERCHARGEDTM Barrier Restoring Essence Mist 🫧SUPERCHARGEDTM Serum 2.0 🫧SUPERCHARGEDTM Eye & Lip Contour Booster Shop the SUPERCHARGEDTM range now on our website through the link in bio 🔗",23.0,1.0,24.0,6,Monday,Morning,566,79,0,0,0,0,1.0,6.123233995736766e-17,0.0,1.0,Image
3386752876221352965,62822929261,2024-06-09 17:00:28+00:00,Plato’s Closet Las Vegas restocked daily! ♻️💰💵 #platosclosetlasvegas #platosclosetlasvegasnorthwest #thrifting #lasvegas #smallbusiness,2.0,0.0,2.0,17,Sunday,Afternoon,135,12,5,0,1,0,-0.9659258262890683,-0.25881904510252063,-0.7818314824680299,0.6234898018587334,Image
3281375196600989116,1641877676,2024-01-16 07:34:39+00:00,Rest in peace my drone... #dronephotography #labuanbajo #aerialphotography,10.0,2.0,12.0,7,Tuesday,Morning,74,8,3,0,0,0,0.917060074385124,-0.39874906892524614,0.7818314824680298,0.6234898018587336,Reel
3733078216136214391,2130365671,2025-09-30 13:07:22+00:00,"🥬 Квашеная капуста — всегда хрустящая и вкусная, если соблюдать золотое правило: 1️⃣ правильная капуста, 2️⃣ тонкая шинковка, 3️⃣ точная пропорция соли. Попробуй — и результат тебя порадует! ✨",109.0,0.0,109.0,13,Tuesday,Afternoon,192,29,0,0,1,0,-0.2881962681340892,-0.9575713608048144,0.7818314824680298,0.6234898018587336,Image
3029293934434936288,4389424218,2023-02-02 12:13:19+00:00,雪の日level7しか着てない☃️❄️ . 結局、これが持ってるアウターで1番最強にあったかい😇 . . . #求心柄ニット #ニットコーデ #ニット #赤ニット #赤ニットコーデ #雪景色 #雪 #雪の日コーデ #clarks #clarkswallabees #クラークス #クラークスワラビー #メンズライク #メンズライクコーデ #メンズライク女子 #メンズライクファッション #フリクロ #outfit #outfits #カジュアルコーデ #カジュアルファッション #level7 #レベル7 #ゆるコーデ #真似しやすいコーデ,448.0,0.0,448.0,12,Thursday,Afternoon,270,31,25,0,0,0,-0.05669278756337785,-0.9983916705573488,0.43388373911755823,-0.900968867902419,Carousel
2761338430577278890,2225886774,2022-01-28 19:13:34+00:00,"Dogs have much different skin than humans, so it’s important to choose your shampoos carefully. The #SensitiveSkin shampoo from @naturaldogcompany is amazing because it’s made from 100% natural plant-based ingredients to be super moisturizing and hypoallergenic, even for the most sensitive pups. Save 20% off with the code FRENCHIESWORLD at naturaldogcompany.com * worldwide shipping * money-back guaranteed. ad 📷: @louisfrenchieking • • • • #louis#frenchie#shampoo#cute#love#adorabull#french#bulldog#boy#bathtime#clean#wash#sensitiveskin#bat#ears#squishyfacecrew#naturaldogcompany#organic#frenchies#worldwide#ad#spon#instafrenchie#instafrenchbulldog#frenchiesofig#frenchiesofinstagram#frenchbulldogsofinstagram#instagram",150.0,3.0,153.0,19,Friday,Evening,722,65,3,2,0,0,-0.9496991262018771,0.3131638064837491,-0.433883739117558,-0.9009688679024191,Image
2939674663040540078,1396728282,2022-10-01 20:35:49+00:00,Happy Saturday! 🍣 Will we be seeing you this weekend? Take us with you on the go! 🏃‍♂️💨 Mahalo for the beautiful picture @integraxtr 📸 . . . . #hawaiifoodie #foodiehawaii #hawaiirestaurants #hawaiifood #luckywelivehawaii #foodie #yelphawaii #foodposts #foodiesofinstagram #foodiegram #hawaiiliving #hawaiilife #bento #hawaiieats #ahiandvegetable #oahueats #hawaiieats #oahufood #oahurestaurants #alamoana #kapalama #honolulueats #poke #hawaiigrinds #goodeatshawaii808 #pokebowls #supportlocal #hawaiibestkitchens #platters #cravehi #hawaiihappyhours,69.0,1.0,70.0,20,Saturday,Evening,549,60,30,1,2,1,-0.7798844830928816,0.6259234721840593,-0.9749279121818236,-0.2225209339563146,Image
2704921363120151802,4391422427,2021-11-11 23:02:55+00:00,the cutest in the galaxy 💚 im lovingg the brand new @colourpopcosmetics “the mandalorian” collection so i had to use both palettes on my eyes for this look. also i love how i drew the child on my face😩 it came out so cuteeee. please tag @colourpopcosmetics below ✨• • • products used:✨ @colourpopcosmetics the child palette @colourpopcosmetics the mandalorian palette @jeffreestarcosmetics dead presidents liquid lip @jeffreestarcosmetics c.65 concealer @jaclynhillcosmetics brightening palette @makeupbymario poppy pink blush @anastasiabeverlyhills banana powder @milkmakeup hydro grip primer @benefitcosmetics hoola bronzer @benefitcosmetics precisely my brow 2.5 @fentybeauty dewy foundation 230/240 @tatcha dewy mist spray ‪•‬ • #unleashyourinnerartist #abhbrows #morphexjamescharles #jeffreestar #jeffreestarcosmetics #jamescharles #makeup #jamescharlespalette #mua #makeupartist #anastasiabeverlyhills #nyxcosmetics #glam #norvina #100daysofmakeup #wakeupandmakeup #hudabeauty #morphebabe #morphebrushes #kyliejenner #fentybeauty #kyliecosmetics #velourliquidlipstick #explore #explorepage #colourpop #colourpopme #themandalorianandcolourpop #starwarsandcolourpop #thechild,990.0,86.0,1076.0,23,Thursday,Evening,1179,131,30,14,0,0,-0.250380004054441,0.9681476403781079,0.43388373911755823,-0.900968867902419,Image
3690558765038603750,7531970653,2025-08-02 21:08:30+00:00,"O Grupo de Trabalho (GT) Capixaba sobre Psicologia, Maconha e Psicodélicos do CRP-16 convida a categoria a dialogar sobre seus conhecimentos frente ao uso da maconha e dos psicodélicos em diferentes contextos no Brasil. O mapeamento tem como objetivo contribuir com as ações de orientação à categoria relacionadas à pauta de maconha e psicodélicos, destacando aspectos éticos, técnicos e científicos em relação à temática, bem como as possibilidades e os principais desafios para o exercício profissional na área. Os dados coletados serão acessados exclusivamente pela equipe de pesquisa vinculada ao Conselho Regional de Psicologia do Espírito Santo (CRP-16), responsável pela organização do mapeamento. Os dados serão analisados de forma agrupada e anônima, e nenhuma informação individual identificável será divulgada. Para participar, acesso o formulário digital no site do CRP-16 (link da bio). Saiba mais sobre o GT O GT nasceu de uma articulação de psicólogas/os capixabas, que atuam em diferentes âmbitos, inclusive com pesquisas acadêmicas na Ufes e com a política de redução de danos. Esses profissionais procuraram o CRP-16, e o VII Plenário do Conselho deliberou pela criação do GT em âmbito institucional. Vinculado ao CRP-16, o GT vai fomentar a discussão no Estado, estando alinhado a uma deliberação da Assembleia de Políticas da Administração e das Finanças (APAF) do Sistema Conselhos de Psicologia. A Apaf criou um GT (do Conselho Federal de Psicologia) homônimo ao grupo de trabalho no ES para promover um congresso e subsidiar o debate nos Conselhos Regionais. Os trabalhos devem acontecer na perspectiva da criação de políticas públicas sempre observando a ética, o cuidado integral e interdisciplinar, visando levar a temática para além do contexto biomédico. A matéria completa sobre o GT também está disponível no link da bio. Já no YouTube do Conselho, você pode assistir à live do GT, realizada no dia 28 de junho. *Contém texto alternativo.",28.0,0.0,28.0,21,Saturday,Evening,1968,306,0,0,0,0,-0.6819983600624989,0.73135370161917,-0.9749279121818236,-0.2225209339563146,Image
3152416634822904587,47404620287,2023-07-22 09:16:09+00:00,"Năm nay các em Backpack lên ngôi quá nè. Toàn màu xinh thôiii 🥰🥰🥰 ROYCE khẳng định chỉ phân phối dòng sảnphẩm chất lượng Auth Quality để thoả mãn các khách hàng quen dùng Auth. ✨ Da và Khoá nhập khẩu Ý/Pháp cùng nguồn với hàng chính h/ã/ng-A-U-T-H ✨ Chế tác thủ công bởi thợ Pháp. ✨ Mỗi mẫu đều đc factory mua A-u-th về làm mẫu, đo tỷ lệ từng đường kim mũi chỉ để cho ra đời sảnphẩm hoàn hảo nhất. ✨ Hơn 10 năm kinh nghiệm Since 2011 đảm-bảo chất lượng SP được hoàn thiện đến mức tối đa. Form dáng, đường may và đặc biệt là độ nặng chuẩn A-u-th được kiểm tra nghiêm ngặt theo tiêu chuẩn Châu Âu để có được sản phẩm hoàn hảo nhất đến tay KH với mức gi-á luôn tốt nhất. ✨ Bảo mật thông tin khách hàng trọn đời. ___________________________ 🏦 Văn phòng ROYCE: Toà Nhà Masteri, 42 đường số 10, Thảo Điền, Quận 2. ☎ Hotline: +84907 688 739",0.0,0.0,0.0,9,Saturday,Morning,833,171,0,0,0,0,0.6560590289905073,-0.754709580222772,-0.9749279121818236,-0.2225209339563146,Carousel
2588764591643639629,43076076188,2021-06-04 16:40:09+00:00,"Doupov se proměnil v Litevskou republiku. Vojákům simuloval prostředí v zahraniční operaci.⚔ Naše příprava do mise finišuje. Máme za sebou další důležité cvičení!👍 Cvičení na Doupově následovalo po certifikaci jednotky, jež tvoří jádro kontingentu. Certifikace se uskutečnila v dubnu v jihočeských Boleticích a proběhla striktně podle náročné alianční metodiky. „Oproti cvičení, které se uskutečnilo minulý měsíc, bylo toto odborně taktické cvičení zaměřené na sladění celého úkolového uskupení, včetně velení a štábu, které zabezpečují běžnou činnost na základně, ale i bojovou činnost samotné jednotky. Cvičení mělo za úkol simulovat běžný život a možné problémy, které mohou jednotku potkat v rámci nasazení na litevské základně Rukla i mimo ni,“ uvedl podplukovník Jaroslav Sekanina ke cvičení, jež proběhlo minulý týden ve vojenském výcvikovém prostoru Hradiště na Karlovarsku. #army #czecharmy #armadaceskerepubliky #military #soldier #airdefence #enhancedforwardpresence #nato #wearenato #lithuania #czechrepublic #strakonice",104.0,1.0,105.0,16,Friday,Afternoon,1032,136,12,0,1,0,-0.9396926207859084,-0.34202014332566855,-0.433883739117558,-0.9009688679024191,Carousel
3462044691833065945,15243435039,2024-09-21 14:11:49+00:00,"📍 Amarante, uma destino que respira história e cultura, emoldurada pela natureza exuberante. Entre a arquitetura colonial e as montanhas ao fundo, a tranquilidade desse cenário piauiense é única e encantadora. Venha se surpreender com essa joia às margens do Rio Parnaíba. 📸: @nettofotografia #Amarante #BelezasDoPiauí #TurismoCultural #TurismoHistórico #Turismo #SeturPiaui",113.0,9.0,122.0,14,Saturday,Afternoon,374,50,6,1,0,0,-0.5409744713679941,-0.8410390129643923,-0.9749279121818236,-0.2225209339563146,Image
3604053826908045326,19470411643,2025-04-05 12:38:52+00:00,هةولير ٤٠م كوراني مغمور تةنيشت مزكةوتي خدر سوارا دةيتة ژورةرة بةرامبةرقوتابخانةي جنار ٠٧٥٠٨٦١٥٧٠٦ كةياندنيش هةية,14.0,1.0,15.0,12,Saturday,Afternoon,112,15,0,0,0,0,-0.16504760586067743,-0.9862856015372314,-0.9749279121818236,-0.2225209339563146,Reel
2415666575452841365,2785701,2020-10-08 20:45:21+00:00,"Cheers to my power-packed afternoon snack!⁣⠀⠀⠀⠀⠀⠀⠀⠀⠀ ⁣⠀⠀⠀⠀⠀⠀⠀⠀⠀ 🍌 B A N A N A S⁣⠀And my vegan vanilla superfood shake 💪 which handles a heck of ALOT!!⁣⠀⁣And my @healthyhumanlife tumbler to keep it at the perfect temperature until I can finish it all.⠀⠀⠀⠀⠀⠀⠀⠀⠀ ⁣⠀⠀⠀⠀⠀⠀⠀⠀⠀ Nanners are great because ..... ⠀⠀⠀⠀⠀⠀⠀⠀⁣⠀⠀⠀⠀⠀⠀⠀⠀⠀ >best fruit sources of vitamin B6 to help remove unwanted chemicals from your liver and kidneys⁣⠀⠀⠀⠀⠀⠀⠀⠀⠀⁣⠀⠀⠀⠀⠀⠀⠀⠀⠀ >Manganese helps your body make collagen and protects your skin and other cells against free radical damage⁣⠀⠀⠀⠀⠀⠀⠀⠀⠀⁣⠀⠀⠀⠀⠀⠀⠀⠀⠀ >Potassium helps your body maintain a healthy heart and blood pressure.⁣⠀⠀⠀⠀⠀⠀⠀⠀⠀⁣⠀⠀⠀⠀⠀⠀⠀⠀⠀ ⁣⠀⠀⠀⠀⠀⠀⠀⠀⠀⁣⠀⠀⠀⠀⠀⠀⠀⠀⠀ And my superfood shake has so much goodness in it that there isn't enough room for it all. HA! just kidding .... it's got⠀⠀⠀⠀⠀⠀⠀⁣⠀⠀⠀⠀⠀⠀⠀⠀⠀ ⁣⠀⠀⠀⠀⠀⠀⠀⠀⠀⁣⠀⠀⠀⠀⠀⠀⠀⠀⠀ >Camu-Camu, Acerola Cherry, Bilberry, Lycium Berry (Goji Berry), Green Tea, Luo Han Guo, Pomegranate, Rose Hips, Whole Coffee Fruit⁣⠀⠀⠀⠀⠀⠀⠀⠀⠀⁣⠀⠀⠀⠀⠀⠀⠀⠀⠀ ⁣⠀⠀⠀⠀⠀⠀⠀⠀⠀⁣⠀⠀⠀⠀⠀⠀⠀⠀⠀ >Chlorella, Spirulina, Spinach, Kale, Matcha Green Tea⁣⠀⠀⠀⠀⠀⠀⠀⠀⠀⁣⠀⠀⠀⠀⠀⠀⠀⠀⠀ ⁣⠀⠀⠀⠀⠀⠀⠀⠀⠀⁣⠀⠀⠀⠀⠀⠀⠀⠀⠀ >Ashwagandha, Astragalus, Cordyceps, Maca, Maitake, Reishi, Schisandra, Chaga⁣⠀⠀⠀⠀⠀⠀⠀⠀⠀⁣⠀⠀⠀⠀⠀⠀⠀⠀⠀ ⁣⠀⠀⠀⠀⠀⠀⠀⠀⠀⁣⠀⠀⠀⠀⠀⠀⠀⠀⠀ >Chicory Root, Yucan Root⁣⠀⠀⠀⠀⠀⠀⠀⠀⠀⁣⠀⠀⠀⠀⠀⠀⠀⠀⠀ ⁣⠀⠀⠀⠀⠀⠀⠀⠀⠀⁣⠀⠀⠀⠀⠀⠀⠀⠀⠀ AND MORE ✨⁣⠀⠀⠀⠀⠀⠀⁣⠀⠀⠀⠀⠀⠀⠀⠀⠀ ⁣⠀⠀⠀⠀⠀⠀⠀⠀⠀ #livelifehealthy #healthyhumanlife #takeitwithyou #healthyhuman #superfoodshake #superfoodsaregoodforabody #livehappyenjoylife #superfoods #noitsnotadiet #fuelyourbody #downtoearth #smallworld #sustainablelife #plantbased #plantpower #LiveEnergyFoods⠀⠀⠀",14.0,2.0,16.0,20,Thursday,Evening,1586,182,17,1,4,0,-0.7518398074789772,0.6593458151000691,0.43388373911755823,-0.900968867902419,Image
3642411286933277638,5260,2025-05-28 10:48:20+00:00,WHAT A PASS 🤯 Latrell looking deadly inside the Westpac Red Zone! #Origin,32348.0,307.0,32655.0,10,Wednesday,Morning,73,13,1,0,1,0,0.3090169943749475,-0.9510565162951535,0.9749279121818236,-0.22252093395631434,Reel
1192112645598593445,146182543,2016-02-24 16:22:03+00:00,@PetrafCollins and her voluminous curls prepping for their @Gucci runway debut. See more on wmag.com. Photo by @AmbraVernuccio. #MFW,3689.0,16.0,3705.0,16,Wednesday,Afternoon,132,19,1,3,0,0,-0.9099612708765431,-0.41469324265623925,0.9749279121818236,-0.22252093395631434,Image
3573237943104839695,6167983358,2025-02-22 00:12:58+00:00,,3660.0,37.0,3697.0,0,Saturday,Night,0,0,0,0,0,0,0.05233595624294383,0.9986295347545738,-0.9749279121818236,-0.2225209339563146,Image
3429449310074766127,26323439,2024-08-07 14:50:37+00:00,"""Και στο παράδεισο να πας, στη Κρήτη θα γυρίσεις.."" #χανια 🇬🇷 • • • • •#photooftheday #picoftheday #moodoftheday #instamood #instagramers #instastyle #stateofmind #calmness #mykindofsummer #thisplace #whataview #perfection #sea #blue #colourful #magicmoments #summervacation #panagiachrisoskalitisa #greece #crete",156.0,7.0,163.0,14,Wednesday,Afternoon,313,35,21,0,0,0,-0.6755902076156601,-0.7372773368101241,0.9749279121818236,-0.22252093395631434,Image
2916576040303208470,51000987716,2022-08-30 23:42:59+00:00,New Blog Post!!! https://www.mindofpeacellc.com/blog/courage,2.0,0.0,2.0,23,Tuesday,Evening,60,4,0,0,3,0,-0.07845909572784562,0.996917333733128,0.7818314824680298,0.6234898018587336,Image
3389664252926174085,38723885139,2024-06-13 17:24:49+00:00,Forget Emily in Paris... Colombe in Paris is much better 🇨🇵💃 PH @laosegur.photography Model @cailcolombe MUA @_ellster_ • • • #paris #france #photography #series #photooftheday #beautiful #model #modelling #montmartre #style #modelshoot #fashion #makeuplook #makeup #makeupartist #mua #maquillage #shooting #blue #eyemakeup #mac #maccosmetics #nars #photoshoot #cafe #bar #daydreaming #city #parisianstyle,9.0,0.0,9.0,17,Thursday,Afternoon,405,49,29,3,0,0,-0.9876883405951377,-0.15643446504023104,0.43388373911755823,-0.900968867902419,Carousel
2197396935954748268,1546150153,2019-12-12 17:02:29+00:00,Christmas has come early at KMG-Import.com. Check out our early bird sale through Christmas This is an end of year blow out that'll make you cheery and bright all month long! . . . . . #vapesale #christmas #christmas2019 #christmasdeals #yearenddeals #yearendsale #vapesavings #saveonecigs,5.0,0.0,5.0,17,Thursday,Afternoon,289,44,8,0,1,0,-0.9681476403781079,-0.25038000405444094,0.43388373911755823,-0.900968867902419,Image
3434629219689932166,14418256,2024-08-14 18:22:10+00:00,gotta catch ‘em all ⚡️ like + comment to win,6699.0,835.0,7534.0,18,Wednesday,Evening,44,10,0,0,0,0,-0.9953961983671789,0.09584575252022405,0.9749279121818236,-0.22252093395631434,Carousel
3571416210044424439,12830294473,2025-02-19 11:54:05+00:00,@antoniocarlosarantes @dr.wellington_roque @lucianogontijo @dr.wellington_roque @cimentocsn @governomg,13.0,0.0,13.0,11,Wednesday,Morning,102,6,0,6,0,0,0.026176948307873423,-0.9996573249755573,0.9749279121818236,-0.22252093395631434,Reel
3646284904108276969,1761816794,2025-06-02 19:04:14+00:00,🔁 Sorteio definido! 🏆⚽ O Vasco vai encarar o CSA/AL nas oitavas de final da Copa do Brasil! 📅 Jogos nas datas-base: 30 de julho e 6 de agosto. É hora de mostrar a força da Família Vascaína! 💢,1262.0,19.0,1281.0,19,Monday,Evening,191,39,0,0,3,0,-0.961261695938319,0.2756373558169985,0.0,1.0,Image
3464957473491364972,4530395469,2024-09-25 14:39:00+00:00,🔥🔥,682.0,0.0,682.0,14,Wednesday,Afternoon,2,1,0,0,0,0,-0.6394390019805849,-0.7688418320734594,0.9749279121818236,-0.22252093395631434,Image
3727992517032764351,13429752,2025-09-23 12:42:41+00:00,🏛️📒📝,168.0,2.0,170.0,12,Tuesday,Afternoon,4,1,0,0,0,0,-0.18223552549214703,-0.9832549075639546,0.7818314824680298,0.6234898018587336,Image
3419784044320595349,58418713580,2024-07-25 06:47:28+00:00,Some changes are Painful but necessary . . . #nccmasti #ARMY #armylife #commndo_gaming #cammdowntheaisle #cammondos #ARMY #armylife #armyと繋がりたい #armylover #GANGESTER #FOJI #foji_boy #foji_shab🇮🇳🇮🇳🇮🇳🇮🇳 #fojanlove❤️❤️😍😍 #INDIAN #india #indianarmy🇮🇳 #viralpost #viratkohli #msdhoni #kashmirbeauty #anantnag #jammuandkashmir #dharadun #attitude #wardi,27.0,6.0,33.0,6,Thursday,Morning,347,36,28,0,0,0,0.9790454724845838,-0.20364175114017732,0.43388373911755823,-0.900968867902419,Image
2689846341049292098,32983569891,2021-10-22 03:51:47+00:00,😳💀,475.0,4.0,479.0,3,Friday,Night,2,1,0,0,0,0,0.8457278217039733,0.5336145159156115,-0.433883739117558,-0.9009688679024191,Video
3556259906539389255,6861647363,2025-01-29 14:00:39+00:00,"A senadora Daniella Ribeiro (PSD) se encontrou nesta terça-feira (28) com o governador João Azevêdo (PSB). Ela compartilhou o encontro no Instagram e destacou os temas abordados durante a conversa. 📲 Leia mais no nosso site, link na bio.",49.0,1.0,50.0,14,Wednesday,Afternoon,237,39,0,0,0,0,-0.4999999999999997,-0.8660254037844388,0.9749279121818236,-0.22252093395631434,Image
3585925406764073745,18777864623,2025-03-11 12:20:41+00:00,"Porta Retrato - 10x15 💰R$35,00",8.0,2.0,10.0,12,Tuesday,Afternoon,30,5,0,0,0,0,-0.08715574274765794,-0.9961946980917455,0.7818314824680298,0.6234898018587336,Image
3641106208560659614,1575814224,2025-05-26 15:35:06+00:00,"É baguete, é clutch, é tudo. Uma bolsa pra todas as suas versões. 🖤✨ #EverydayFlats #AnacapriInverno25 #Goiânia",7.0,0.0,7.0,15,Monday,Afternoon,111,17,3,0,0,0,-0.8064446042674827,-0.5913096483635822,0.0,1.0,Image
3340382852811515574,45910124674,2024-04-06 17:31:28+00:00,"The best hairextension saloon ®️ 🏆 📍The Marmara Antalya Hair that moves with you in a natural, comfortable way— 100% customized ✨. 📸: greatlengths 👉We are the best in this city, stay away from those who imitate us, don’t believe them 😂🤩🤩🤩🤩🤩🧿The best hairextension saloon antalya 💈💈💈💈💈💈💈💈💈💈💈💈💈 📲+905428400307🇬🇧 We are in Antalya city center😂😂 Welcome to King of ❤️ .Byserhat Bu işi sevmek gerek bu işi aşk ile yapmak gerek.minnettarım🙏 I would like to thank my guests for doing their hair to Turkey from other countries 🙏 Watch the video to the end, please 🙏 Microweld process and color done 👍 You can call for information and reservation +90542 840 0307👈 . Başka ülkelerden Türkiye’ye saçlarını yapmam için gelen misafirlerime çok teşekkür ediyorum 🌹 videoyu sonuna kadar izleyin lütfen 🙏 Bilgi ve rezervasyon için ulaşabilirsiniz +90542 8400307 👈 ・・・+905428400307👈👈 The best hairextension saloon antalya ・・・ #antalyakundu #antalyabelek Change Your Style ! Hairby serhat _____________________ Wella Olaplex Davines Make your life beautiful starting with your hair #antalyafriseur #londonfashion #londongirl #londonhairstylist #ireland #ireland🇮🇪 #germany🇩🇪 #antalyakundu #coiffeurantalya #london🇬🇧 Best hairextension saloon antalya 👈👈👈 ・・・ #france #bordeaux #englanduk #londonbridge #buckinghampalace #gent #haarlem #newcastle #antalyahairextension #hairextensionantalya #mayfairlondon #mayfairlondon🇬🇧 #england🇬🇧 #brussels #gent #bruxelles #rotterdam #netherlands #norway",0.0,0.0,0.0,17,Saturday,Afternoon,1472,200,32,0,1,0,-0.992004949679715,-0.12619896913583006,-0.9749279121818236,-0.2225209339563146,Image
3606974398350869876,5576254864,2025-04-09 13:21:17+00:00,"✨Neu eingetroffen: Paradiesfische aus deutscher Nachzucht Es gibt Arten, die begleiten die Aquaristik schon seit über 100 Jahren – und trotzdem verlieren sie nie ihren Zauber. Der Paradiesfisch (Macropodus opercularis) ist so eine Art. Farbenfroh, lebendig und voller Charakter. Besonders stolz sind wir auf unsere aktuelle Lieferung: Diese Tiere stammen aus einer kleinen, liebevollen Zucht in Deutschland. Kurze Wege, stressfreie Ankunft – genau so, wie wir es uns wünschen. 👉 Jetzt entdecken und ein Stück Aquaristik-Geschichte ins Becken holen. #Paradiesfisch #MacropodusOpercularis #garnelendirekt #aquarium #aquaristic #aquaristics #aquaristichobby #natureaquarium #fishtank #plantedtank #aquadesign #freshwatertank #aquariumhobby #nanoaquarium #aquariumplants #garnelendirekt #shrimpaholic #aquascape #aquascaping #natureaquarium #fishtank #plantedtank",105.0,6.0,111.0,13,Wednesday,Afternoon,859,101,18,0,0,0,-0.34611705707749263,-0.9381913359224843,0.9749279121818236,-0.22252093395631434,Carousel
3530952934436979493,906393263,2024-12-25 16:00:12+00:00,Filmmaker #Sukumar's #Pushpa2TheRule is creating waves at the box office. The pan-India film is also earning international praise for the director's ability to perfectly blend in good storytelling with massy elements. 🎬 @aryasukku #Trending,6774.0,69.0,6843.0,16,Wednesday,Afternoon,240,34,4,1,0,0,-0.8660254037844384,-0.5000000000000004,0.9749279121818236,-0.22252093395631434,Image
2831387584736591813,53142242856,2022-05-05 10:48:44+00:00,"🗞 Eric Bailly and Phil Jones have outlined their intention to leave #mufc to teammates. [Samuel Luckhurst, MEN]",43.0,1.0,44.0,10,Thursday,Morning,111,18,1,0,0,0,0.3090169943749475,-0.9510565162951535,0.43388373911755823,-0.900968867902419,Image
3666440950714632880,8484010029,2025-06-30 14:30:43+00:00,"Um homem de 54 anos, que havia sido preso preventivamente na última quinta-feira (26) sob a acusação de estuprar a própria filha e a neta de 6 anos, foi encontrado morto neste domingo (29) no Presídio Regional de Joinville. Ele estava detido por crimes de violência intrafamiliar enquanto as investigações prosseguiam. A Polícia Civil confirmou que o indivíduo era investigado por abusos cometidos contra a filha, hoje com 26 anos, que relatou ter sido vítima de violência por mais de dez anos e engravidou duas vezes em decorrência dos crimes. A investigação também aponta que a neta, de apenas 6 anos, havia sido abusada. O caso veio à tona após uma denúncia do Conselho Tutelar, acionado pela escola da criança de 6 anos. Educadores notaram comportamentos que levantaram suspeitas de abusos. A mãe da menina, procurada pelo órgão, decidiu então relatar a década de violência que sofria nas mãos do próprio pai. As investigações revelaram um cenário de controle extremo, medo e silenciamento. A casa onde viviam não possuía portas internas e era equipada com câmeras para vigiar a rotina da filha. Ela também era submetida a privações de comida como forma de coerção. O homem confessou parte dos crimes. De acordo com a administração prisional, o homem tirou a própria vida dentro da cela. Apesar da morte do suspeito, as investigações prosseguem. O material genético da criança será colhido para apurar a paternidade e confirmar se o agressor, de fato, engravidou a própria filha. A vítima e a criança estão sob proteção, e a Polícia Civil continua a apurar detalhes do caso, buscando descobrir se outros familiares tinham conhecimento das agressões sofridas ao longo dos anos.",325.0,21.0,346.0,14,Monday,Afternoon,1680,277,0,0,0,0,-0.6087614290087207,-0.7933533402912352,0.0,1.0,Image
3662912436235757271,53354295044,2025-06-25 17:40:10+00:00,~ في يوم الأحد الموافق ٢٢ يونيو ٢٠٢٥م ، تواصلت دورة تدريب السِّباحة ضمن البرنامج الصيفي بمركز الذِّكر الحكيم وتأتي هذه الدورة بالتعاون مع أكاديمية التانغو. الإعلاميّة كانت متواجدة والتقطت لكم جانبًا من الصور. #مركز_الذكر_الحكيم #جمعية_الذكر_الحكيم #الذكر_الحكيم #تعليم_القرآن #الذاكرون #السنابس #البحرين #البرنامج_الصيفي #الدورة_الصيفية,26.0,0.0,26.0,17,Wednesday,Afternoon,336,43,9,0,0,0,-0.9961946980917455,-0.08715574274765825,0.9749279121818236,-0.22252093395631434,Carousel
3211870538463337196,54148396374,2023-10-12 10:00:09+00:00,Qatar Executive Gulfstream G650ER #qatar #qatarexecutive #gulfstream #g650er #aeronautica #aviation,11.0,0.0,11.0,10,Thursday,Morning,99,10,6,0,0,0,0.49999999999999994,-0.8660254037844387,0.43388373911755823,-0.900968867902419,Carousel
3735251391792045061,28158267368,2025-10-03 13:04:46+00:00,(BISA TF & COD) HARGA:205RB ORDER: wa.me/6285261092330 SEPATU/SANDAL FASHION WANITA UKURAN:37-40CM TF ➡ Rek A.n Elly Andini (DIJAMIN AMANAH ) #fbpro #monetisasi #jangkauan #viral #fyp,0.0,0.0,0.0,13,Friday,Afternoon,183,25,5,0,0,0,-0.275637355816999,-0.9612616959383189,-0.433883739117558,-0.9009688679024191,Carousel
3637209938465885155,2199270406,2025-05-21 06:33:54+00:00,جس معاشرے میں لڑکی کی حیا کو “پرانی سوچ” کہہ کر رد کر دیا جائے، اور بے حیائی کو “اعتماد” سمجھا جائے — وہاں عزت صرف کتابوں میں بچتی ہے، حقیقت میں نہیں۔ ہم نے پردے کو قید سمجھا، اور فحاشی کو آزادی — یہی وہ مقام ہے جہاں اخلاق دفن ہوتے ہیں، اور کردار بکھر جاتے ہیں۔ جب حیاء ختم ہو جائے، تو زنا صرف عمل نہیں، ماحول بن جاتا ہے۔ حیاء اگر مٹ جائے، تو عزت چیخنے لگتی ہے... مگر کوئی نہیں سنتا۔ #quoteoftheday #lifelessons #Aqibahmad,22.0,0.0,22.0,6,Wednesday,Morning,422,88,3,0,0,0,0.9896513868196702,-0.14349262199117915,0.9749279121818236,-0.22252093395631434,Image
3412745678155262030,3665913298,2024-07-15 13:43:29+00:00,Şehr-i İstanbul'u bir fotoğraf karesinde yaşamak... #amazing #istanbul #cityphotography #bridge #skyporn #kesfet #keşfetedüş #kesfetteyiz #reelsinstagram #instagramers #severekcekiyoruz #altinkare #allshotsturkey #fotografia #objektifimdenyansiyanlar #kadrajturkiye #likexlike #instalike #photooftheday,210.0,31.0,241.0,13,Monday,Afternoon,302,25,19,0,0,0,-0.434445257404417,-0.900698239322588,0.0,1.0,Image
3664634343462436686,947029183,2025-06-28 02:41:18+00:00,"VIBES WEEKEND PALING SERU yang nongkrong bareng temen, apalagi abis kongkow mampirnya ke @ahongshop MULAI DARI TOKO OREN SAMPAI TOKO IJO, Semua ada Promo ya bosku langsung check sekarang AHONGSHOP KALTIM JAM OPERASIONAL TOKO AHONGSHOP SENIN - MINGGU ♦️ Balikpapan : 09.00 Wita - 21.00 Wita ♦️ Samarinda : 09.00 Wita - 18.00 Wita AHONGSHOP Balikpapan 📞 WA : 0822-5446-3901 AHONGSHOP Samarinda 📞 WA : 0812-5094-7856 AHONGSHOP Luar Kota 📞 WA : 0822-5446-3901",9.0,0.0,9.0,2,Saturday,Night,455,73,0,1,0,0,0.646123979642964,0.7632324697825288,-0.9749279121818236,-0.2225209339563146,Carousel
3657031757283636345,3277846560,2025-06-17 14:56:19+00:00,"KUMRU’NUN TAŞIMACILIKTAKİ GÜVENİLİR MARKASI: KARDEŞLER HAFRİYAT 📍 Kumru’dan Türkiye’nin her yerine güvenilir nakliye hizmeti. Kardeşler Hafriyat, başta doğalgaz, çakıl, kum, tuğla ve çimento olmak üzere birçok alanda profesyonel taşımacılık hizmeti sunuyor. Geniş araç filosu ve deneyimli ekibiyle hızlı, güvenli ve ekonomik nakliye çözümleri sağlıyor. 🚛 Taşımacılıkta Güvenin Adı: KARDEŞLER HAFRİYAT 📍 Adres: Kardeşler Hafriyat – Demircili Mahallesi, Otogar İçi 📞 İletişim: Mesut Ayın – 0546 440 23 00 Kumru 👉 Güvenilir, hızlı ve kaliteli taşımacılık için Kardeşler Hafriyat her zaman yanınızda. @mesutayin",17.0,0.0,17.0,14,Tuesday,Afternoon,607,82,0,1,0,0,-0.6946583704589974,-0.7193398003386511,0.7818314824680298,0.6234898018587336,Carousel
3617759693927884072,4154594553,2025-04-24 10:29:44+00:00,✩+ ̊.⋆ Gái Cinnamoroll ✩+ ̊.⋆☾⋆++✧,1541.0,41.0,1582.0,10,Thursday,Morning,34,6,0,0,0,0,0.3867109616368213,-0.9222009716704516,0.43388373911755823,-0.900968867902419,Carousel
3090940870690484156,48150992742,2023-04-28 13:34:46+00:00,"For more awesome content like this follow 👉@masculineehub👈 . . . . . . If you love this post, drop a like and don't forget to give a comment. P.S. Money cannot save you Muscles cannot save you Nothing can save you from a bad women Unless you learn how they behave Get the ""Women's secrets"" ebook asap Save yourself before it's too late Go to my profile 👉@masculineehub👈 Click the ""LINK IN BIO"" to grab your copy (DM for UPI link)",3162.0,66.0,3228.0,13,Friday,Afternoon,429,82,0,2,0,0,-0.3987490689252459,-0.9170600743851242,-0.433883739117558,-0.9009688679024191,Image
3602168351263913263,791548738,2025-04-02 22:12:31+00:00,,888.0,1.0,889.0,22,Wednesday,Evening,0,0,0,0,0,0,-0.45399049973954697,0.8910065241883678,0.9749279121818236,-0.22252093395631434,Image
3128460794830876239,46842408005,2023-06-19 08:00:11+00:00,Moringa Powder Super Food ✅ • Improve Digestive System • Boost Immune System • Skin Nourishment • Fights Diabetes • Protects Liver • Control Blood Level • Anti-oxidant Property • Lower Cholesterol • Strong Bones • Great For Skin & Hair • Better Kidney Function • Better for Heart Health ✅ ✅ Inbox us for order 👝 https://organicalfa.com/Products/MoringaPowder 🥰 https://wa.me/+923067444417 (WhatsApp) 👈 #moringapowder #moringaleafpowder #foodhealth #food #healthyfood #health #foodhealthy #nutrition #instafood #healthyeating #healthylife #foodblogger #foodphotography #healthyliving #healthylifestyle #foodstagram #diet #delivery #veganrecipes #homemade #healthyfoodblog #foodscience #foodlife #foodlover #cleaneating #plantbased #eat #workout #bhfyp,1.0,0.0,1.0,8,Monday,Morning,750,91,29,0,0,0,0.8660254037844387,-0.4999999999999998,0.0,1.0,Image
3620334188962257637,15234373412,2025-04-27 23:44:48+00:00,"Aamiin ya Allah 😭 Aamiin ya Allah Aamiin ya Allah . Bantu support @tausiah.muslimah . Tag sahabatmu👌 . "" barang siapa menunjuki kepada kebaikan maka ia akan mendapatkan pahala seperti pahala orang yang mengerjakannya "" . Jangan lupa untuk share agar postingan kebaikan ini menjangkau orang yang luas. Terima kasih _______________________________ Follow ⏩@katabijakkehidupan_ Follow ⏩@katabijakkehidupan_ Follow ⏩@katabijakkehidupan_",3018.0,38.0,3056.0,23,Sunday,Evening,432,57,0,4,0,0,-0.06975647374412476,0.9975640502598243,-0.7818314824680299,0.6234898018587334,Image
3617105318280908431,9247315771,2025-04-23 12:49:36+00:00,@txt_bighit instagran update~ ❤️‍🔥 will you say yes? 💐 🐰confess coba . . . -🐱 ➖➖➖➖➖➖➖➖➖➖➖➖➖➖➖➖➖➖ Repost/Remake? Tag/©️®️❗Tap2X❤ Comment💬 Follow⏩@txtbighit_fanbase for more update ➖➖➖➖➖➖➖➖➖➖➖➖➖➖➖➖➖➖ #SOOBIN #YEONJUN #BEOMGYU #TAEHYUN #HUENINGKAI #TOMORROWXTOGETHER #TOMORROW_X_TOGETHER #TXT #수빈 #연준 #범규 #태현 #휴닝카이 #투모로우바이투게더 #moa #txtbighit #memetxt #txtindonesia #faktatxt #infotxt #txtfact #txtina #txtmoa #bighit #bighitmusic,586.0,4.0,590.0,12,Wednesday,Afternoon,426,49,25,2,0,2,-0.21217767215644617,-0.9772311064626789,0.9749279121818236,-0.22252093395631434,Carousel
3780771822963544033,1086660776,2025-12-05 08:26:47+00:00,"Tonight’s the night: Mozambique’s Ghorwane, our very own legendary band, celebrates 42 years with BCI’s support – you won’t want to miss this concert! #Mozambique #Moçambique #BCI #Ghorwane #MusicBand #ConcertNight #Anniversary #MozambiqueNews @bci_daqui @ghorwane.bonsrapazes BCI is joining the celebrations marking 42 years of the band Ghorwane’s career, one of Mozambique’s most iconic and influential musical groups. The commemorative concert will take place this Friday, 5 December, at 8:00 pm at the Franco-Mozambican Cultural Centre (CCFM) in Maputo, bringing to a distinguished close the cycle of celebrations that began in the same venue in 2024. This information was shared during a press conference held on Thursday, 4 December, at BCI’s Auditorium, attended by Roberto Chitsonzo, lead vocalist, and Carlos Gove, bassist and musical director of Ghorwane. On the occasion, BCI’s Administrator, Rogério Lam, highlighted the group’s significance in the national artistic landscape. “Speaking of Ghorwane is to evoke more than 40 years of history and to recognise one of Mozambique’s most emblematic bands. Ghorwane is not just a band; it is a living heritage of our culture,” he stated. He also emphasised that the group’s unique musical identity, marked by a fusion of traditional rhythms, African influences and contemporary sounds, aligns with BCI’s vision of valuing national culture and continuously supporting the arts. “Our partnership with Ghorwane reinforces our commitment to Mozambican music and to what distinguishes us as a people,” he added. During the conference, Roberto Chitsonzo recalled the group’s journey, formed in the 1980s and known for its distinctive style and strong social consciousness. He also highlighted the symbolism of the name Ghorwane, inspired by a lake in the Chibuto district of Gaza province, “a lake that never dries,” just like the band’s legacy. Carlos Gove, in turn, emphasised generational continuity: “This energy of 42 years is supported by young people to whom we have passed on our legacy. (...) Continue reading on the website Clubofmozambique.com Source: BCI / Press Release",11.0,0.0,11.0,8,Friday,Morning,2133,322,8,2,1,0,0.8038568606172174,-0.5948227867513411,-0.433883739117558,-0.9009688679024191,Image
3378019064385547503,54797229441,2024-05-28 15:48:39+00:00,"Le cycle de la femme 🫶🏼 Le cycle hormonal est propre à chaque femme, et il change tout au long de la vie. Les grandes étapes sont : 👉🏻 la puberté 👉🏻 la période adulte 👉🏻 les potentielles grossesses 👉🏻 le post partum 👉🏻 la perimenopause 👉🏻 la ménopause Aujourd’hui 2 femmes sur 3 souffrent de ces changements et se sentent seules et incomprises. Les Laboratoires Vichy s’associent avec l’association Wellbeing of Women pour lancer Hormonall : Ensemble pour le bien-être des femmes. Collaboration commerciale pour la diffusion d’un message de Santé Publique avec @vichylaboratoires #gyneco #gynecologie #gynecologue #docteur #medecin #medecine #santé #conseils #conseilsanté #bienetre #bienêtre #bienetreauquotidien #vichylaboratoires #hormonall",7238.0,152.0,7390.0,15,Tuesday,Afternoon,743,109,14,1,0,0,-0.838670567945424,-0.544639035015027,0.7818314824680298,0.6234898018587336,Reel
3681378261168357561,268841829,2025-07-21 05:08:28+00:00,沖縄の旅行 part1 (* ́∀`)~♥ 決定給比預期還好玩的沖縄動物園一個版面 有睡到翻肚的🦁 一直原地踏步的🐘 優雅的長頸鹿🦒還有長得很萌的水瀨等等 只是最後悔沒有買一隻動物手套... 就可以回家跟🐱打架-`д ́-,154.0,5.0,159.0,5,Monday,Night,111,11,0,0,0,0,0.9743700647852352,0.22495105434386492,0.0,1.0,Carousel
3685934506356100202,5868179415,2025-07-27 12:00:56+00:00,"“Eles me abraçaram como se fosse um abraço de mãe.” 🖤🏴🏳 Yuri Alberto revelou que teve chances de sair do Corinthians, mas optou por continuar no clube após uma conversa com o pai. Na última quinta-feira (24), teve seu contrato renovado até julho de 2030. 👉Apoio: @corinthiansdelivery #centraldotimao #sccp #timao #corinthians #vamoscorinthians #yurialberto #vaicorinthians #vaitimao",727.0,5.0,732.0,12,Sunday,Afternoon,382,55,8,1,0,0,1.2246467991473532e-16,-1.0,-0.7818314824680299,0.6234898018587334,Image
3652078548441029195,58243376940,2025-06-10 18:55:10+00:00,"➡️No dia 02 de junho, coordenações de grupos de atingidos, lideranças e comissão local territorial de Povoação do Rio Doce participaram de um encontro no escritório da Adai, para dialogar sobre as atividades do território com participação das lideranças. 📝No encontro, foram dados repasses sobre a reunião dos articuladores com as Instituições de Justiça que aconteceu em Governador Valadares (MG) no dia 29 de maio, além de uma formação sobre o Anexo 8, firmado no acordo de Repactuação do caso rio Doce, que trata sobre a Saúde no âmbito reparatório. Ainda no tema saúde, foi dialogado sobre o Programa Especial do Rio Doce, de responsabilidade do Ministério a da Saúde dentro do Sistema Único de Saúde (SUS), sobre a participação social das pessoas atingidas no conselho municipal de saúde do de Linhares e o Plano de Ação em Saúde (PAS) do município. Fotos: Adai",28.0,0.0,28.0,18,Tuesday,Evening,866,144,0,0,0,0,-0.9713420698132614,0.23768589232617307,0.7818314824680298,0.6234898018587336,Carousel
3641360837441930534,6947462653,2025-05-27 00:01:00+00:00,"🔥 ¡Temporada de oportunidades para tu negocio! 🔥 Aprovechá nuestra promo especial de Mayo y Junio y renová tu stock de abrigo con un 15% de DESCUENTO en toda nuestra colección en la web. Ojo!! Las camperas de denim ya tienen el dexcuento aplicado online y quedan en $8000 cada una. Encontrá las camperas y tapados de invierno que son tendencia, con la calidad y diseño que tus clientes buscan. ¡Ideal para potenciar tus ventas en esta temporada! 🛍️ ¡VENTA MAYORISTA EXCLUSIVA! Para acceder a esta promoción, tu compra debe ser a partir de $100.000. 🗓️ Válido solo por los meses de Mayo y Junio. ¡No dejes pasar esta oportunidad para vestir tu negocio con lo mejor! 🌐 Visitá nuestra tienda online y aplicá tu descuento. #DescuentoMayorista #OfertaInvierno #PromoParaComercios #RopaPorMayor #CamperasPorMayor #TapadosPorMayor #ModaMayorista #VentaMayorista #Descuento15Off #StockParaTuNegocio #PromoMayoJunio #Invierno2025 #TendenciaMayorista #ComprasPorMayor #MujerLogo",6.0,1.0,7.0,0,Tuesday,Night,968,141,15,0,6,0,0.004363309284746571,0.9999904807207345,0.7818314824680298,0.6234898018587336,Carousel
3641826044400081346,325800075,2025-05-27 15:25:20+00:00,"105.7 The Point Welcomes @modestmouse @thefactory_stl on Monday, October 6! 🎫 Grab your tickets to see Modest Mouse #LIVE in #StLouis starting this Friday at 10am on the Point #ConcertCalendar at 1057thepoint.com #ModestMouse",45.0,0.0,45.0,15,Tuesday,Afternoon,225,33,4,2,1,0,-0.7798844830928814,-0.6259234721840596,0.7818314824680298,0.6234898018587336,Image
3452420711754044988,13284579121,2024-09-08 07:30:00+00:00,"미국 의류 브랜드 마크 제이콥스가 40주년을 기념하여 푸츄라와 협업 컬렉션을 출시했습니다.🔥 마크 제이콥스와 푸추라는 2022년부터 Free Arts NYC 활동을 통해 연을 쌓아왔는데요.✨ 두 아티스트는 이번 40주년을 기념하여 마크 제이콥스의 시그니처 더 토트백, 더 스냅샷, 데님, 후디, 스웨터, 티셔츠, 주얼리 등 다양한 컬렉션을 출시했습니다.👀 더불어 컬렉션 모델로 제이 발빈과 팔로마 엘세서가 등장하여 조명 받았습니다.😍 9월 6일 공식 출시되어 마크 제이콥스 온라인 스토어에서 만나보실 수 있습니다.✅ 📸futuradosmil",131.0,0.0,131.0,7,Sunday,Morning,302,65,0,0,0,0,0.9238795325112868,-0.3826834323650895,-0.7818314824680299,0.6234898018587334,Carousel
3577760830925662361,2273796228,2025-02-28 05:59:08+00:00,Sipariş üzerine işlenmiş üründe hazırlıyorum 🌸🌷,64.0,1.0,65.0,5,Friday,Night,47,6,0,0,0,0,0.9999904807207345,0.004363309284746582,-0.433883739117558,-0.9009688679024191,Carousel
3379598366684172844,44245604535,2024-05-30 17:05:02+00:00,"Aurora boreal 📷Nikon 5300📍Parque Nacional Connemara Irlanda 🇮🇪 El viernes 10 de mayo de 2024, Irlanda fue testigo de un evento único de auroras boreales debido a una intensa tormenta geomagnética. Esta tormenta fue impulsada por varias eyecciones de masa coronal (CME) del Sol, lo que resultó en una actividad auroral extraordinaria que permitió ver las luces del norte mucho más al sur de lo habitual. ♥️ Las condiciones en Irlanda fueron ideales para observar este fenómeno, con cielos despejados y una gran cantidad de partículas solares interactuando con la atmósfera terrestre. En este evento se pude presenciar las impresionantes luces verdes y rojas en el cielo nocturno. ✨ Northern Lights 📷Nikon 5300📍Connemara National Park Ireland 🇮🇪 On Friday 10 May 2024, Ireland witnessed a unique Northern Lights event due to an intense geomagnetic storm. This storm was driven by several coronal mass ejections (CMEs) from the Sun, resulting in extraordinary auroral activity that allowed the Northern Lights to be seen much further south than usual. ♥️ The conditions in Ireland were ideal to observe this phenomenon, with clear skies and a large number of solar particles interacting with the Earth's atmosphere. At this event you could witness the impressive green and red lights in the night sky. ✨ #tourism #photooftheday #nikonista #lugaresnuevos♥️#livethemoment #travelcouple #nikonphotography #lovelaughlive #amazingplaces #instamoment #travelcouplelife #traveltheworld #photoftheday #photography #amaizingshoot #travelling #livethemoment #travelphotography #revistalatitud #descubritulatitud #eurotrip #bbctravel #bbc_travel #irelandtravel #ireland🍀 #irelandphotography #visitireland #northernlight #aurorasboreales",323.0,2.0,325.0,17,Thursday,Afternoon,1722,237,29,0,0,0,-0.9713420698132613,-0.23768589232617343,0.43388373911755823,-0.900968867902419,Image
3644706618509607383,28206342102,2025-05-31 14:48:28+00:00,"Eita! O Daniel Alves publicou uma foto uniformizado e com uma bíblia na mão: “O jogador continuará sendo jogador”, escreveu. O que acharam?",15847.0,386.0,16233.0,14,Saturday,Afternoon,139,23,0,0,1,1,-0.6691306063588582,-0.7431448254773942,-0.9749279121818236,-0.2225209339563146,Carousel
3524363670094705216,63000837113,2024-12-16 13:53:44+00:00,DM @the.popup.co for workshop registrations ✨ Join us on 21st & 22nd December from 11 AM to 10 PM at @nicolipasticceria for a magical Christmas event! Here’s what’s waiting for you: • Shopping: Discover amazing products at 10+ stalls by local sellers. • Festive Vibes: Beautiful Christmas decorations to get you in the holiday spirit. • Fun Workshops: Enjoy 10+ creative art workshops for kids and adults. • Music Parties: • 21st Dec: Taylor Swift Tribute Party. • 22nd Dec: Pop Music Party. • Pet-Friendly: Bring your pets along! We have treats and a special workshop just for them. 🎟 Tickets on Bookmyshow (link in bio) . . . #vijayawada #ThePopUpCo #WinterWonderland #PopUpEvent #VijayawadaEvents #ChristmasVibes #ShopLocal #HolidayShopping #ArtWorkshops #TaylorSwiftTribute #PopMusicParty #PetFriendlyEvents #PetWorkshops #ChristmasDecor #FamilyFun #FestiveSeason #CreativeWorkshops #SupportLocalVendors #PetTreats #MusicLovers #ChristmasMarket #HolidayFun,500.0,2.0,502.0,13,Monday,Afternoon,960,131,22,2,2,0,-0.47331966718484325,-0.8808907382053857,0.0,1.0,Reel
3347942797153731202,20573210,2024-04-17 03:51:44+00:00,"Last day of coachella ... John Summit 🎉, Dj snake🔥, Anyma 🤯😱. Djs brought life on day 3 #coachella #coahella2024",189.0,1.0,190.0,3,Wednesday,Night,112,20,2,0,0,0,0.8457278217039733,0.5336145159156115,0.9749279121818236,-0.22252093395631434,Carousel
2542534508218411513,46644275445,2021-04-01 21:49:14+00:00,Taco salad topped with a fermented mango pineapple habanero salsa. #inthekitchenwithdavid #fresh #fermentedsalsa #habanero #foodie #foodstagram #dinnertime,6.0,0.0,6.0,21,Thursday,Evening,155,17,7,0,0,0,-0.540974471367994,0.8410390129643923,0.43388373911755823,-0.900968867902419,Image
3711316308773462742,303584519,2025-08-31 12:30:00+00:00,A wish for the week ahead ♥️ ~ Nanea,2205.0,28.0,2233.0,12,Sunday,Afternoon,36,9,0,0,0,0,-0.13052619222005177,-0.9914448613738104,-0.7818314824680299,0.6234898018587334,Image
3618591311314268854,7374466838,2025-04-25 14:02:18+00:00,"🚧 Compartimos esta semana, como obra en ejecución, la instalación de soportes y toma de gases medicinales, por un monto superior a los 221 millones de pesos. Las tomas permiten administrar a los pacientes gases para anestesiar y esterilizar, entre otros 🏥",12.0,0.0,12.0,14,Friday,Afternoon,255,42,0,0,0,0,-0.5075383629607042,-0.8616291604415257,-0.433883739117558,-0.9009688679024191,Carousel
3698612797867890534,11170668354,2025-08-13 23:51:34+00:00,It was my great pleasure this past weekend to introduce “America’s Mayor” Rudy Giuliani at Gateway Pundit’s ‘Vindicated Heroes’ conference in Las Vegas. It was an inspiring gathering of patriots committed to truth and justice. Be sure to follow me on X @LaraLogan for daily posts and updates. Please consider donating on our website below — Thanks so much for supporting independent journalism! Support Us Here: https://laralogan.com/support/ @therudygiuliani @gatewaypundit @goingrogueshow #RudyGiuliani #VindicatedHeroes #GatewayPundit,1241.0,31.0,1272.0,23,Wednesday,Evening,537,73,3,4,1,0,-0.03925981575906819,0.9992290362407229,0.9749279121818236,-0.22252093395631434,Reel
3488035486189753335,7649783508,2024-10-27 10:50:53+00:00,"Ready 🥳🥳 Downy pewangi netto 8ml🥰🥰 *harga 5.000 beli 5@4.800*😍😍 WELCOME RESELLER✅ 📍 TOKO MEGA UDIN ( Jl. Kyai Morang Raya Rt 02 Rw 06, Penggaron Kidul, Semarang ) 📞 0895 414 657 995 ( Adm 1) 0895 603 195 200 (Adm 2 ) *Barang* Ready di toko ya kak... Sebelum order sebaiknya tanyakan stok dikarenakan STOK BERJALAN!! #indonesia #grosirsemarang #grosirmurah #grosirrumahtangga #pusatgrosironline#grosirkudus #grosirsolo#grosirjogja #grosirmalang #grosirdemak #grosirpurwodadi #grosirdemakmurah #grosirperabotanrumahtangga #sulawesi #jakartatimur #jawa #jawatimur#jakarta #grosirtermurah #tokoviral #tokomegaudin",0.0,0.0,0.0,10,Sunday,Morning,609,76,21,0,2,0,0.30070579950427334,-0.9537169507482268,-0.7818314824680299,0.6234898018587334,Image
2448651446795665289,181608645,2020-11-23 09:00:23+00:00,Move through summer in Kaia's latest styles of girl's separates 🌴☀️ Available in store and online at: www.bloch.com.au,877.0,2.0,879.0,9,Monday,Morning,118,18,0,0,0,0,0.7071067811865476,-0.7071067811865475,0.0,1.0,Image
3461325702191305945,62736462429,2024-09-20 14:23:19+00:00,#zenistu #demonslayer #anime #animeboys #animedarwings #artist #animeartist #penart #instagrmartist,70.0,2.0,72.0,14,Friday,Afternoon,99,9,9,0,0,0,-0.5842496656374342,-0.8115739819650125,-0.433883739117558,-0.9009688679024191,Image
3727739033540820868,2332921424,2025-09-23 04:19:03+00:00,"🌅✨ An Evening to Remember Our debut Yoga & Floating Sound Bath at SO Sofitel Hua Hin was pure magic from sunset skies, flowing yoga, and floating sound healing. 🌊🧘‍♀️ Thank you to Kru Bird from Bird of Yoga Studio and everyone who joined this unforgettable evening of balance and connection 💖 Stay tuned for our next wellness experience! 👉 Discover more, click link in bio. ☎ Call 032709501, 032709529 and 032709530 📲 Add LINE: Search @sosofitelhuahin #sosofitelhuahin #sohotels #sohotelsandresort #chaambeach #huahin #beachhotel #staycation #wellness #yoga #soundbath #floatingyoga #floatingsoundbath",1445.0,3.0,1448.0,4,Tuesday,Night,601,89,12,1,1,0,0.9044551454543679,0.4265687399014585,0.7818314824680298,0.6234898018587336,Carousel
3619255579802923437,6194477765,2025-04-26 12:01:48+00:00,Elegância e atitude no look de hoje! Jaqueta Stone+calca Anselmi= combinação perfeita para a estação 🍁 📲Entre em contato com um de nossos vendedores pelo WhatsApp (54)984125431 Ou nos chame aqui pelo direct🛒🛍️,10.0,0.0,10.0,12,Saturday,Afternoon,209,33,0,0,1,0,-0.0043633092847466205,-0.9999904807207345,-0.9749279121818236,-0.2225209339563146,Image
3658657851490403889,7010602166,2025-06-19 20:47:04+00:00,Go To My Twitter/X: @XRPcryptowolf If You Want To Read The Full News Articles #xrp #xrpripple #btc #bitcoin #eth #ripple #fintech #crypto #ethereum #cryptocurrencies #blockchain #cryptocurrency #bitcoinnews #followme #cryptonews #ripplexrp #cryptocurrencytrading #blockchaintechnology #followmeoninstagram #cryptocurrencynews #followmeontwitter #blockchainnews #xrpthestandard #cryptoinvestor #xrpcommunity #xrpcryptowolf #bitcointrading #cryptotrading #bitcointrader #cryptotrader,138.0,0.0,138.0,20,Thursday,Evening,481,44,30,1,0,0,-0.7460573750616991,0.6658816660008348,0.43388373911755823,-0.900968867902419,Image
3617912824097258121,8978012449,2025-04-24 15:33:59+00:00,"SEAT COVER CRAYONS 🖍️ . .. PROTEKSYON sa FLATSEAT MO . . . .. . Sakto sa ULAN 🌨️ at iNiT ARAW 🌤️ . 🔺 Anti - Pusa Scratch 🔺 Water Proof . Recipe CRAYONS SEATCOVER 🏁 800 php . CRAYONS SEAT COVER 800 php Anti - Pusa scratch water proof . 📍 small - mio , raider , fino , sniper , genio , wave , fazzio , beat , xrm , mxi . 📍 Big - Giorno Nmax v1 v2 , PCX , ADV , AEROX v1 v2 Nouvo , Click , . 📍 Xmax - 1000 php . . OPEN for RESELLER ☎️ . . . ONLiNE MARKET. 🛒 . 📍SHOPEE shopee.ph/thelokalrecipe_official 📍TIKTOK https://www.tiktok.com/@onefourthpremium?_t=8oL8pmPiTqM&_r=1 📍FB PAGE https://www.facebook.com/share/MatRDdssZcEmkifc/?mibextid=LQQJ4d 📍LAZADA https://s.lazada.com.ph/s.l8px3?dsource=share&laz_share_info=1134221790_100_1600_0_1134223790_null&laz_token=66debc300cfe13a18baa02ea686eebc8 . t h e l o k a l r e c i p e . . Yamaha Honda Ninong Chiken The Lokal Recipe Ninong",30.0,1.0,31.0,15,Thursday,Afternoon,876,147,0,1,0,3,-0.8012538126910606,-0.5983246005706593,0.43388373911755823,-0.900968867902419,Image
3694516494244028030,6254168834,2025-08-08 08:11:48+00:00,"📥READY TO ORDER📥 Ad1das sl72 rs bob marley Size 39 1/3 (24,5CM) Brand new in box For more info dm Explore our colection!",18.0,0.0,18.0,8,Friday,Morning,120,23,0,0,1,0,0.8410390129643925,-0.5409744713679938,-0.433883739117558,-0.9009688679024191,Carousel
3602313177191357656,1933709406,2025-04-03 03:00:16+00:00,"Refleks atau gerak yang tidak disengaja ternyata juga harus dimiliki bayi, loh Moms. 👀 Refleks itu antara lain refleks mengikuti arah jari saat diletakkan di pinggir mulut, refleks ketika mendengar suara hingga refleks menggenggam. Setidaknya ada 7 gerakan refleks yang harus ditunjukkan oleh bayi yang sehat. 👩‍🏫 Jika Moms tidak melihat salah satu dari 7 refleks yang ada, jangan ragu membawa si kecil ke dokter spesialis anak untuk diperiksa. 🙂 . LustyBunny, sejak tahun 1973 Customer Service (WA) : 081802144888 . #lustybunny #bunny #happypumping #tipsbayisehat #tipsbayi #bayiceria #tokobayionline #perlengakapanbayi #perlakbayi #mpasimudah #tipsasi #tumbuhkembanganak #tipsparentinganak #tipsbayi #ceritabunda #mamaasi #stokasip #asilancar",17.0,4.0,21.0,3,Thursday,Night,744,99,17,0,0,0,0.7071067811865475,0.7071067811865476,0.43388373911755823,-0.900968867902419,Carousel
3646359528519037370,1978639341,2025-06-02 21:32:30+00:00,"Em entrevista para Loudwire, Zacky V falou sobre o álbum Life is but a Dream: “Sinto que muitas bandas pensam: ‘Ok, vamos fazer um disco que vai deixar todo mundo feliz. Nós pensamos, não! Temos que estar dispostos a perder tudo o que construímos nos últimos 20 e poucos anos, temos que estar dispostos a arriscar tudo pela emoção que nos trouxe a fazer isso em primeiro lugar. Escreva o álbum que você quer fazer, coloque a arte do jeito que você quer fazer. Esteja disposto a perder sua casa. Esteja disposto a recomeçar para fazer algo que você ama. E se você não está disposto a fazer isso, não será capaz de criar algo que seja verdadeiro para si mesmo e verdadeiro em seu coração. Você está apenas seguindo os movimentos. Nós sempre tratamos cada disco como se fosse a coisa mais importante do mundo. Fizemos isso em todos os álbuns, você tem que lutar para ficar fora de sua zona de conforto. Não há dúvida de que Life Is But a Dream existe fora da zona de conforto da banda, o que é bom porque é exatamente o que estávamos tentando fazer. Algumas pessoas não entendem hoje, outras vão entender mais tarde. E isso não me importa, é o que nós queríamos fazer... Estou muito orgulhoso da minha banda porque sempre tivemos a mesma mentalidade de ser a banda que lançou Warmness on the Soul quando tínhamos 17 anos. Eu e M. Shadows colocamos uma balada de piano em cima de um álbum de black metal, punk rock e metalcore. Naquele momento, todos na cena hardcore nos odiavam e não entendiam e queriam lutar contra nós porque estávamos obliterando a santidade do hardcore. O instinto natural é jogar pelo seguro, é aí que a natureza humana intervém e diz: Não sei se podemos fazer isso. Mas é onde nos sentimos mais vivos. Eu sei que nem todos vão gostar do álbum. Mesmo se nós fizéssemos um Nightmare ou Hail To The King 2.0 teriam pessoas que não gostar. Então iríamos fazer mais do mesmo ou algo com todo nosso coração e alma? Não existe nada mais gratificante que isso.” . . . . . . . . . . . . . . . #a7x #a7xfamily #avengedsevenfold #mshadows #synystergates #zackyv #johnnychrist #brookswackerman #therev #deathbat #deathbatnation",429.0,8.0,437.0,21,Monday,Evening,2136,387,11,0,1,1,-0.6018150231520483,0.7986355100472928,0.0,1.0,Image
1185905291502542510,1587804342,2016-02-16 02:49:08+00:00,#vapelife #imaddicted #cloudporn #notblowingsmoke #vapeporn #girlswhovape #tfv4 #crepeliquid #bananatoastcrunch,16.0,0.0,16.0,2,Tuesday,Night,111,9,9,0,0,0,0.6723668074346679,0.7402181274868321,0.7818314824680298,0.6234898018587336,Video
3729050129543224796,45501434271,2025-09-24 23:43:58+00:00,,0.0,0.0,0.0,23,Wednesday,Evening,0,0,0,0,0,0,-0.0741084901954002,0.9972501850994856,0.9749279121818236,-0.22252093395631434,Image
3640409496947517140,428372954,2025-05-25 16:30:51+00:00,"Pero qué necesidad, ¿para qué tanto problema? JuanGa vibes en Xochimilco 💅🏽",169.0,3.0,172.0,16,Sunday,Afternoon,75,12,0,0,0,1,-0.9238795325112868,-0.3826834323650895,-0.7818314824680299,0.6234898018587334,Carousel
3677979077526770427,1171178497,2025-07-16 12:34:54+00:00,떠올리면 포근함 그 자체인 이번 현장 ☁️🫧 믿어주시고 늘 따뜻하게 대해주셔서 감사하고 배울점 많았던 현장이에요 🫧☁️🤍 디자인 및 시공 @revedehome.official,1045.0,17.0,1062.0,12,Wednesday,Afternoon,97,20,0,1,0,0,-0.14780941112961016,-0.9890158633619169,0.9749279121818236,-0.22252093395631434,Carousel
3199759169523043235,3236922267,2023-09-25 16:57:19+00:00,"On Saturday afternoon, Left Voice joined together with other organizations the UAW workers' picket line at the Stellantis/Chrysler distribution center in Tappan, NY. Dm us if you are interested in joining us on solidarity actions with The Big Three workers who are on strike or getting ready to join the collective action to get a strong contract after decades of setbacks. #StandUpUAW @uaw.union @uawregion9a",177.0,0.0,177.0,16,Monday,Afternoon,409,64,1,2,0,0,-0.9624552364536471,-0.27144044986507504,0.0,1.0,Carousel
2849137791562783349,48532801966,2022-05-29 22:35:13+00:00,Did you know that you can now cast your ballot in the California June 7th election? Don’t wait for the last minute and cast your vote for Marco Amaral for Superintendent of Public Instruction. Make your plan to vote at: https://www.sos.ca.gov/elections #WeThePeople #EdJustice #PublicEducationForAll #PowerToThePeople,22.0,0.0,22.0,22,Sunday,Evening,317,45,4,0,0,1,-0.36243803828370186,0.9320078692827984,-0.7818314824680299,0.6234898018587334,Image
3581691905291223528,19393132588,2025-03-05 16:09:29+00:00,Conta pra gente se você comhece esse tênis! Ele é uma febre aqui nos EUA 🇺🇸 #onrunning #shoes #importados #redirecionamentodecompras,14.0,2.0,16.0,16,Wednesday,Afternoon,132,20,4,0,1,0,-0.8849876374630418,-0.46561452032511164,0.9749279121818236,-0.22252093395631434,Carousel
3027005774887576707,28193861569,2023-01-30 08:27:46+00:00,Good morning Fam 🥰 @stylishexistence Credit: DM me please! 🔹️ DONT FORGET⤵️ LIKE ❤ COMMENT 📩 SHARE IT WITH YOUR FRIENDS & SAVE IT✔ -——————————————————————————— Follow us ↪ @stylishexistence ❤ ———————————————————————————— 📸 All rights and credits are reserved to the respective owner (s) DM By #mens #menstyle #fashion #fashionable #couplegoals #streetstyle #mensfashion #fitness #menswear #styleoftheday #styleblogger #mensstyleguide #instagood #fashionmen #menwithstreetstyle #instablogger #blackandwhite #menfashionpost #michelemorrone #fashionstyle #dog #outfitoftheday #summervibes #shooting #vintage #hairstyle #bodybuilding #friends #marianodivaio #italy,216.0,14.0,230.0,8,Monday,Morning,660,75,30,2,1,0,0.8012538126910609,-0.5983246005706587,0.0,1.0,Video
3649919361114004686,1579165025,2025-06-07 19:25:15+00:00,"🚫 No glue. No appointments. Just glam in under 60 seconds. Say hello to the Aurora Self-Adhesive Cluster Lashes — the ultimate lash hack for beauty on your terms. These lightweight, pre-glued clusters are made for quick mornings, last-minute plans, and everyday elegance. ✨ Natural-looking volume ✨ Soft, flexible band for all-day comfort ✨ Reusable up to 5x with care Why wait in the salon chair when you can stick & slay at home? 🖤 Tap the link in bio to grab yours now before we sell out! #amyjunelashes #stripLash #lashgoals #minklashes #fauxminklashes #lashaddict #beautyessentials #glamlashes #lashgoals #DIYlashes #selfadhesivelashes #clusterlashes #lashaddict",6.0,10.0,16.0,19,Saturday,Evening,667,101,11,0,1,1,-0.9320078692827986,0.36243803828370147,-0.9749279121818236,-0.2225209339563146,Image
3589596245191859015,1609538,2025-03-16 13:53:59+00:00,"Big thanks to our Antipolo fam for being the ultimate tour guides! The kids had a blast, and the lolas too! Wish you were here Tita @beltranbatbat",9.0,0.0,9.0,13,Sunday,Afternoon,146,27,0,1,2,0,-0.47331966718484325,-0.8808907382053857,-0.7818314824680299,0.6234898018587334,Carousel
3618606106027179699,4890454062,2025-04-25 14:31:28+00:00,⁠🔷🔷🔷⁠ SUPER FAMILY FUN⁠ ⁠🔷🔷🔷⁠ ALL SUMMER LONG⁠ ⁠🔷🔷🔷⁠ SPLASH PAD⁠ S'MORES⁠ SLIDE⁠ SITTING⁠ SWIMMING⁠ SHADE⁠ SUN⁠ SLIDING DOORS 10 FEET TALL⁠ ⁠🔷🔷🔷⁠ SUPER BACKYARD⁠ ⁠🔷🔷🔷⁠ HAS IT ALL⁠ ⁠🔷🔷🔷⁠ CHECK OUT THE BEFORE PIC⁠ ⁠🔷🔷🔷⁠ DESIGN TEAM @Farleydesigns⁠ #claffeypools⁠ Lawanna Wood Designs and Allscapes Landscape⁠ Pics by L.Farley⁠ @tributarypools⁠ @dolphin_waterslides @jandy @fluidra⁠ @pebbletec #jlambertcustomhomes⁠ @milgardwindowsdoors ⁠ ⁠ #contemporary #poolslide #landscapedesign⁠ #luxuryliving #outdoordesign #outdoorliving #luxuryhome #exteriordesign #friscomoms #prospermoms #dallasmoms #southlakemoms #familyfun #beforeandafter #beforeandafterhome #modernpool #luxuryoutdoorliving,155.0,22.0,177.0,14,Friday,Afternoon,684,75,22,7,0,0,-0.6122172800344494,-0.7906895737438433,-0.433883739117558,-0.9009688679024191,Carousel
3346026955803293050,49088809689,2024-04-14 12:25:17+00:00,"!!️ İsrail İranın hücumunu dəf etmək üçün bir gecədə 1,3 milyard dollar xərcləyib #iran #israel #dron #PUA #müharibə #usa",1.0,0.0,1.0,12,Sunday,Afternoon,121,19,6,0,2,0,-0.10886687485196432,-0.9940563382223196,-0.7818314824680299,0.6234898018587334,Image
3410333946117394150,5791852274,2024-07-12 05:52:20+00:00,"12 Jul 2024 - INTI Misi Archangel Michael ❤️ Kmrn malam ""dapat INSIGHT"" ini 👆 Sekarang banyak banget jiwa2 yg terkungkung dan berada di bawah ""perbudakan""..so sad. Semoga jiwa2 malang ini bisa segera trbebas dari ""nerakanya"" #diarycewekindigo #indigo #archangelMICHAEL #malaikat #angel #saintmichael",599.0,17.0,616.0,5,Friday,Night,299,42,6,0,0,0,0.9993908270190958,0.03489949670250086,-0.433883739117558,-0.9009688679024191,Video
3602011149412360137,253993332,2025-04-02 17:00:15+00:00,"NOAA terminations aren’t just job losses—they impact coastal management, disaster response, and weather accuracy. 🌊 Have these cuts affected your work or community? 🔗 Link in bio to share your story. #WhereScienceConnectsUs",182.0,1.0,183.0,17,Wednesday,Afternoon,223,32,1,0,0,1,-0.9659258262890683,-0.25881904510252063,0.9749279121818236,-0.22252093395631434,Carousel
3643436870954268355,321971393,2025-05-29 20:45:43+00:00,O limite da liberdade. #ritamundim #frasedodia #economianareal,185.0,5.0,190.0,20,Thursday,Evening,62,7,3,0,0,0,-0.7518398074789772,0.6593458151000691,0.43388373911755823,-0.900968867902419,Image
3631783735419598460,583941747,2025-05-13 18:53:00+00:00,"Just took this photo five minutes ago, no joke. It’s been so sunny lately that it’s actually too bright during the day to photograph anything properly. I’ve been dodging sunbeams like a vampire with a camera. But I couldn’t wait to show you this beauty. It’s made entirely from the customer’s old gold and diamonds, melted down, reworked, and given a completely new lease of life. I love how the stones are scattered like they’ve just landed there by magic. It’s got sparkle, history and a bit of a story too.",127.0,11.0,138.0,18,Tuesday,Evening,509,91,0,0,0,0,-0.9733792584604486,0.22920039092241382,0.7818314824680298,0.6234898018587336,Image
2324666135327670281,35319825679,2020-06-05 07:23:40+00:00,#friday #fridayvibes #followfriday 😀,39.0,0.0,39.0,7,Friday,Morning,36,4,3,0,0,0,0.9351352096860117,-0.35429103799771566,-0.433883739117558,-0.9009688679024191,Image
3188426262700204051,57134145783,2023-09-10 01:45:00+00:00,"Jihan Kennedy, Realtor® Berkshire Hathaway HomeServices California Properties 🏡Open House! 👋Contact me today! 📱760.710.1717 💌Jihankennedy@bhhscal.com 📍5973 Avenida Encinas, Suite 110 Carlsbad, CA 92008 https://www.bhhscalifornia.com/real-estate-agent/jihan-kennedy/9347 California DRE # 02196855 Hawaii DRE # RS-84216 #bhhscpcarlsbad, #sanmarcoscalifornia #ComparativeMarketAnalysisRealtor, #Carlsbadcalifornia, EncinitasCalifornia, #LaJollaCalifornia, California, #SouthernCaliforniaRealEstate, #CarlsbadRealEstate, #SanDiegoRealEstate, #RealEstateExcellence, #BHHSCalifornia, #BHHSRealEstate, #ComparativeMarketAnalysis, #Californiarealtor, #sellersagent, #buyersagent, #realtor, #socallifestyle, #foreveragent, #BHHS, #BHHSCaliforniaProperties,#ForEveryone, #ForeverBrand, #OpenHouse",8.0,3.0,11.0,1,Sunday,Night,786,56,43,0,2,0,0.44228869021900125,0.8968727415326884,-0.7818314824680299,0.6234898018587334,Video
3579416815623543215,40734424017,2025-03-02 12:49:42+00:00,चमोली जिले में माणा हिमस्खलन की घटना के बाद चलाए गए रेस्क्यू अभियान की जानकारी देते चमोली के जिलाधिकारी श्री संदीप तिवारी।,28.0,0.0,28.0,12,Sunday,Afternoon,122,22,0,0,0,0,-0.21217767215644617,-0.9772311064626789,-0.7818314824680299,0.6234898018587334,Reel
3414892403464766898,1564479237,2024-07-18 12:48:39+00:00,"|NEW| ‘Broken Hearts’ tee by @makiaclothing 🇫🇮collection of modern-day streetwear 💙 [€45,-] #street #streetridderkerk #ridderkerk #netherlands #new #finland #finnisch #makia #makiaclothing #streetwear #musthave #tt #harbour #storyteller #supportyourlocalheroes #fashionbrand #fashionstore #maurikunnas #collab #limited",3.0,0.0,3.0,12,Thursday,Afternoon,318,32,20,1,0,0,-0.20791169081775907,-0.9781476007338057,0.43388373911755823,-0.900968867902419,Carousel
3644199399228659809,4476193180,2025-05-30 22:00:43+00:00,اهل الرياض! جاهزين؟ 😎🔥 النكهة اللي كلكم سمعتوا عنها، صارت أقرب مما تتخيلوا ، جيييناكم ونستناكم الساعة 7 مساءً ❤️‍🔥 الرياض - حي الفيحاء - شارع البيان,42.0,8.0,50.0,22,Friday,Evening,148,27,0,0,1,0,-0.5000000000000004,0.8660254037844384,-0.433883739117558,-0.9009688679024191,Image
3641097116592963552,18426936642,2025-05-26 15:17:02+00:00,Etiqueta a tu pareja 🥺❤ . Sigueme: @frases.amorosasss • • • #amor #novios #parejas #parejasgoals #parejastumblr #frasesdeparejas #cosasdenovios #amorincondicional #amorpropio #frasesdeamor #escritos #felicidad #frasesdenovios #romantico #frasesdiarias #reflexiones #nochesdeletras #frasescortas #enamorado #enamorada #fondodepantalla #bipolar #tumbrl #frasesdeamistad #noviosfelices #celoso #celosa #escritosdenovios,10169.0,35.0,10204.0,15,Monday,Afternoon,416,39,28,1,0,0,-0.7575649843840494,-0.6527597524627227,0.0,1.0,Image
3072555837625653317,45264444994,2023-04-03 04:47:00+00:00,Remembering the moments when I ate your slipper😉💕👀 #sloughisofinstagram #sloughi #sleepypuppy #sleepydog #sighthoundsofinstagram #sighthound #sighthounds #sighthoundlove #sighthoundpuppy #cutedogs #cutedogsofinstagram #cutepuppy #cutepuppies #puppysmiles #puppydog #puppiesofinstagram #puppylove #puppylife #funnydogs #puppy #puppies #puppyoftheday #puppygram #dogsofinstagram #thedailybarker #thestatelyhound #doglife #doggosbeingdoggos #doggosdoingthings,82.0,1.0,83.0,4,Monday,Night,456,37,29,0,0,0,0.949699126201877,0.31316380648374953,0.0,1.0,Image
3166387279593927045,20824486,2023-08-10 16:03:40+00:00,"@jaren locked in at @usabasketball training camp practice! 🎙️ #USABMNT action continues this weekend... USA vs. Slovenia: Saturday, 8/12 at 3:30pm/et on FS1. USA vs. Spain: Sunday, 8/13 at 3:30pm/et on FOX.",20637.0,76.0,20713.0,16,Thursday,Afternoon,206,32,1,2,1,0,-0.872496007072797,-0.4886212414969553,0.43388373911755823,-0.900968867902419,Reel
3642467872040050852,6284695650,2025-05-28 12:40:00+00:00,"Uma riqueza esse cartelão! 😍😍 CLICA NO LINK DA MINHA BIOGRAFIA E SAIBA COMO COMPRAR! 🛒 . Cartelão luxo 15,00 . . Enviamos para todo Brasil, frete fixo de 17,99 . . . #nailsnailsnails #nails #nailsart #nailsdesign #nailsdesigner #unhasnaturais #unhasdefibra #unhasalongadas #unhasdeluxo #unhasperfeitas #unhaslindas #manicura #manicure #pedicure #manicureepedicure #unhasdecoradasamão #manicurebrasil #manicureporamor #nailsnailsnails💅",17.0,0.0,17.0,12,Wednesday,Afternoon,434,52,19,0,2,0,-0.17364817766693003,-0.9848077530122081,0.9749279121818236,-0.22252093395631434,Carousel
3641917742254444566,352837931,2025-05-27 18:28:39+00:00,Estão precisando de ajuda por aí? 😂😂 Cadê o Marqueteiro Milionário?,888.0,104.0,992.0,18,Tuesday,Evening,67,11,0,0,0,2,-0.9925461516413221,0.12186934340514681,0.7818314824680298,0.6234898018587336,Video
3774493107045027573,12992325,2025-11-26 16:31:06+00:00,"A judge dismissed the Georgia state criminal election fraud case against President Donald Trump and his co-defendants Nov. 26 at the request of a prosecutor. Peter Skandalakis, of the Prosecuting Attorneys' Council of Georgia, said in a motion that he believes declining to prosecute the case any further would best ""serve the interests of justice and promote judicial finality"" in the case. The decision comes after Fulton County District Attorney Fani Willis, whose office brought charges against Trump and several other co-defendants, was disqualified from the case as a result of a relationship she had with another prosecutor. Read more at the link in our bio.",981.0,203.0,1184.0,16,Wednesday,Afternoon,665,106,0,0,0,0,-0.925540504017566,-0.3786486173524338,0.9749279121818236,-0.22252093395631434,Image
3615116110167148264,2995641563,2025-04-20 18:57:25+00:00,Thank you Governor Ron DeSantis,49.0,1.0,50.0,18,Sunday,Evening,31,5,0,0,0,0,-0.9692309097067545,0.2461532930289925,-0.7818314824680299,0.6234898018587334,Image
3605680310660107897,1457917041,2025-04-07 18:30:09+00:00,Help Monitor Local Water Quality! The Worcester ponds Cyanobacteria Monitoring Collaborative (WCMC) is looking for volunteers to collect water samples and track cyanobacteria in local waterbodies. No experience needed! To volunteer visit the link in the bio.,42.0,0.0,42.0,18,Monday,Evening,258,37,0,0,2,0,-0.9914448613738105,0.13052619222005127,0.0,1.0,Carousel
3420630881033187311,65178397715,2024-07-26 10:49:58+00:00,Sahih al-Bukhari 0636 - Hayya 'ala-s-Salah - Hayya 'ala-l-Falah - Eilt zum Gebet - Eilt zum Erfolg 🤍! #success #hayyaalasalah #hayyaalalfalah #moschee #jummah #jummahkareem #hadith #prayer #focus #rightpath #beautyofislam #freepalestine #gaza #oneummah #hamburg #11 #اية,11.0,1.0,12.0,10,Friday,Morning,270,35,17,0,1,0,0.30486429902801077,-0.9523957996432784,-0.433883739117558,-0.9009688679024191,Image
2653743579972014165,48069582589,2021-09-02 08:21:48+00:00,"Sep 30, 2004 - St.-Sgt. Victor Ariel, 20, of Kadima, a medic in the Shimshon Battalion, was killed by a grenade thrown by a Hamas terrorist as he ran to treat Shulamit Batito, whom terrorists shot dead as she was jogging near her home in Nissanit in the Gaza Strip. A devoted student of karate since the fourth grade, Ariel eventually became an instructor who taught an entire generation of children on his moshav. ""It's always the good ones who go, and you always hear about the 'flowers' that were cut off in their prime,"" recalled Moshiko, a childhood friend. ""And it's so painful to say this about someone you grew up with -- but Victor really was a flower. If I had to think about someone who contributed to the community, that's Victor. For whole summers long, when everyone was on vacation, he'd come and train the kids in karate. He virtually raised the next generation on Kadima."" #endjewhatred #hamaslies #hamasterrorists #standwithisrael #stoptheantisciencemovement #stoptheviolence #stopantisemitism #standwithisrael✡️🇮🇱 #stopantisemit #israelunderattack",9.0,0.0,9.0,8,Thursday,Morning,1066,169,10,0,0,0,0.816641555161679,-0.5771451900372335,0.43388373911755823,-0.900968867902419,Image
3622255310869563852,64711561706,2025-04-30 16:00:19+00:00,"♀ 🤝O Consórcio de Desenvolvimento dos Municípios do Alto Tietê e Região (Condemat+) instituiu a Câmara Técnica de Políticas Públicas para Mulheres. Entre as metas estão a organização de um Fórum Regional, a expansão dos programas voltados à proteção das vítimas de violência, campanhas de conscientização sobre ciclos de abuso e relações de gênero. A coordenação ficou a cargo da presidente do Fundo Social e primeira-dama de Arujá, Clau Camargo, juntamente com secretária de Políticas das Mulheres e primeira-dama de Biritiba Mirim, Roberta Taino, que assumiu a coordenação-adjunta. A oficialização aconteceu na manhã de terça-feira (29) na sede do consórcio. @claucamargo.adv @condemataltotiete @robertadeoliveirataino 📌Saiba mais: www.portalnews.com.br #mogidascruzes #mogidascruzessp #altotiete #noticias #informacao #moginews",10.0,0.0,10.0,16,Wednesday,Afternoon,830,112,6,3,0,0,-0.8660254037844384,-0.5000000000000004,0.9749279121818236,-0.22252093395631434,Reel
1808644587468645904,1688144328,2018-06-24 08:00:58+00:00,Co powiecie na to cudo 😍❤️ #caffeprzyulicy #ciasta #cake #słodkości #breakfast #breakfastallday #instafood #instagood #cooffetime #cooffebreak #sweets #brownie #retkinia #bałuty #chojny #łódź #healthy #healthyfood,385.0,3.0,388.0,8,Sunday,Morning,213,24,18,0,0,0,0.8660254037844387,-0.4999999999999998,-0.7818314824680299,0.6234898018587334,Image
3656595815452709217,257720505,2025-06-17 00:30:11+00:00,"🔥Se viene el Go Skateboarding Day 🔥 Los invitamos a compartir el día sábado 21 en el Spot de Tecmatica, nos vemos a las 9 a.m. Tendremos - Best Trick contest 🛹 - Concurso de fotografía. 📸 💥¡Además tendremos la búsqueda de """"golden tickets"""" escondidos por la cercanía del Spot, para que puedan ganarse un par de Dc Shoes!💥 ¡Los esperamos, no te lo pierdas! #PLX #nottryinghard #skateboarding #tiendasplx #dcshoes @dcshoes_costarica",194.0,1.0,195.0,0,Tuesday,Night,431,71,5,1,2,0,0.13052619222005157,0.9914448613738104,0.7818314824680298,0.6234898018587336,Carousel
2232118085729148977,178968172,2020-01-29 14:47:12+00:00,Desliza👉🏼‪Chicas aqui les dejo mi rutina de piernas que hice hoy enviada por mi #coach @teamgqfit cuidando mi lado lastimado 😕 seguimos trabajando en equipo con @ricardodematos7 para mi preparación 💪🏾#gymmotivation #fitmom #slimfit #bodypositive #fitbody #gymmotivation #bodytran,2388.0,20.0,2408.0,14,Wednesday,Afternoon,279,37,7,2,0,0,-0.6658816660008342,-0.7460573750616997,0.9749279121818236,-0.22252093395631434,Carousel
3601240650977876457,6942805633,2025-04-01 15:29:21+00:00,"What drives kids to read? Researchers identified seven categories of reading motivation: – Curiosity (interest in learning) – Involvement (enjoyment of stories) – Recognition (praise for reading) – Grades (academic reward) – Competition (outperforming others) – Compliance (reading because it’s required) – Work Avoidance (avoiding reading effort) Curiosity and involvement—both intrinsic—are most closely linked to stronger reading habits and comprehension. Source: Schiefele, U., Schaffner, E., Möller, J., & Wigfield, A. (2012). Dimensions of reading motivation and their relation to reading behavior and competence. Reading Research Quarterly, 47(4), 427–463. https://doi.org/10.1002/RRQ.030",42.0,0.0,42.0,15,Tuesday,Afternoon,695,89,0,0,0,1,-0.7906895737438433,-0.6122172800344493,0.7818314824680298,0.6234898018587336,Carousel
3617561037923223392,1900130889,2025-04-24 03:55:18+00:00,"🤑Snap up $25 tickets before midnight on the 25th April with our Super Early Bird Special, available for both shows!🤑⁠ ⁠ Revel in a display of sheer delight at The Bombshells Ball, a dazzling spectacle that celebrates Brisbane's freshest faces on the stage! Immerse yourself in the enchanting world of glitz, glam, and a dash of cheeky charm at the Arcana's Empress Theatre.⁠ ⁠ Witness the debut performances of our term 3 graduates from The Bombshell Burlesque Academy as they take the stage alongside seasoned professionals. From tantalizing tassels to mesmerizing teases, this show promises more sparkle, sass, and garters than you can shake a feather at! ⁠ ⁠ So, come on down, hoot and holler, and cheer on your favourite Bombshell at The Bombshells Ball!⁠ ⁠ Featuring performances by graduating students of The Bombshell Burlesque Academy⁠ ⁠ Mara Maraschino⁠ Clara Cupcakes⁠ ⁠ Introducing:⁠ Shytello J'Adore⁠ Vida Voltaire⁠ Hattie Gambit⁠ Nyx Nevermore⁠ Daphne Demure⁠ Lucy Ostara⁠ ⁠ Saturday 24th May @ 5pm & 8pm⁠ ⁠ Arcana's Empress Theatre, 46 Evesham St, Moorooka QLD 4105⁠ ⁠ 🎟️ Super Early Bird GA Ticket available until 25th April - $25⁠ 🎟️ Early Bird GA Ticket available until 9th May - $30⁠ 🎟️ Final Release GA Ticket - $40⁠ ⁠ Book via the link in our bio or direct at https://bombshell-may2025.eventbrite.com.au/ ✨⁠ ⁠ Recommended for audiences 18+. Contains adult themes and implied nudity.⁠ ⁠ Full event terms and conditions at https://www.bombshellburlesque.com.au/eventtermsandconditions⁠ ⁠ 📸 Confide In Me performed by students at The Bombshell's Ball on February 17th 2024 💎⁠ ⁠ Photo by @camattreephotovideo",29.0,2.0,31.0,3,Thursday,Night,1624,258,0,1,4,0,0.8549118706729465,0.5187732581605216,0.43388373911755823,-0.900968867902419,Image
3631183436003797206,1335451827,2025-05-12 23:00:54+00:00,"【登陸旺角】濟州玄武岩主題沉浸式燒肉體驗 全新韓式燒肉殿堂「THE JEJU」登陸旺角朗豪坊 —由韓國人開設的正宗韓國餐廳「Bingo and Cook」為慶祝成立十週年,宣佈於旺角朗豪坊打造全新韓式燒肉概念店「THE JEJU」,並在5月1日正式開幕!餐廳以濟州島火山地貌為靈感,打造五感沉浸的燒肉體驗。 詳細內容請登入:https://bit.ly/4j08umj #thejeju #韓式燒肉",3.0,0.0,3.0,23,Monday,Evening,199,10,2,0,1,0,-0.25881904510252157,0.9659258262890681,0.0,1.0,Reel
3599628423468148418,8728818744,2025-03-30 10:06:09+00:00,"Thank you for choosing Desa Home! ❤️ We are so happy to see that you’re enjoying our products and services! 😊 📲 For more information, please contact our sales team at +6012-4060115.",1.0,0.0,1.0,10,Sunday,Morning,181,32,0,0,2,0,0.4771587602596086,-0.8788171126619653,-0.7818314824680299,0.6234898018587334,Image
3599552448995787808,1935855585,2025-03-30 07:35:11+00:00,พร้อมส่ง Line 🆔 : @yzw5671p 🚚 มีบริการส่งแมสคิดตามระยะทาง 🔥สินค้าของแท้ทุกชิ้น 🔥สอบถามได้ตลอด 24 ชม.,0.0,0.0,0.0,7,Sunday,Morning,100,11,0,1,0,0,0.9153114791194472,-0.40274668985873713,-0.7818314824680299,0.6234898018587334,Carousel
3602799998354632283,3968760455,2025-04-03 19:07:29+00:00,Quality oneshoulder dress available Size 8 UK Price 1700 📞0725122600,0.0,0.0,0.0,19,Thursday,Evening,68,10,0,0,0,0,-0.9575713608048146,0.2881962681340887,0.43388373911755823,-0.900968867902419,Image
3392457705018934340,303293393,2024-06-17 13:54:54+00:00,Potremmo semplicemente rallentare il tempo. Sorridere sotto le stelle. Ringraziando Dio ogni giorno. Auguri Papà 💙 #family #photooftheday #happybirthday #life #love #persempre,33.0,1.0,34.0,13,Monday,Afternoon,175,22,6,0,0,0,-0.477158760259608,-0.8788171126619656,0.0,1.0,Image
3595303585253276494,2536510092,2025-03-24 10:53:27+00:00,"Účastnili jsme se veletrhu AMPER 2025! Ve dnech 18.–20. března 2025 jsme byli součástí největšího mezinárodního veletrhu elektrotechniky, elektroniky a energetiky v České republice a na Slovensku – AMPER na brněnském výstavišti. Děkujeme všem, kteří nás navštívili a za zajímavé diskuse!",211.0,0.0,211.0,10,Monday,Morning,287,41,0,0,2,0,0.28819626813408944,-0.9575713608048144,0.0,1.0,Image
3262651176681968973,51809508565,2023-12-21 11:32:30+00:00,"Het lijkt zo ver weg en toch staat de ramadan al voor de deur.⁣ Ben jij al bezig met de ramadan of lijkt het nog een ver van mijn bed show?⁣ ⁣ Lees, deel en sla de tips op om jezelf alvast mentaal voor te bereiden op deze prachtige maand.⁣ ⁣ Allahoema balighna ramadan⁣ Gebruik een van onze planners om je ramadan met een heldere focus te starten. www.nohatime.com #ramadan #islamitische #islamitischegeschenk #islamitischeplanner #islam #moslim #moslima #ummah",47.0,27.0,74.0,11,Thursday,Morning,461,77,8,0,0,1,0.12186934340514755,-0.992546151641322,0.43388373911755823,-0.900968867902419,Carousel
3603720125162669305,2377030638,2025-04-05 01:35:37+00:00,#eminem is officially a grandpa 👴🏼👀 thoughts? #rapszn #rap #explore,31.0,2.0,33.0,1,Saturday,Night,67,10,4,0,0,1,0.40274668985873724,0.9153114791194471,-0.9749279121818236,-0.2225209339563146,Carousel
2821347192906369728,3486733198,2022-04-21 14:20:16+00:00,I've wanted to try this skincare line for awhile now . I love the ingredients and the packaging is so gorgeous. I finally broke down and ordered it and I'm so excited. This will be an early birthday present to myself! I'll post reviews on everything once I've tried it out. #Iloveskincare #Skincarejunkie #Skincarefreak #Lovetheskinyourin #Skincare #Antiaging #Cleanbeauty #Cleanskincare #Orpheus #Naturalextracts #Naturalingredients,3.0,2.0,5.0,14,Thursday,Afternoon,433,62,11,0,1,0,-0.5735764363510458,-0.819152044288992,0.43388373911755823,-0.900968867902419,Carousel
3335205896778570871,23561211572,2024-03-30 14:05:47+00:00,"Rain or shine, adventure awaits! ☔️🌟 Nothing stops us from exploring with Cameron RS Venture. #tour #travel #tourism #music #trip #photography #love #nature #travelphotography #tourist #live #concert #holiday #adventure #traveling #instagood #vacation #travelgram #explore #instagram #turismo #travelling #livemusic #photooftheday #like #summer #travelblogger #instatravel #beautiful #rock",4.0,0.0,4.0,14,Saturday,Afternoon,389,45,30,0,1,0,-0.5187732581605216,-0.8549118706729465,-0.9749279121818236,-0.2225209339563146,Carousel
3455390540306902223,3615711395,2024-09-12 09:51:13+00:00,"KAMU BOLEH MENGEJAR DUNIA TAPI JANGAN GENGSI DENGAN AGAMA Nabi Shallallahu ‘alaihi wa sallam bersabda, ‎يَأْتِي عَلَى النَّاسِ زَمَانٌ الْقَابِضُ عَلَى دِيْنِهِ كَالْقَابِضِ عَلَى الْجَمْرِ “Akan tiba suatu masa pada manusia, orang yang memegangi ajaran agamanya, layaknya orang yang menggenggam bara api.” 📚 HR. At-Tirmidzi. Hadits shahih (Shahîh al-Jâmi’ no.8002) Referensi : almanhaj.or.id #dakwahsunnah #quotes #quoteoftheday #islamic #islamituindah",934.0,4.0,938.0,9,Thursday,Morning,453,58,5,0,0,0,0.5336145159156117,-0.8457278217039732,0.43388373911755823,-0.900968867902419,Image
3567705949721614231,28690618842,2025-02-14 09:12:45+00:00,Mr khan 😎 . . . . . . . #reels#like#reelsinstagram#trendingreels#mrkhan#viral#explore#reelitfeelit #instalike #foryou #mrkhan,40.0,4.0,44.0,9,Friday,Morning,125,14,5,0,0,0,0.6691306063588583,-0.743144825477394,-0.433883739117558,-0.9009688679024191,Reel
3577996917384292714,4910159305,2025-02-28 13:48:12+00:00,"Se vuoi ottenere una pelle che appare fresca tutto il giorno, con un tocco di colore naturale, allora prova il nostro CREAM BLUSH! Blush per eccellenza diventato già un ‘must-have’ per moltissimi professionisti. Disponibile in comode palette presto lo sarà anche in stick 😉 Foto: Cass Michael #makeup #blusher #kryolan #skin #makeuppalettes #CreamBlush #kryolanprofessionalmakeup #kryolanitalia",18.0,2.0,20.0,13,Friday,Afternoon,394,55,8,0,1,0,-0.4539904997395471,-0.8910065241883677,-0.433883739117558,-0.9009688679024191,Carousel
3655454725545064456,1522995548,2025-06-15 10:43:02+00:00,Братик и сестричка и деловые отношения,2.0,0.0,2.0,10,Sunday,Morning,38,6,0,0,0,0,0.32969064526278735,-0.9440890203927842,-0.7818314824680299,0.6234898018587334,Image
2379988245732877946,6345644076,2020-08-20 15:18:49+00:00,🚨 Just in 🚨 Mile High Cure CBD tinctures. We wanted to add some high quality CBD tinctures to our collection. Come by any location to pick you up a bottle! 👽👽🚀🚀 #milehighcure #cbd #herbalremedy #cbdlife #staylifted,5.0,0.0,5.0,15,Thursday,Afternoon,214,37,5,0,1,0,-0.7604059656000312,-0.6494480483301834,0.43388373911755823,-0.900968867902419,Image
3648372948421383405,16504447644,2025-06-05 16:12:48+00:00,"A cascade of elegance for the wedding season! ✨ Celebrate timeless traditions with this stunning Panchlada necklace by Meeramiraah, featuring multi-layered strings in melon cut green Aventurine beads along with pearls. Perfect for brides who want to exude grace and charm, this necklace pairs effortlessly with lehengas, sarees, or even reception gowns. Its versatile elegance also makes it a perfect styling option for grooms, adding a royal touch to sherwanis or achkans in ivory, beige, or pastel shades. Whether it’s a wedding or a festive occasion, this piece is sure to make a lasting impression. Be wedding-ready with Meeramiraah’s exquisite creations! Reach out for a personalized shopping experience +91-9711963463 (WhatsApp) Or shop at www.meeramiraah.com #Meeramiraah #WeddingSeason #PanchladaNecklace #BridalJewelry #GroomJewelry #PearlNecklace #IndianWeddings #WeddingFashion #BridalElegance #RoyalStyle #CraftedWithLove [Meeramiraah, necklace set, Indian Jewelry, Luxury, Traditional Jewelry, Bride to be, Groom to be, Wedding Season, Jewelry Inspiration, Explore]",17.0,0.0,17.0,16,Thursday,Afternoon,1078,144,11,0,2,0,-0.8910065241883678,-0.4539904997395469,0.43388373911755823,-0.900968867902419,Carousel
3771165720240679697,44409314442,2025-11-22 02:20:08+00:00,"🦢 SỮA VALLAC – DINH DƯỠNG CHUẨN PHẦN LAN CHO BÉ TỪ SƠ SINH 🇫🇮 Với các mẹ đang tìm kiếm dòng sữa mát lành, hỗ trợ tiêu hóa tốt và phát triển toàn diện cho bé, Vallac – Made in Finland là lựa chọn lý tưởng giúp mẹ yên tâm từng ngày. 🌟 Điểm nổi bật của Vallac: ✔️ Công thức MFGM tiên tiến – hỗ trợ phát triển trí não & hệ thần kinh tối ưu. ✔️ Bổ sung chất xơ GOS & FOS – giúp bé tiêu hóa tốt, hạn chế táo bón. ✔️ Tăng cường kháng thể tự nhiên – nâng cao sức đề kháng. ✔️ Nhập khẩu 100% từ Phần Lan – quốc gia nổi tiếng về tiêu chuẩn sữa sạch, an toàn tuyệt đối. ✔️ Được bảo hiểm trách nhiệm sản phẩm lên tới 5 tỷ đồng, mẹ thêm an tâm khi lựa chọn cho con. 💬 “Từ khi dùng Vallac, bé nhà mình ăn ngon, ngủ ngoan và đi phân đều đặn mỗi ngày. Thật sự nhẹ nhõm và hạnh phúc!” 💖 Chọn sữa đúng – con lớn khỏe, mẹ an lòng!",0.0,0.0,0.0,2,Saturday,Night,811,189,0,0,2,0,0.5735764363510462,0.8191520442889918,-0.9749279121818236,-0.2225209339563146,Carousel
3596069331483385274,6975319007,2025-03-25 12:14:55+00:00,📈 Secure your retirement with property investment! 🏠⠀ 💰 Our new blog shows how to build long-term wealth on a standard income.⠀ 🔑 Create passive income streams that grow over time.⠀ ⏱️ Start with minimal capital today!⠀ ⠀ 🔍 Read more: link in bio.⠀ ⠀ 📞 Speak to an IGrow investment strategist now! Link in bio⠀,2.0,1.0,3.0,12,Tuesday,Afternoon,310,56,0,0,3,0,-0.0610485395348565,-0.998134798421867,0.7818314824680298,0.6234898018587336,Image
3384655262982208037,6681802831,2024-06-06 19:32:51+00:00,Tan-line Makeup by @isabellrrose 🎯,6104.0,18.0,6122.0,19,Thursday,Evening,34,5,0,1,0,0,-0.92050485345244,0.39073112848927427,0.43388373911755823,-0.900968867902419,Carousel
3576293674493019922,32299933975,2025-02-26 05:24:09+00:00,NEW In♥️🤍♥️🤍 Boys Carters Check Shirt Size:2-3yrs Price:19500 Available for immediate delivery Worldwide,17.0,0.0,17.0,5,Wednesday,Night,104,13,0,0,0,0,0.9876883405951378,0.15643446504023092,0.9749279121818236,-0.22252093395631434,Image
2893881945277880864,24591519,2022-07-30 16:16:33+00:00,a little over a year ago this song changed my entire life ... @katierae_thesizzle this memory is by far my favorite and i can’t wait to do it again and again and again 🫶🏻😇,4896.0,107.0,5003.0,16,Saturday,Afternoon,171,34,0,1,0,0,-0.8987940462991668,-0.43837114678907774,-0.9749279121818236,-0.2225209339563146,Reel
3638952195193345006,2342770052,2025-05-23 16:15:27+00:00,*4 qapili dolab* Yeni sifarisle hazirlanir ✔️reng secimi var 🌈 Olcu 160×47×2 *Qiymet 339 azn* Catdirilma quraşdırılma Baki şəhər içi ödənişsiz ✔️,2.0,0.0,2.0,16,Friday,Afternoon,145,22,0,0,0,0,-0.8968727415326883,-0.44228869021900136,-0.433883739117558,-0.9009688679024191,Image
3440677838060359113,474441728,2024-08-23 02:50:56+00:00,"I went to the most exciting convention ever...CATCON 😻💕 and I had the best time ever!! There were so many booths here like an artist alley where they sell cat prints on T-shirts, pins, accessories, etc. They also had vendor booths with the latest cat gadgets that I didn’t even know existed LOL so this place is perfect for cat owners!!! But the best part was the fact that they had a whole adoption center here 😭 I wanted to adopt a kitten sooo bad!!! AHHH should I just do it? CatCon happens every year during the summer, so check it out next year 👀💖 📍Pasadena Convention Center #catcon #catconworldwide #catlover #pasadena #catadoption #kitten #vlog #dayinmylife",247317.0,603.0,247920.0,2,Friday,Night,665,116,8,0,8,1,0.6755902076156602,0.737277336810124,-0.433883739117558,-0.9009688679024191,Reel
3367455679361882079,66141627163,2024-05-14 02:00:21+00:00,"Embrace the warmth of knowledge at Sanskar Public School Gwalior, where every stroke of creativity paints a brighter future. Our nurturing environment cultivates young minds to blossom like the sun in their artwork, illuminating the path of education with vibrant hues of curiosity and joy. Sanskar Public School Gwalior Call : 7898900790 Website - https://sanskarpublicschool.in/ Address: Pant Nagar, Behind A.G. Office, Gwalior (M.P.) #school #education #love #student #students #teacher #learning #kids #college #memes #study #schoollife #backtoschool #children #instagram #teachers #university #instagood #fun #friends #art #covid #follow #meme #like #teaching #schoolmemes #india #motivation #teachersofinstagram",6.0,0.0,6.0,2,Tuesday,Night,717,93,30,0,0,0,0.49999999999999994,0.8660254037844387,0.7818314824680298,0.6234898018587336,Image
2846825235812588272,4784798160,2022-05-26 18:00:35+00:00,"You need supplements because you’re probably not as healthy as you believe you are. Tell me, what are the supplements you have taken? Please share below! Thanks!",198.0,143.0,341.0,18,Thursday,Evening,161,27,0,0,2,1,-1.0,-1.8369701987210297e-16,0.43388373911755823,-0.900968867902419,Image
3524255272183750952,2035218811,2024-12-16 10:13:08+00:00,跑步都可以好簡單好快樂好純粹🍀🌈,770.0,2.0,772.0,10,Monday,Morning,16,1,0,0,0,0,0.45009844103743496,-0.892978943411137,0.0,1.0,Carousel
3698973717636554531,724219133,2025-08-14 11:47:30+00:00,MULHERES ENTENDERÃO! 😂😂,41549.0,1166.0,42715.0,11,Thursday,Morning,23,3,0,0,1,0,0.056692787563378096,-0.9983916705573488,0.43388373911755823,-0.900968867902419,Image
3622204304107476747,190570472,2025-04-30 13:40:00+00:00,"Siempre soñé con tener un espacio donde poder ayudar a más mujeres. Mujeres con tanto que ofrecer... Con ideas, corazón, intuición, ganas. Pero con pocas posibilidades financieras. Como yo, al inicio. Porque sí —yo tampoco pude pagarme un programa costoso cuando empecé. Y sé lo que duele tener el alma encendida pero sentir que las puertas no se abren. Por eso nació MAPE. Para darte acceso. Para darte dirección. Para que no sigas sintiéndote sola ni perdida. Hoy MAPE renace. Más clara. Más práctica. Más espiritual. Y pensada para ti. Si sientes que esto podría ser para ti, escríbeme “MAPE” y agendamos una sesión estratégica gratuita. En esa llamada, yo o alguien de mi equipo te ayudaremos a saber si este espacio es lo que realmente necesitas ahora. Sin presión. Solo desde el corazón. Porque tú también tienes derecho a empezar. Y yo estoy aquí para ayudarte a hacerlo bien. Mañana te lo cuento todo. “El club mensual de mujeres con alma emprendedora”. Con rituales grupales, reconocimientos, retos simples... Vente con nosotras 🙏🏽 todas somos una. #emprendedorasconproposito #negocioespiritual #mentoriaconalma #nocomasmascursos #quierofacturar #claridadyaccion #vendoconintuicion #mujerespoderosas #maperenace #siempresupesueno #negocioconcorazon #mentoriadesdeelalma #masclaridadmenosruido #crecetualcance #viveconproposito",30.0,14.0,44.0,13,Wednesday,Afternoon,1335,191,15,0,0,0,-0.4226182617406993,-0.90630778703665,0.9749279121818236,-0.22252093395631434,Carousel
3565500580879021712,378715757,2025-02-11 08:00:13+00:00,"Love is in the FARE! This Valentine’s Week, ride at Flat Fare 143 with promo code ALLYOUNEEDISGRABCAR. Available from February 10-13, 7 AM - 10 AM and 7 PM - 10 PM. T&Cs apply. Per DTI Fair Trade Permit No. FTEB-210318 Series of 2024",14.0,0.0,14.0,8,Tuesday,Morning,233,44,0,0,1,0,0.8660254037844387,-0.4999999999999998,0.7818314824680298,0.6234898018587336,Image
1518548465504156706,5430369549,2017-05-20 01:51:45+00:00,Those people aren't worth it. - - - - - Tags: #sad #relatable #deep #depressed #notokay #dying #lost #stressed #crying #sadquotes #depressedquotes #meaningful #miserable #pain #imfine #useless #fake #fakefriends #foreveralone #imissyou #hurting #lies #pathetic #hopeless #unhappy #loneliness #quotes #heartbreak #love #fuckyou,65.0,0.0,65.0,1,Saturday,Night,326,41,30,0,0,0,0.4656145203251114,0.8849876374630419,-0.9749279121818236,-0.2225209339563146,Image
2676711495948997688,45392906038,2021-10-04 00:54:57+00:00,"Someone needs to remind Master N that he’s too big to hide under this chair. (He still thinks he’s a wee pup) 😄🐶⁣ And for the rest of us that can’t hide from the Monday, have a fab week ahead. 💪🏻🤩 ⁣ ⁣ ⁣ ⁣ ⁣ ⁣ #dog #dogsofinstagram #woof #funnydogs #doggy #chill #singapore #singaporespecial #singaporespecials #petstagram #adoptdontshop #igsg #dogstagram #dog_features #dogsmakeeverythingbetter #dogsofsingapore #rescuedog #rescuedogsofinstagram #rescuelove #funnydog #love #adoptdontshop #muttsofinstagram #sgdogs #sgdogslife #hund #hundeliebe #studiojn #mondaymotivation",118.0,3.0,121.0,0,Monday,Night,572,76,28,0,0,0,0.2334453638559054,0.9723699203976766,0.0,1.0,Image
3689346997938708297,225029348,2025-08-01 05:00:57+00:00,MAISON & OBJET PRESENTING AW25 MÉLODIES D’AMBRE HALL: 5A N128-O127 04-08 SEPT. 2025 ON SET: PRODUCERS / STYLIST / CREATIVE DICRECTION BY @emmavjensen & @johannaemmaback PHOTOGRAPHED BY @danspigelman ASSISTING PHOTOGRAPHER @olivierfoeller ASSISTING MANAGER JEAN NOEL DELFANNE. LOCATION: @arrogantverneuil PARIS,119.0,2.0,121.0,5,Friday,Night,309,39,0,5,0,0,0.9659258262890683,0.25881904510252074,-0.433883739117558,-0.9009688679024191,Image
3576893179869458338,1440280329,2025-02-27 01:15:17+00:00,,3.0,1.0,4.0,1,Thursday,Night,0,0,0,0,0,0,0.3214394653031616,0.9469301294951057,0.43388373911755823,-0.900968867902419,Image
3713308962037711284,8008548807,2025-09-03 06:29:04+00:00,اتحادیه اروپا استفاده از یک ماده شیمیایی به نام تی‌بی‌ای (TPO) که در لاک‌های ژل برای درخشندگی و خشک شدن سریع به کار می‌رود را ممنوع کرده است. تحقیقات نشان داده این ماده می‌تواند روی باروری، تولیدمثل و حتی سرطان‌زا بودن اثر منفی داشته باشد. به همین دلیل، فروش و استفاده از محصولات حاوی این ماده در اروپا متوقف می‌شود و سالن‌های زیبایی باید از مواد ایمن‌تر استفاده کنند. لاک ژل از اوایل دهه ۲۰۰۰ رایج شده و با نور فرابنفش یا ال‌ای‌دی سفت و ماندگار می‌شود. می‌خوای برات توضیح بدم این ممنوعیت چه تأثیری روی مصرف‌کننده‌ها یا بازار آرایش در ایران می‌تونه داشته باشه؟,961.0,28.0,989.0,6,Wednesday,Morning,560,105,0,0,0,0,0.992004949679715,-0.1261989691358298,0.9749279121818236,-0.22252093395631434,Image
1301894501878704328,3474767366,2016-07-25 03:39:00+00:00,What? I like it here... #pitbullsofinstagram #pitbull #pitbulls #dog #dogs #dogsofinstagram #pets #petsofinstagram #animals #cute #videos #video #dogvideo #dogvideos #funny #funnypets #funnyanimals #funnydogs,25.0,5.0,30.0,3,Monday,Night,208,23,18,0,0,1,0.8166415551616789,0.5771451900372337,0.0,1.0,Reel
3239239734264067924,8923671693,2023-11-19 04:18:09+00:00,#nightphotography #nightimages #nightlife #nightlights #photooftheday #photographylover #streetphotography #night #citylife #photographers #photographyislife #photographysouls #photoshooting #xiaomi12xphotography #lightning #darkside #dark #darkness #volgograd #photooftheday #shotonxiaomi12x #волгоград #xiaomi12x #moonlight #bestoftheday #refraction #lightphotography #фонари #Street #ночнаясъемка #красноармейскийрайон,4.0,0.0,4.0,4,Sunday,Night,421,31,30,0,0,0,0.9025852843498605,0.43051109680829525,-0.7818314824680299,0.6234898018587334,Image
2060793528203797199,8888575368,2019-06-07 05:35:54+00:00,Repost from @sustainable.today and @ecoandbasics Jangan lupa! Untuk mengurangi sedikit demi sedikit penggunaan plastikmu ya. 1. Tidak perlu gunakan sedotan plastik sekali pakai. 2. Membawa kain belanjaanmu sendiri. 3. Membawa botol minum sendiri. Hal2 kecil yang sangat berarti dilakukan untuk bumi yang satu2nya ini. #sustainableindonesia #sustainnation #sustainability #ecofriendly #ecoliving #zerowastewarrior #zerowastejakarta #oceanconservation #saveouroceans #minimsampah #minimalist #noplanetb #ecowarrior #dietkantongplastik #lesswaste #wastemanagement #sayapilihbumi #waste4change #indonesiaminimsampah #indonesiaminimsampah2020 #dowhatyoucan #plasticwaste #pollution #greenliving #oceansplasticsolutionday #lowfootprint #bhayplastik #recycle,125.0,3.0,128.0,5,Friday,Night,751,72,28,2,1,0,0.9940563382223196,0.10886687485196474,-0.433883739117558,-0.9009688679024191,Image
3591667916995910945,4566150590,2025-03-19 10:30:18+00:00,"Powerful, yet light on the skin. ☁️⁠ ⁠ Radiance Defense delivers SPF 50+ with effortless wear—no piling, greasiness, or white cast. Just smooth, breathable coverage that works in every climate. 🌎⁠ ⁠ ✔️ Water-resistant for up to 40 minutes⁠ ✔️ Perfect under makeup⁠ ✔️ Suitable for all skin types—even sensitive skin⁠ ⁠ Radiance Defense debuts exclusively at Boutiques this weekend, from 21st to 23rd March! ✨ Grab your tickets for unlimited 3-day access and be among the first to experience it firsthand. Don’t miss out!",27.0,0.0,27.0,10,Wednesday,Morning,520,85,0,0,2,0,0.3826834323650899,-0.9238795325112867,0.9749279121818236,-0.22252093395631434,Image
3588803132847663962,502034817,2025-03-15 11:38:13+00:00,Vasca REFLEX in CRISTALMOOD ambientata c/o showroom Salì e Giorgi a Siena. @bienvivre.saliegiorgi,96.0,2.0,98.0,11,Saturday,Morning,97,13,0,1,0,0,0.09584575252022391,-0.9953961983671789,-0.9749279121818236,-0.2225209339563146,Image
3484370972199794388,2032590674,2024-10-22 09:31:25+00:00,"OMEGA SEA-MASTER CHRONOMETER 168.024 (166.010) are like a flock of them. Don’t know which one to choose? Check the sales price and condition Please check the details at the following URL. https://www.chrono24.com/dealer/kyotoya78/index.htm ./////////////////////////////////////////////. KYOTOYA LTD. International orders available. Please E-mail us for further details. 📧contact@kyotoya.net 🌏https://kyotoya.net 🏢2-5-18, Hamaotsu, Otsu-shi, Shiga, 520-0047,🇯🇵 ./////////////////////////////////////////////. #kyotoya78 #Kyotoya #forsale #Omega #Omegavintage #OmegaSeamaster #Seamastervintage -——————————",312.0,3.0,315.0,9,Tuesday,Morning,604,60,7,0,0,1,0.6052939880428945,-0.7960020025346219,0.7818314824680298,0.6234898018587336,Reel
3642145826022513722,16168898145,2025-05-28 02:00:55+00:00,"โปรโมชั่น!! 290.- (จากปกติ 850.-) #พร้อมส่งค่ะ รองเท้าสวย นุ่มนิ่มใส่สบายไม่บาดเท้า ซัพพอร์ตเท้าได้ดี ไม่บาดเท้า แนะนําเลยค่า Model : 💕Scarlett 💞 🥿 Color : All Size : 35-42"", High 1 cm 🛒 สนใจสอบถาม/สั่งซื้อ lg : @momoshoes.store Line : @momoshoes (มี@) Facebook : Momo shoes Shopee : momoshoes.official Website : www.momoshoes.net",1.0,0.0,1.0,2,Wednesday,Night,330,43,2,2,2,0,0.49999999999999994,0.8660254037844387,0.9749279121818236,-0.22252093395631434,Video
3132982600288895587,22250825284,2023-06-25 13:44:11+00:00,#food#foodphoto#foodlove#foodphotography#foodie#foodblogger#foodstagram#foodborn#foodporn#foodiealbum#waskocheichheute#leichteküche#lecker#leckeressen#essen#rezepte#rezeptideen#rezeptefürjedentag#schlemmen#eigenwerbung#vegan#veganerezepte#lowcarbrezepte#vegetarisch#vegetarischerezepte#Kohlrabi#rotelinsen#eigenwerbung,3.0,0.0,3.0,13,Sunday,Afternoon,318,1,2,0,0,0,-0.43837114678907707,-0.8987940462991671,-0.7818314824680299,0.6234898018587334,Image
3541416165152578179,54843573629,2025-01-09 02:30:14+00:00,"DENTIMAX DENTAL CLINIC is celebrating its ONE year Anniversary...!!! Thanks to our patients, team of doctors, staff, family and friends for their support. #dentistry #dentist #dental #smile #teeth #dentista #dentalcare #odontologia #dentalclinic #cosmeticdentistry #oralhealth #dentalimplants #dentistryworld #tooth #orthodontics #teethwhitening #dentalhygiene #dentalphotography #dentalhygienist #veneers #smilemakeover #dentistrylife #dentistlife #dentalhealth #odonto #dentalassistant #invisalign #braces #dentalstudent #doktergigi",8.0,0.0,8.0,2,Thursday,Night,534,53,30,0,3,0,0.6087614290087207,0.7933533402912352,0.43388373911755823,-0.900968867902419,Video
3406329876970505776,64577183038,2024-07-06 17:16:26+00:00,Türk düşmanlarına haddini bildireceğiz. #Türkiye #netherlands #euro2024 #berlin #Türk #Turkish #bozkurt #uefa #İstanbul #Kartal #akparti #mhp #RecepTayyipErdoğan #DevletBahçeli #sondakika #haber #siyaset #spor #gol,0.0,0.0,0.0,17,Saturday,Afternoon,214,23,19,0,0,0,-0.9816271834476639,-0.19080899537654547,-0.9749279121818236,-0.2225209339563146,Image
3654884857625803982,1359255055,2025-06-14 15:50:54+00:00,"A Minnesota lawmaker, Rep. Melissa Hortman, and her husband are dead after being shot by a person impersonating law enforcement. State Sen. John Hoffman and his wife were also shot but are recovering in the hospital.",241.0,4.0,245.0,15,Saturday,Afternoon,216,36,0,0,0,0,-0.8433914458128859,-0.5372996083468234,-0.9749279121818236,-0.2225209339563146,Image
3618765499048911298,8191766984,2025-04-25 19:49:07+00:00,If it wasn’t for heath ledger RDJ should’ve won the Oscar that year #comedy #tropicthunder #oscar #acting,87430.0,1456.0,88886.0,19,Friday,Evening,105,17,4,0,0,0,-0.8890171414857366,0.45787391511695635,-0.433883739117558,-0.9009688679024191,Video
3375172520905601837,56740875534,2024-05-24 17:32:20+00:00,"""Timeless elegance meets cinematic beauty: Capturing the iconic grandeur of India Gate."" -- -- -- -- #photography#photooftheday#picoftheday#instagood#photo#photographer#art#nature#landscape#portrait#travel#streetphotography#capture#visualsoflife#explore#instaphoto#moment#composition#exposure#color#blackandwhite#creative#like#likeforlike#Follow#FollowMe#igers#instagram#delhi#india",29.0,3.0,32.0,17,Friday,Afternoon,382,17,2,0,0,0,-0.9925461516413221,-0.12186934340514717,-0.433883739117558,-0.9009688679024191,Carousel
3586779003706017696,1616752709,2025-03-12 16:36:38+00:00,sbreaking,1542.0,61.0,1603.0,16,Wednesday,Afternoon,9,1,0,0,0,0,-0.9335804264972019,-0.3583679495452999,0.9749279121818236,-0.22252093395631434,Carousel
3632314393804669582,6876783485,2025-05-14 12:27:20+00:00,ITALIAN MEATBALL SUBS ⠀⠀⠀⠀⠀⠀⠀⠀⠀ It’s always a good day for meatball subs! These are absolutely one of our favorite things to eat anytime of the year. We love to make a big batch of meatballs and sauce to freeze for an easy meal any night of the week! ⠀⠀⠀⠀⠀⠀⠀⠀⠀ Comment SUBS and get the recipe in your DMs. ⠀⠀⠀⠀⠀⠀⠀⠀⠀ #meatballs #italianmeatballs #meatballsubs #meatballsubsandwich #meatballsandwich,496.0,52.0,548.0,12,Wednesday,Afternoon,397,64,5,0,2,0,-0.11753739745783774,-0.9930684569549263,0.9749279121818236,-0.22252093395631434,Carousel
2683115039929795206,306253996,2021-10-12 20:59:23+00:00,Tis (almost) the season! #MyChristmasPrayer written by @marcusmccauley_ Available on all digital platforms. 🎄🙏,707.0,68.0,775.0,20,Tuesday,Evening,110,14,1,1,1,0,-0.710185375623286,0.7040147244559678,0.7818314824680298,0.6234898018587336,Reel
3408827922259940140,21483989069,2024-07-10 03:59:36+00:00,Sk265 Saree type: kanchipuram silk saree To place order follow the below steps 😍😍 1)Send a direct message for any enquiry or orders. 2)No COD 3)International shipping is extra . 4) Slight colour variation may exists @chennaipattu #indiansinusa#indianfashion#indianwomen #indiangirl #indian #coimbatore #women #kovai#girls #saree #blouse #beautiful #pattu#fashion #fashionblogger #indianshopping #mumbai #oxidizejewellery #onlineshopping #onlineshoppingindia #indiansindubai #bangalore #mumbai #delhi#india #chennai #hyderabad,4.0,0.0,4.0,3,Wednesday,Night,525,59,25,1,0,0,0.8638355052043957,0.5037739770455263,0.9749279121818236,-0.22252093395631434,Carousel
3640326126518213231,7514634626,2025-05-25 13:45:13+00:00,,94.0,0.0,94.0,13,Sunday,Afternoon,0,0,0,0,0,0,-0.44228869021900147,-0.8968727415326883,-0.7818314824680299,0.6234898018587334,Carousel
2811319014138225202,44714538046,2022-04-07 18:17:07+00:00,"🛑✋ SE NE VANNO E POI RITORNANO ❓ 💥 ISCRIVITI AI ""ONE NIGHT SEMINAR"" 📲 Percorso di 5 incontri 🎟️🎟️📺 🎬 1° Evento ""Autostimati"" 📺📽️ 🎬 2° Evento ""Autostima & Relazioni"" 📺📽️ 🎬 3° Evento ""Relazioni e differenze uomo donna"" 📺📽️ 🎬 4° Evento ""Comunicazione nelle Relazioni"" 📺📽️ 🎬 5° Evento ""Gli ostacoli della Comunicazione e come creare connessione emotiva"" in diretta il 6 aprile"" 📺📽️ ⬆️ LINK IN BIO 🔥 (o scrivimi in posta privata) #AUTOSTIMA 👉 SEGUI @coachdambrosio_official ---------------------------------------------------- #coachdambrosio #coaching #motivazione #crescitapersonale #relazioni #coachingonline #coach #mente #forzadivolontà #benessere #frasedegiorno #corsi #fiducia #frasi #frase #aforismi #citazioni #coraggio #felicità #pensieri #resilienza #relazione #relazionitossiche #amore #amorproprio #love",3076.0,370.0,3446.0,18,Thursday,Evening,811,107,27,1,0,0,-0.9972501850994856,0.07410849019539976,0.43388373911755823,-0.900968867902419,Reel
3654021831423603130,8558263305,2025-06-13 11:16:08+00:00,top • bottom top- gulay bag m 300 bottom- vintagr coleman duck canvas sack bag m 600 s 700,26.0,4.0,30.0,11,Friday,Morning,90,19,0,0,0,0,0.19080899537654497,-0.981627183447664,-0.433883739117558,-0.9009688679024191,Carousel
3613433527668294592,8049588404,2025-04-18 11:14:25+00:00,"🤑: 아직 가입 안 한 손 삽니다. (아직 안 한 사람이 있었어?) ⠀ 작정하고 혜택 주는 역대급 쇼핑데이 [현데이] 신규 가입자분들께는 특별 혜택 더! 드린대요🎁 ⠀ 👉현데이 신규 가입 특별 혜택👈 ✅가입하면 즉시 15% 할인 멤버십 제공 ✅즉시 사용 가능 한 13,000원 한정 혜택 증정 ✅JW 메리어트 호텔 이용권 증정 ⠀ 이거 진짜 믿어도 돼? 📞혜택이 너무 많아서 오히려 의심되는 HYUNDAY ⠀ 하지만, 진짜예요 고객님 💞 ⠀ 지금 프로필 링크로 접속해 현데이에서 쇼핑하고 신규 가입자 특별 혜택 받아가세요✨ ⠀ ⠀ #현대면세점 #현데이",64.0,4.0,68.0,11,Friday,Morning,308,82,2,0,1,2,0.19936793441719725,-0.9799247046208296,-0.433883739117558,-0.9009688679024191,Carousel
3438272877341433438,10379061202,2024-08-19 19:01:28+00:00,"like to think, like me, he luvs green 🌱 . . #ohollie #thatfacewhen #tuckeredout #forestbathing #hesthebest #mysidekick #thisdogslife #terriermix #rescuerover #globalbc #ohcanadogs #littledogbigworld #hikingwithdogs #happieroutside #letsgo #littlebuddy #adventuresofollie",29.0,0.0,29.0,19,Monday,Evening,270,28,17,0,0,0,-0.9647873238288132,0.26303121445797406,0.0,1.0,Image
3682488268066516659,71682702418,2025-07-22 17:54:24+00:00,"‘Go play!’ isn’t working? Here’s what to say instead for more independent play. These 5 phrases encourage freedom, ownership, trust, and a growth mindset: 1. “I love how you figured that out on your own!” – Builds problem-solving and a growth mindset. 2. “You’re the boss of your playtime—what will you do next?” – Gives them control and ownership. 3. “You GET to choose how you want to play.” – Encourages excitement and decision-making. 4. “I see you’re working hard on that. Tell me about it later!” – Shows trust and interest while giving space. 5. “I trust you to try it your way.” – Strengthens resilience and independence. These are worth remembering—hit save so you can try them this week and share it with a parent friend who’s tired of saying ‘Go play!’ #toddlermom #playbasedlearning #toddler #parentingtips #independentplay #toddleractivities #growthmindset #independence",111.0,11.0,122.0,17,Tuesday,Afternoon,883,142,8,0,4,2,-0.9996573249755573,-0.026176948307873482,0.7818314824680298,0.6234898018587336,Video
3647863327447786276,1946700884,2025-06-04 23:20:17+00:00,"Nosso amigo não pensou duas vezes em adquirir sua moto aqui na Dubai Motors, motos de qualidade e procedência... Dubai Motors sua moto está aqui! 📍DUBAI MOTORS JOÃO PESSOA Av. Min José Américo De Almeida 466, Torre João Pessoa - PB CEP: 58040-400 ( 83 ) 2178-7358 📍DUBAI MOTORS RECIFE Av. Recife 2846, IPSEP, Recife - PE CEP: 51350-670 ( 81 ) 2150-9281 Central de vendas 24 hrs via WhatsApp (83) 99838-4760 #Dubaimotors #Suamotoestaaqui",58.0,0.0,58.0,23,Wednesday,Evening,436,74,2,0,1,0,-0.1736481776669304,0.984807753012208,0.9749279121818236,-0.22252093395631434,Image
3414262010010322716,27773381729,2024-07-17 15:56:10+00:00,"Depois de muito tempo, aplicar primeiras camadas #anime #cavalheirosdozodiaco #art #desenhos #desenho #pintarest #pintura #fy",42.0,3.0,45.0,15,Wednesday,Afternoon,125,15,8,0,0,0,-0.8571673007021121,-0.5150380749100545,0.9749279121818236,-0.22252093395631434,Image
3105817272845543459,1826092846,2023-05-19 02:12:51+00:00,"Pornography disrupts the mental well-being of anyone who consumes it. Especially children. Why? Because pornography is what neurologists call a supernormal stimulus. It overpowers our will and leaves a mark on our brain. Especially on those amazing child brains 🧠 I’ve counseled men and women for years who have struggled with unwanted porn use. And they all have one thing in common: they all remember the first image they saw. Because like yellow mustard on a white shirt, no matter how hard you scrub, it leaves a stain. This is why we believe in: 1️⃣ Normalizing the word. Pornography. Say it. Often. When? As soon as possible. Check our “P*rn” Story Highlight and read, “How to Talk to a 5-Year-Old” about porn. 2️⃣ Avoiding unnecessary risk. Quit giving kids smartphones (@savethekidsinc). If a 13-year-old misuses an iPhone, my first thought is, “That’s not your fault. We did that.” Stick with devices made for kids LIKE GABB (@gabbwireless) – use their watch or phone (if you buy a Gabb use “PYE” at checkout). Or more options with a @barktechnologies phone (DM me for details!). 3️⃣ Proactively preparing for “the fall.” Remind your kids that they can always land safely with you. Say it so often they finish your sentences and roll their eyes when you say it. “Good, just wanted to make sure. Because I love you so much.” You cannot delegate digital wellness. No toggle, switch, or book replaces YOU! And I believe you have digital superpowers 🙌🏼 Parenting with you! Chris",572.0,15.0,587.0,2,Friday,Night,1483,252,0,3,3,2,0.5446390350150271,0.838670567945424,-0.433883739117558,-0.9009688679024191,Reel
3607175602838273652,1836235966,2025-04-09 20:01:02+00:00,@hussainrehar.official Surkh pret available to order Please Whatsapp 07706627301 for orders and prices,28.0,1.0,29.0,20,Wednesday,Evening,102,13,0,1,0,0,-0.8638355052043958,0.5037739770455262,0.9749279121818236,-0.22252093395631434,Image
3657311656752685437,1419977281,2025-06-18 00:12:25+00:00,طاولة طعام خشب متوفره 4-6-8 كرسي للطلب والإستفسار واتساب 0509462616,2.0,0.0,2.0,0,Wednesday,Night,67,10,0,0,0,0,0.05233595624294383,0.9986295347545738,0.9749279121818236,-0.22252093395631434,Image
3604276039473075353,6745489217,2025-04-05 20:00:21+00:00,Taking the wedding to the pool 🌊 #PartnersinParadise⁠ 🇩🇴 @shaadidestinations⁠ 🧚 @eunicebravo.weddings⁠ 🧚 @shelleycraig.lhs⁠ 📸 @candidpixelsphotography☝️⁠ 📽️ @candidpixelsphotography⁠ 🎪 @caribbean_celebrations_rd⁠ 💐 @creativepc⁠ 💮 @mercaflor_rd⁠ 💄 @stylingtrio⁠ 🎧️ @djimpactdbi⁠ 💻️ @inspiresolutionsdr,31.0,1.0,32.0,20,Saturday,Evening,300,30,2,11,0,0,-0.8660254037844386,0.5000000000000001,-0.9749279121818236,-0.2225209339563146,Image
3562791577703490582,5796077031,2025-02-07 14:17:54+00:00,"Hoje, dia 07, foi um excelente dia para a educação do Paraná! 📚 Estive no distrito do Guará, em Guarapuava, participando da entrega de kits escolares para os alunos do ensino fundamental II e médio do Colégio Estadual do Campo Professora Maria de Jesus Pacheco Guimarães. 🏫📚 O evento contou com a presença do deputado federal Rodrigo Estacho, do chefe do Núcleo Regional de Educação de Guarapuava, Marlon Douglas Pires, e do diretor do colégio, Luiz Alberto Ogibowski. Juntos, celebramos mais uma conquista para nossos estudantes! Esses kits incluem tudo o que os alunos precisam para começar o ano letivo de 2025 com o pé direito: cadernos, lápis de cor, canetas, réguas, borrachas, apontadores com depósito e muito mais. Tudo isso foi possível graças ao esforço do Governo do Estado, em parceria com a Secretaria de Educação (Seed) e o Fundepar. 🖍️✏️ 💰 O investimento ultrapassa R$ 40 milhões, garantindo a compra de 945 mil kits escolares com recursos próprios do Estado para toda a rede estadual de ensino, desde o 6o ano até o EJA e cursos técnicos. Essa iniciativa representa um alívio para o orçamento de muitas famílias, especialmente aquelas com mais de um filho, e é um incentivo importante para os estudos. Nosso agradecimento ao governador Ratinho Júnior, que está fazendo história na educação do Paraná! Esses kits farão toda a diferença para nossos estudantes e suas famílias.",147.0,3.0,150.0,14,Friday,Afternoon,1390,231,0,0,3,0,-0.5628049276950682,-0.8265897491271889,-0.433883739117558,-0.9009688679024191,Carousel
2784949528699134774,1422907345,2022-03-02 09:08:12+00:00,"War no good, stop war. #worldwar2 #ukraine #russia #un #usa🇺🇸 #nato #germany #world #love #weareone #stopwar #nowar @zubbymichael @mufasatundeednut @leadervladimirputin",6.0,1.0,7.0,9,Wednesday,Morning,168,20,13,3,0,0,0.6819983600624986,-0.7313537016191705,0.9749279121818236,-0.22252093395631434,Reel
3539982437078703081,13404151,2025-01-07 03:00:13+00:00,"‣ ‣ ‣ パルドン、素敵なパリジェンヌ。冬の着こなし術を教えて? STREET SNAP in PARIS📸 ツンと冷たい風が吹き、冬の訪れを感じさせるフランスで出会ったパリジェンヌ。自分の色を大切にしながら肩肘張らない着こなしを楽しむ彼女たちを参考に、ウィンタースタイルのヒントを見つけよう。 〔 Photo 01 〕 カウチンをさらっと羽織り、ワークジャケットとブルーデニムを合わせる。気取らずラフなのに、どうしたってかっこよくキマってしまう。その様子はどこか、フレンチシックを体現したジェーン・バーキンを彷彿とさせる。そんなAmberは、ヴィンテージショップ〈THE BEST VINTAGE STORE 〉のスタッフ。隣接する〈BRUT〉の兄弟店であり、ミリタリーを中心に良質なアメリカ古着を取り揃えるクールなお店。ちなみに彼女のカウチンもメンズサイズ! とってもお似合いです。 ✔︎ #カーディガン ✔︎ #ジャケット ✔︎ #デニムパンツ 〰︎ 以上すべてVintage ✔︎ #シューズ 〰︎ Paloma Wool @palomawool 〔 Photo 02 〕 カレッジ風のネクタイにクラシックなチェスターコート。そんなマニッシュなスタイリングを品よく、エレガントに着こなす彼女。「写真を撮られることに慣れていないの」と恥ずかしがりながら見せる笑顔が、とってもチャーミングだった。 ✔︎ #コート 〰︎ GIORGIO ARMANI @giorgioarmani ✔︎ #シャツ ✔︎ #ネクタイ ✔︎ #バッグ 〰︎ 以上すべてVintage photograph: Aimono Yoshiteru coordination: Yokoshima Tomoko edit: Nozaki Nanami〈KIP Inc.〉 design: Kawai Hiroyasu〈VIA BO, RINK〉 - - - - - - - - - - - - - - - 『FUDGE』2025年1月号は『 WINTER SNAP ロンドンガールとパリジェンヌの“現在”』特集。 全国の書店、コンビニ、webで人気販売中です!◎ ぜひ最新号をゲットして @fudge_magazine をタグ付けしてくださいね! 《FUDGEの他のアカウントも更新中》 ⌎men'sFUDGE @mensfudge ⌎snap @fudge_snap ⌎online store @fudge_online_store ⌎friend @fudge_friend ⌎coffee @fudge_coffee ⌎runclub @fudge_runclub #fudge #ファッジ #fudge_magazine #雑誌 #ストリートスナップ #ファッションスナップ #パリ #ロンドン #冬服 #冬服コーデ #冬物",2010.0,2.0,2012.0,3,Tuesday,Night,1205,115,19,9,3,1,0.7071067811865475,0.7071067811865476,0.7818314824680298,0.6234898018587336,Carousel
3395589505588595331,17382557862,2024-06-21 21:37:14+00:00,8 meses de Regina🍃 . . #photography #baby #beatiful #sun #photooftheday #family #happy #memories #mother #daughter #familia #retrato,14.0,1.0,15.0,21,Friday,Evening,132,18,12,0,0,0,-0.5842496656374341,0.8115739819650125,-0.433883739117558,-0.9009688679024191,Carousel
2145540085818610930,12156294129,2019-10-02 03:52:11+00:00,"#골덴주름pt#아동복추천 ⠀ ⠀ 🍁골덴주름pt ⠀ ⠀ 크림,딥브라운 ⠀ s, m, l, xl, xxl / js, jm, jl . . . 더 많은 상품보기 & 문의는 프로필상단 링크를 눌러주세요💕",17.0,2.0,19.0,3,Wednesday,Night,108,28,2,0,0,0,0.8480480961564258,0.5299192642332051,0.9749279121818236,-0.22252093395631434,Carousel
3635249587270251499,597561825,2025-05-18 13:39:02+00:00,☺️😜😘,150.0,7.0,157.0,13,Sunday,Afternoon,4,1,0,0,0,0,-0.4186597375374282,-0.9081431738250813,-0.7818314824680299,0.6234898018587334,Image
3699092452450490398,339254572,2025-08-14 15:43:25+00:00,De eerste thuis morgen 💛,645.0,5.0,650.0,15,Thursday,Afternoon,24,5,0,0,0,0,-0.8265897491271885,-0.5628049276950688,0.43388373911755823,-0.900968867902419,Carousel
3675062754222634066,5597427844,2025-07-12 12:00:41+00:00,"🚨 Emagrecer sem cirurgia é possível! 🚨 Conheça o Balão Intragástrico: uma solução moderna, segura e sem cortes para quem busca resultados reais e duradouros! 💪✨ ✅ Procedimento rápido e minimamente invasivo ✅ Sensação de saciedade para comer menos ✅ Acompanhamento completo com especialistas ✅ Resultados já nos primeiros meses! 📍Atendimento em São José dos Campos Agende sua avaliação agora e transforme sua vida com saúde! 💬 🔗 Clique no link da bio ou envie um Direct! 📍Onde estamos: Rua Cel. João Cursino, 233 – Vila Adyanna, São José dos Campos/SP ☎️ (12) 3941-5107 | (12) 3941-5452 📱 WhatsApp: (11) 93201-0000 ⠀ 🕒 Horário de atendimento: Seg. a Qui. – 7h30 às 18h00 Sexta – 7h30 às 17h ⠀ Dra. Anna Carolina Hoff - Cirurgia Geral e Endoscopia Intervencionista Avançada - CRM 108843 / RQE 45349 RT: Dr. Euvaldo Jaqueto Júnior Angiologista e Cirurgião Vascular – CRM 106.689 / RQE 27703 #BalãoIntragástrico #EmagrecimentoSaudável #SemCirurgia #Angioskope #SãoJoséDosCampos #EmagrecerComSaúde #EndoscopiaBariátrica #TransformeSeuCorpo",41.0,7.0,48.0,12,Saturday,Afternoon,1034,159,8,0,5,0,1.2246467991473532e-16,-1.0,-0.9749279121818236,-0.2225209339563146,Image
1703038727906753005,3229187500,2018-01-29 15:00:58+00:00,#betray #betrayal #motivation #motivational #goals #life #lifequotes Follow my writings on @yourquoteapp #yourquote #quote #stories #qotd #quoteoftheday #wordporn #quotestagram #wordswag #wordsofwisdom #inspirationalquotes #writeaway #thoughts #poetry #instawriters #writersofinstagram #writersofig #writersofindia #igwriters #igwritersclub,31.0,0.0,31.0,15,Monday,Afternoon,340,31,26,1,0,0,-0.7071067811865471,-0.7071067811865479,0.0,1.0,Image
3591890394285147009,175720652,2025-03-19 17:52:03+00:00,Soft light 🤍,134.0,4.0,138.0,17,Wednesday,Afternoon,12,3,0,0,0,0,-0.9993908270190958,-0.03489949670250076,0.9749279121818236,-0.22252093395631434,Image
3333089305066831847,54366052147,2024-03-27 16:00:30+00:00,"Your emotional intelligence can be just as important, if not more so, than your intellectual intelligence Don't forget to like, share and comment down your thoughts! 💭 Learn more on ""How Emotional Intelligence Saved my Life"" Get your copy here: https://tr.ee/P9OSGaOucC Get your Journal here: https://tr.ee/0cB5o_i-D0 Bundle: https://tr.ee/9hPJQ9Mufv . . . #books #bookworm #relationshipgoal #booklovers #bookishlife #relationshipsmatter #bookaddict #booknerd #bookaholic #bookstagrambooklove #bookphotography #booksofinstagram #notebookcollection #instabooks #relationshipquotes #bookme #bookbloggerlife #relationshipcoachingtip #amazonbooks #amazonfinds #CMBradley #WriterCMBradley #amazonbookseller #relationshipadvicetips #relationshiptalk #relatablequotes",1.0,2.0,3.0,16,Wednesday,Afternoon,760,77,26,0,1,0,-0.8660254037844384,-0.5000000000000004,0.9749279121818236,-0.22252093395631434,Image
3667844893927635317,13426344,2025-07-02 13:00:05+00:00,"ถึงรู้ว่าจะ ‘รักไม่ได้’ แต่ก็ยินดีที่จะรัก ❤️‍🩹 และพลาดไม่ได้ที่จะมาร้องเพลงในใจของใครหลายคนอีกครั้งในคอนเสิร์ตใหญ่ครั้งนี้ ! แล้วพบกันใน Ultra V presents GROOVE RIDERS RETURN OF THE GROOVE CONCERT 12 กรกฎาคม 2568 @ IMPACT Arena, Muang Thong Thani 📌 จําหน่ายบัตรทางแอป Zipevent หรือ เว็บไซต์ bit.ly/grooveriders #GROOVERIDERS #ULTRAVPRESENTSGROOVERIDERSRETURNOFTHEGROOVECONCERT #UltraV #10ปีอุลตร้าวีเติมเต็มความสวยในแบบคุณ #SinghaLife #jaspal #แม่ประนอม #DoubleA #TIPlife #TOYOTA #BallantinesTrueMusic #Zipevent #DaikinTH #Workpoint23 #mahajaklife #LaminaFilms #AmazingThailand #ไปรษณีย์ไทย #VGI #COOLfahrenheit #voguethailand #TheGuitarMag #SPICYDISC",42.0,0.0,42.0,13,Wednesday,Afternoon,652,55,26,0,1,0,-0.2588190451025208,-0.9659258262890683,0.9749279121818236,-0.22252093395631434,Image
3652562433614577362,10322989816,2025-06-11 10:56:34+00:00,Долгожданная новинка 🩵 Коллекция SCALP для ухода за кожей головы! Проверенные временем ингредиенты и современные инновации позволили представить вам уникальные продукты! Коллекция включает в себя: Балансирующий шампунь Балансирующий кондиционер Восстанавливающий тоник Очищающий скраб Следите за нашими обновлениями и совсем скоро мы расскажем вам об интересных новинках в рамках запуска Scalp 🩵,35.0,0.0,35.0,10,Wednesday,Morning,395,51,0,0,2,0,0.2756373558169992,-0.9612616959383189,0.9749279121818236,-0.22252093395631434,Image
3567618865233240119,3272221784,2025-02-14 06:08:54+00:00,#run #running #runningmotivation #takboparasapuso #Valentines #fbreelsfypシ゚,0.0,0.0,0.0,6,Friday,Morning,75,6,7,0,0,0,0.9993908270190958,-0.03489949670250118,-0.433883739117558,-0.9009688679024191,Reel
3638728072334568991,4713071193,2025-05-23 08:53:07+00:00,"Discover the Lamborghini 63'⁠!⁠ ⁠ The Tecnomar for Lamborghini 63 is a 63-foot carbon fibre yacht that fuses Lamborghini's iconic design with high-performance engineering. Powered by twin MAN V12 engines, together delivering 4,000 horsepower for a top speed of 63 knots. Inspired by classic Lamborghini models like the Miura and Countach, her aggressive silhouette, aerodynamic hardtop, and distinctive bow lights redefine nautical aesthetics, while the interior features hexagonal motifs, advanced materials, and full customisation through the Ad Personam program. The pilot cabin mirrors a Lamborghini cockpit with supersport seats, carbon fibre details, and the signature ""start&stop"" button, delivering a truly exhilarating on-water experience.⁠ ⁠ #superyacht #yachts #yacht #instayacht #topyacht #superyachtlifestyle #yachtclub #luxuryyachts #luxurylifestyle #superyachts #lamborghiniboat #lamborghiniyacht #lamrghiniyachts",280.0,6.0,286.0,8,Friday,Morning,928,117,13,0,1,0,0.7283709698824006,-0.6851829903263589,-0.433883739117558,-0.9009688679024191,Reel
3609777728977093965,44076389922,2025-04-13 10:11:00+00:00,#toyotaetios #toyota #etios #etiosvalco #etiosliva #etiosclube #etiosvalcoindonesia #toyotaetiosvalco #etiosmodifikasi #carros #etioslovers #corolla #toyotaetiosvalcoclubindonesia #toyotanation #hilux #hondafit #toyotacorolla #toyotabrasil #carro #stance #evaci #etiostoms #toyotahilux #bagged #stancenation #toyotaid #seminovos #ssrwheels #etiossedan #ssr ⭕️(Back to updating mood)♻️ Bhagyalakshmi holiday ⚡️♻️🀄️🥰🧚📸🐼💚🔰,1118.0,5.0,1123.0,10,Sunday,Morning,419,37,30,0,0,0,0.457873915116957,-0.8890171414857363,-0.7818314824680299,0.6234898018587334,Image
2929383971383034862,43617578,2022-09-17 15:50:03+00:00,"Saturday night fever over here !! Can this heat go away it’s so humid u walk out and immediately hot mess express 😆 rollerblading and walking in this heat is brutal, I will be happy to welcome October 🍁 🎃",3.0,1.0,4.0,15,Saturday,Afternoon,204,40,0,0,2,0,-0.8433914458128859,-0.5372996083468234,-0.9749279121818236,-0.2225209339563146,Image
3690373321141837344,3976028072,2025-08-02 15:00:03+00:00,"KEY THE 3RD ALBUM HUNTER : THE HUNTING WEEK [Dr.Odd’s Room] KEY 키 The 3rd Album 【HUNTER】 ➫ 2025.08.11 6PM (KST) 💿KEY.lnk.to/HUNTER 🔗youarethehunter.com 운영장소 : ??? 운영기간 : 2025. 08. 05. (화) ~ 2025. 08. 10. (일) 운영시간 : 12:00 ~ 20:50 (9 TIMES) 체험비용 : 5,000 원 *자세한 내용은 추후 업데이트 됩니다. #KEY #키 @bumkeyk #HUNTER #KEY_HUNTER #SHINee #샤이니",22182.0,30.0,22212.0,15,Saturday,Afternoon,325,60,6,1,0,3,-0.7071067811865471,-0.7071067811865479,-0.9749279121818236,-0.2225209339563146,Image
2231505153571565149,21184441,2020-01-28 18:29:25+00:00,"AD | Bedtime routine ⭐️ Do you have a set routine or are you more of a go with the flow kinda person? We’ve figured out in our case a nice bedtime routine does the trick. Bath, milk, tooth brushing, story and bed. For over a year @whisbear_official toys have been a very important part of our bedtime routine as well. In 2018 we bought the humming sensory bear and it was a real breakthrough (look through our stories to see @whisbear_official in action!) I can’t recommend their toys enough. The pink noise truly does work miracles and CRYsensor automatically detects crying and switches on to soothe the baby. An ultimate lifesaver. This adorable bear is one of the latest additions to @whisbear_official family. It comes dressed in a little grey hoodie with Whisbear logo (there’s also a girl version available). Absolutely perfect first toy guaranteed to stay your child’s favourite for years to come! @whisbear_official were kind enough to offer a special discount code for our followers. You can use code ‘tinywellies’ to get 20% off ⭐️ . . . . . #thismamalovescloth #teamtng #thenappygurus #ditchthedisposables #realnappies #channelmumvillage #motherhood_squares #makelaundrynotlandfill #myhonestmotherhood #ourkidslivehere #thatsdarling #likeforlikes #clothnappies #clothbum #reusablenappies #makeclothmainstream #clothdiapers #momswithcameras #cameramama #feelgoodmotherhood #raisingkindkids #plasticfreeparent #littlelambnappies #pieluchywielorazowe #tygblöjor #stoffwindeln #whisbear #thecreativemonth #mydoodlesanddaydreams #wyprawka",105.0,24.0,129.0,18,Tuesday,Evening,1545,213,30,4,2,1,-0.992004949679715,0.1261989691358297,0.7818314824680298,0.6234898018587336,Image
3382985012189412113,6875273560,2024-06-04 12:14:42+00:00,"Seeking top-notch image solutions for crystal-clear visuals? 📸✨ Our multi-image service delivers unparalleled quality, ensuring your product shines in sharp detail. Ideal for showcasing every aspect and preserving precious memories with unmatched clarity. Elevate your visual game today! For More Information Call +91-89504-56048 Or Visit- www.tatvagya.com . . . . . . . . . . . . #tatvagya #karnal #webdesigning #webdesigningservices #designingservices #graphicdesigningservices #logodesigningservices #graphicsdesigningservices #graphicdesigningservice #webdesigningcompany #graphicdesigningcompany 🥰#webdevelopmentservices #designing #mockupdesign #digitalmarketingservices #socialmediaservices #graphicdesigner",4.0,0.0,4.0,12,Tuesday,Afternoon,714,75,17,0,1,1,-0.0610485395348565,-0.998134798421867,0.7818314824680298,0.6234898018587336,Reel
3628073131156383086,7146092229,2025-05-08 16:00:42+00:00,"#продається_авто_в_Autogorod 🇺🇦 ✅ Citroen C-Elysee 🚘 ✅ 2013 рік ✅ 28 тис. пробіг ✅ Автомат ✅ 1.2 Бензин ✅ Передній 🔥Ціна 8 500$ VIN:VF7DDHMY0DJ849329 _______________________________________ Автоцентр викупу та продажу автомобілів AUTOGOROD 📍 Одеса, вул. Ак. Глушка, 20В 📞 +38 068 324 74 75 #продажа_citroen #citroencelysee #одесса #autogorod #автовналичии #купитьавто #буавто #автоодеса #автогород #autobazar #автобазарукраїна #автобизнес #автопродаж #перевіренеавто #автоексперт",5.0,0.0,5.0,16,Thursday,Afternoon,479,58,17,0,0,0,-0.8660254037844384,-0.5000000000000004,0.43388373911755823,-0.900968867902419,Carousel
3587746055875086902,65321132509,2025-03-14 00:38:00+00:00,Timothée Chalamet for GQ 💚 - #timotheechalamet #timmothéechalamet #timmy #cmbyn #dune #duneparttwo #timothéefanclub #chalamaniac #chalamet #timothéechalametedit #wonkamovie #wonka #timmychalamet #acometeunknoun #acompleteunknownmovie #cmbyn,1009.0,17.0,1026.0,0,Friday,Night,240,22,15,0,0,0,0.16504760586067763,0.9862856015372314,-0.433883739117558,-0.9009688679024191,Carousel
2545071767521626734,45057635577,2021-04-05 09:50:37+00:00,For more videos follow: @z.e.r.o.media : @z.e.r.o.media :@z.e.r.o.media . . . . Edited by @cristiano.addictar_ . . . All the credit goes to the respective owners only the edit belonges to us any issues Dm @z.e.r.o.media And the content will be removed . . . . ..... ©z.e.r.o.media #z.e.r.o.media #nature #sea #funnymemes #mallutraveller #selenagomez #hashtag #malayalam #story #people #instagram #daily #hate #mohanlal #kerala #7 #money #cartoon #kochi #life #explore #song #beautiful #dark #black #pinkpanther #pokémon #happybirthday #white,44.0,0.0,44.0,9,Monday,Morning,541,77,30,5,0,0,0.5372996083468238,-0.8433914458128857,0.0,1.0,Video
2594528626222717746,8622069267,2021-06-12 15:32:15+00:00,Enjoy my besto friendos fatezero #fategrandorder #fatestaynight #anime #fate #fateapocrypha #fateseries #fgo #fatego #fateextra #fatestaynightheavensfeel #fatestaynightunlimitedbladeworks #saber #typemoon #manga #fateextraccc #fateprototype #rintohsaka,114.0,3.0,117.0,15,Saturday,Afternoon,252,22,17,0,0,0,-0.7986355100472928,-0.6018150231520483,-0.9749279121818236,-0.2225209339563146,Carousel
2780165001665374001,52137720888,2022-02-23 18:38:36+00:00,Simona in her @sparkleinpink outfit. Always dressed nice and they are great quality. #kidsclothes #kidsmodel #kidlife #kidsclothing #childmodel #childfashion #kids #cutekids,2.0,0.0,2.0,18,Wednesday,Evening,173,21,8,1,0,0,-0.9862856015372315,0.16504760586067693,0.9749279121818236,-0.22252093395631434,Carousel
3591888126580899567,3102909603,2025-03-19 17:47:33+00:00,✨🍁🥀,352.0,9.0,361.0,17,Wednesday,Afternoon,3,1,0,0,0,0,-0.9983916705573488,-0.056692787563377714,0.9749279121818236,-0.22252093395631434,Carousel
3612953883664586037,5937917849,2025-04-17 19:21:27+00:00,Полирање и целосна керамичка заштита на Vespa,18.0,0.0,18.0,19,Thursday,Evening,45,7,0,0,0,0,-0.9381913359224842,0.346117057077493,0.43388373911755823,-0.900968867902419,Carousel
3615602641207510157,325097517,2025-04-21 11:04:03+00:00,Catch my brothers @illegaldemo on @bbclancashire @bbcmanchester @bbcmerseyside at 8.10pm tonight on The Raees Khan Show!!!,24.0,0.0,24.0,11,Monday,Morning,122,16,0,4,3,0,0.24192189559966817,-0.9702957262759964,0.0,1.0,Image
3709323270136377350,7944494245,2025-08-28 18:30:13+00:00,"🌸✨ Neste sábado, dia 30, a Parada 102 vai estar presente em um momento especial: a inauguração da Império Flores e Presentes, a partir das 9 horas! 💐 Uma loja encantadora, repleta de flores, folhagens, buquês, kits com flores e chocolates, além de cestas de café da manhã personalizadas. 📍Rua Dom Vicente Gramazio, ao lado da Aquarela, no centro de Capinzal. 📲 WhatsApp: (49) 9 9997-6820 @imperio_flores_e_presentes",26.0,0.0,26.0,18,Thursday,Evening,415,67,0,1,1,0,-0.9914448613738105,0.13052619222005127,0.43388373911755823,-0.900968867902419,Image
3651081298685111446,1523117005,2025-06-09 09:53:49+00:00,,2.0,0.0,2.0,9,Monday,Morning,0,0,0,0,0,0,0.5262139236518698,-0.8503522249955627,0.0,1.0,Image
3574360080109825379,5447601,2025-02-23 13:22:27+00:00,"来到日本后 我有了新的三观!! . . . . . . . 那就是 . . 关我什么事 关你什么事 关他什么事 细品,慢慢品 🫰😘 #新三观 #日本雪景真的很美",455.0,4.0,459.0,13,Sunday,Afternoon,80,19,2,0,2,0,-0.3502073812594677,-0.9366721892483976,-0.7818314824680299,0.6234898018587334,Image
3622212412392992875,53195923442,2025-04-30 13:56:30+00:00,"Una nuova puntata di rePLAY, la rubrica a cura di Arci Reggio Emilia e Gazzetta di Reggio dedicata alla scena musicale del territorio 🎸 Due volte al mese vi presentiamo una nuova band o un musicista e oggi parliamo di Selene 🎙 Un genere, quello della giovane cantautrice, che mescola R&B, dark pop e cynematic, ma sono i testi, «di cui scrivo ogni singola parola», come afferma lei stessa, ciò che per lei conta di più della sua musica. Quello che voglio trasmettere è un sentimento di rivincita meritata di quando comprendi che concederti ciò che meriti dipende solo da te e che è il momento di volerlo davvero una volta per tutte. Scopri l’articolo completo sulla Gazzetta del 29 aprile e sulla versione digitale del quotidiano 📰 Ascolta Selene sulle principali piattaforme di streaming musicale 🎧 #rePLAYmusic",66.0,0.0,66.0,13,Wednesday,Afternoon,812,138,1,0,0,0,-0.48480962024633695,-0.8746197071393959,0.9749279121818236,-0.22252093395631434,Carousel
3621112152721234052,72042601184,2025-04-29 01:30:00+00:00,"Something suprise is coming for this May!🤭👀 Hi semua, ck nak bagitahu sempena bulan Mei ni kita ada something special & surprise untuk anda semua...especially untuk seorang insan yang bergelar “IBU” so nantikan kejutan daripada Ck tau!❤️ So siapa nak tahu apa kejutan tu? Jom komen “Nak” ramai-ramai dekat bawah ni🥰❤️ #chefkecikboulangerie #chefkecikbyrb #ck #chefkecik #chefkecikkitchen #ckboulangerietuah",526.0,21.0,547.0,1,Tuesday,Night,406,57,6,0,2,1,0.3826834323650898,0.9238795325112867,0.7818314824680298,0.6234898018587336,Reel
3612720841918817127,2951008686,2025-04-17 11:38:26+00:00,VIERNES TURNO LIBRE 15:00hr DOMINGO TURNO LIBRE 15 hrs 🩸HACE TU RESERVA 2616343964 🩸TATUAJES EN LÍNEAS FINAS Y DEFINIDAS 🩸MATÍAS NARANJO TATTOO ESTUDIO . . . . . #tinytattoo #tattooing #dotwork #delicatetattoo #tattoostudio #tattooink #blackandgrey #artist #flashtattoo #singleneedletattoo #linetattoo #tatuagemfeminina #inkedgirls #me #minitattoo #minimaltattoo #colortattoo #tattooer #traditionaltattoo #instatattoo #blackworkers #tattoolove #tatuagemdelicada #letteringtattoo #smalltattoos #realistictattoo #tattooidea #tatuaje #tatuajes #tattooshop,28.0,0.0,28.0,11,Thursday,Morning,552,58,30,0,0,0,0.09584575252022391,-0.9953961983671789,0.43388373911755823,-0.900968867902419,Image
3576514121258904233,5398195157,2025-02-26 12:42:09+00:00,HADIAH PALING MENARIK UNTUK PASANGAN ANDA 🥰 COKLAT & GAMBAR PASANGAN ANDA.. . Servis Utama kami ialah memudahkan anda yang tak de masa untuk cari hadiah di saat anda memerlukan . 🍫Chocolates Bouquet 🌹Flower Bouquet 💸Money Bouquet 🍓Fruit Bouquet 🎈Hot Air Ballon . BERMINAT? Cepat klik link di bawah SEKARANG. . http://www.wasap.my/60122198474/PostIG http://www.wasap.my/60122198474/PostIG http://www.wasap.my/60122198474/PostIG . #bouquetpuchong #bouquetmurah #bouquetkualalumpur #bouquetselangor #bouquet #surprisedelivery #surprisebirthday #mazritachocolatesbouquet,0.0,0.0,0.0,12,Wednesday,Afternoon,566,63,8,0,0,1,-0.18223552549214703,-0.9832549075639546,0.9749279121818236,-0.22252093395631434,Carousel
3475572133486883821,60206971339,2024-10-10 06:08:26+00:00,"🌍🌱 On this Mazingira Day, we honor the beauty of nature and commit to preserving it. Every small action counts in making our planet a better place! Let’s all do our part to protect the environment for future generations. 🌿💚 ___________________________________________________________________ We are located in Mlolongo, Stage View Business Park, Stall G8. Visit us for all your African Cotton Fabric needs. Gmail us at: jawaith2012@gmail.com Our Site: https://lnkd.in/gqfd8tsc FOR ORDERS and DELIVERY, Call/WhatsApp 0729770046 __________________________________________________________________ #MazingiraDay #Sustainability #EcoFriendly #GoGreen #NatureLovers #SaveThePlanet #EnvironmentalProtection #GreenLiving #ZeroWaste #ClimateAction #ProtectOurEarth #ReduceReuseRecycle #EcoConscious #GreenInitiative #SustainableFuture #ConservationMatters #CleanerEarth #PlantMoreTrees #GreenLifestyle #EnvironmentalAwareness",4.0,0.0,4.0,6,Thursday,Morning,916,95,20,0,1,0,0.9993908270190958,-0.03489949670250118,0.43388373911755823,-0.900968867902419,Image
3631552600505640580,565333896,2025-05-13 11:13:47+00:00,スーパービッグマックポリス #ビッグマックポリス #OfficerBigMac #マクドナルド #mcdonalds #AIART #AIアート #McAmonART,167.0,1.0,168.0,11,Tuesday,Morning,83,8,7,0,0,0,0.2036417511401777,-0.9790454724845838,0.7818314824680298,0.6234898018587336,Image
3635958900658886700,5003649100,2025-05-19 13:08:19+00:00,"СРОЧНО! Продам земельный участок с проектом строительства Центра внешкольного образования! Продается земельный участок площадью 0,0400 га, расположенный в центре города. Целевое назначение: строительство и обслуживание Центра внешкольного образования. На объекте предусмотрено возведение 2-этажного здания, включающего: • кабинеты для предоставления образовательных услуг детям и взрослым, • помещения для спортивных секций, • бассейн, • а также зоны отдыха и инфраструктура для комплексного развития. На участок уже имеются все необходимые документы: • государственный акт на право собственности; • архитектурно-планировочное задание (АПЗ); • технические условия для подключения коммуникаций (вода, электричество и т.д.); • утвержденный эскизный проект; • полный рабочий проект. Проект не был реализован по финансовым причинам. Отличный вариант для инвесторов или организаций, планирующих развитие социальной и образовательной инфраструктуры. Преимущества: • Центр города • Развитая инфраструктура вокруг • Высокий потенциал востребованности образовательных и спортивных услуг Стоимость 15 000 000 тг. Цена обсуждается. Все документы готовы к быстрой сделке! Звоните прямо сейчас! 87081537275",54.0,0.0,54.0,13,Monday,Afternoon,1193,148,0,0,4,0,-0.2923717047227364,-0.9563047559630355,0.0,1.0,Carousel
2559310534278073970,41164193943,2021-04-25 01:20:32+00:00,Truffles ish so demanding unlike me who ish a good boi! #demandingdog #demandingsibling #shihtzuofig #shihtzugalore #cuteshihtzu #cutedogs #funnydogs #shihtzuclub #shihtzuofinstagram,48.0,3.0,51.0,1,Sunday,Night,182,20,9,0,1,0,0.3420201433256687,0.9396926207859084,-0.7818314824680299,0.6234898018587334,Reel
3612832727714194036,1421289441,2025-04-17 15:20:44+00:00,Face mask week💖 基礎化粧品研究所 @kisocare さんの 美容成分たっぷりフェイスマスク✨ 天然ラドン温泉×アロマの香り🫧 高配合美容成分とのダブル効果で 温泉上がりたての様なツルスべ肌へ♨️ 7つの無添加入り ・パラベン ・合成香料 ・合成着色料 ・シリコン ・石油系アルコール ・紫外線吸収剤 ・ミネラルオイル 気分に合わせて選べる嬉しい個包装 ・ヒト幹細胞順化培養液 ・ヒト型セラミド ・ナイアシンアミド ・プラセンタ ・プロテオグリカン ・フラーレン ・レチノール ・ヒアルロン酸 ・ハイドロキノン ・ビタミンC ・ヒトオリゴペプチド ・ガラクトミセス ・アゼライン酸 ・グルタチオン ・グリシルグリシン ・ティーツリー ・EGF ・CICA ・ハトムギ 好きな成分だけ取り寄せることも可能✨ 私的にお気に入りはコラーゲンと ヒト幹細胞とナイアシンアミドかなぁ👩‍🔬 シートの密着感も気持ちいいです💕 PR @kisocare #pr #キソパック #kisoパック #kiso #フェイスマスク #フェイスパック #美容女子 #beauty,49.0,5.0,54.0,15,Thursday,Afternoon,485,52,8,2,0,0,-0.7660444431189779,-0.6427876096865395,0.43388373911755823,-0.900968867902419,Carousel
3361541592610220515,40341496472,2024-05-05 22:10:06+00:00,#neverforget #neveragain #shoah #yomhashoah,12.0,0.0,12.0,22,Sunday,Evening,43,4,4,0,0,0,-0.46174861323503363,0.8870108331782218,-0.7818314824680299,0.6234898018587334,Image
3481009318244853672,50001358732,2024-10-17 18:11:09+00:00,Anak Muda yang Berkarya Jadi hari sabtu kita akan dipandu acara sama duo MC kaka @daveeldricka02_ dan Kaka @dinaachm #SemuaMataTertujuKeTimur,91.0,8.0,99.0,18,Thursday,Evening,141,20,1,2,0,0,-0.9988483864849507,0.04797812852134433,0.43388373911755823,-0.900968867902419,Image
3424858236611297690,21951215878,2024-08-01 06:48:58+00:00,一日空姐 ✈️ 喜歡這套質感很好的制服 歡迎搭乘 #信義航空 前往 #澳洲雪梨 的班機即將起飛 歡迎各位同仁熱情參與 主題式的會議好可愛 祝福 祝️ 各位 #信義房屋 同仁 都能順利達成 #信義房屋 #澳洲 #雪梨 #袋鼠 #無尾熊 #空姐,1378.0,38.0,1416.0,6,Thursday,Morning,120,22,8,0,0,0,0.9781476007338057,-0.20791169081775934,0.43388373911755823,-0.900968867902419,Carousel
3647541924517955211,1340383770,2025-06-04 12:41:43+00:00,🛍️290.- D369❤️💙เซ็ตกระโปรงยีนส์เทียมปักโบว์ผ่าข้างแซ่บๆ เสื้อผ้าร่อง กระโปรงผ้ายีนส์เทียม คุ้มมากเซ็ตนี้ ใส่ได้ทุกโอกาส _________ อก40-48“(หน้าผ้า42“) ต้นแขน18-22” ปลายแขน14-20” ยาว18” เอว28-40(ก่อนยืด28“) สะโพก40-48” ยาว28” #เสื้อผ้าสาวอวบอ้วนbigsize #เสื้อผ้าสาวอวบอ้วน #เสื้อผ้าไซส์ใหญ่ #ชุดกี่เพ้า #กี่เพ้าใส่ตรุษจีน #bigsize_shop #bigsize_madampoey #มาดามโป๊ยยย #เซทสาวอวบอ้วน #เสื้อผ้าแฟชั่นตามกระแส #ชุดเซทราคาถูก #สายฝอ #เสื้อผ้าสาวอ้วน #ชุดสาวอ้วน #ชุดสาวอวบอ้วน #แฟชั่นสาวอ้วน #bigsize #plussize #plussizefashion #fashionbigsize,2.0,0.0,2.0,12,Wednesday,Afternoon,538,34,26,0,0,0,-0.1779435454738416,-0.9840406976462909,0.9749279121818236,-0.22252093395631434,Carousel
2793054586817348927,33051841388,2022-03-13 13:35:16+00:00,"TheDermaCo presents The Derma Co. AHA BHA Cleanser Concentrate & 2% BHA Exfoliant Campaign for smooth skin . Benefits n Features: The Derma Co. AHA BHA Cleanser Concentrate ✅The Derma Co.'s AHA BHA Cleanser Concentrate comes with the benefits of a cleanser along with gentle exfoliation. ✅It has Salicylic Acid, Lactic Acid, and Malic Acid that helps in removing dead skin cells, impurities and gives you brighter, softer skin without making it dry ✅This cleanser concentrate can be used daily and by all skin types. 2% BHA Exfoliant Campaign: ✅The Derma Co. 2% BHA Exfoliant Solution unclogs pores, exfoliates dead skin cells, and fight active acne (both face & body) ✅Use both these products together to get & maintain acne-free, smooth and clear skin. #UltimateExfoliationDuo #TheDermaCo #NoFilter #Exfoliation #Skincare @thedermacoindia",347.0,17.0,364.0,13,Sunday,Afternoon,840,130,5,1,0,0,-0.4027466898587371,-0.9153114791194472,-0.7818314824680299,0.6234898018587334,Reel
3746795582963582531,5466208689,2025-10-19 11:22:17+00:00,Je moet wat in het weekend... 😂😂 Maar een hondje? Wat zijn de voor- en nadelen? 🐶,783.0,43.0,826.0,11,Sunday,Morning,81,17,0,0,0,2,0.16504760586067765,-0.9862856015372314,-0.7818314824680299,0.6234898018587334,Video
3728342894802740339,1990009489,2025-09-24 00:18:49+00:00,,0.0,0.0,0.0,0,Wednesday,Night,0,0,0,0,0,0,0.07845909572784494,0.996917333733128,0.9749279121818236,-0.22252093395631434,Image
3637540657155090971,4541476832,2025-05-21 17:31:01+00:00,"🏆 El Servei de Cirurgia Ortopèdica i Traumatologia (COT) d'#althaiamanresa ha obtingut diversos reconeixements en la 12a edició del congrés conjunt de l'@aeartroscopia i la @serod_sociedad ✅ Albert Pons Riverola, resident de 4t any, ha estat guardonat amb una beca per realitzar una estada formativa a l’hospital de la Croix-Rousse de Lyon. 🗣️ Eric Camprubí García, adjunt al servei, ha guanyat el premi a la millor comunicació oral. 🏅 Juan Ignacio Erquicia, cap clínic, ha rebut un reconeixement per la seva implicació en el programa formatiu de la SEROD. 🔍 Trobeu tota la informació a través del link de la bio i, des d'allà, clicant la imatge d'aquesta publicació. #mir25 #2mir25 #residentsalthaia",310.0,0.0,310.0,17,Wednesday,Afternoon,700,112,4,2,0,0,-0.992004949679715,-0.12619896913583006,0.9749279121818236,-0.22252093395631434,Carousel
2937008926869144542,2151393811,2022-09-28 04:19:29+00:00,#Repost @loveandjusticeinthestreets ・・・ Huge thanks to everyone who has been throwing down for the Wood St community! Let’s keep up the support all week! The violent displacement of the Wood street community by caltrans continues. M-F 6:30am-4:30pm. Meet at tent on Wood street near W. Grand. Be ready to document and support residents. Bring food & drinks to share. Wear protective shoes (and gloves if you have them)!,137.0,0.0,137.0,4,Wednesday,Night,419,68,1,1,3,0,0.9044551454543679,0.4265687399014585,0.9749279121818236,-0.22252093395631434,Image
3642314018937989836,5888594870,2025-05-28 07:34:48+00:00,Don't geese sleep? These two have DEFINITELY been stealing babies!,95.0,4.0,99.0,7,Wednesday,Morning,66,10,0,0,1,1,0.917060074385124,-0.39874906892524614,0.9749279121818236,-0.22252093395631434,Carousel
3605610171287583790,14002243506,2025-04-07 16:10:48+00:00,,88.0,3.0,91.0,16,Monday,Afternoon,0,0,0,0,0,0,-0.8870108331782218,-0.4617486132350336,0.0,1.0,Carousel
3203115773644498731,54735237671,2023-09-30 08:06:17+00:00,Mental health matters 🧠 . . . . #innervoice #health #goodvibes #yourstruly #thoughts #time #loveyourself #positivethoughts #bepositive #patience #food #mind #mindfulness #goodtime #goodvibes #loveyourlife #careforothers #mentalhealth #lifequotes #lifelessons #lifegood #careforothers #love,2.0,1.0,3.0,8,Saturday,Morning,289,31,21,0,0,0,0.8526401643540923,-0.5224985647159488,-0.9749279121818236,-0.2225209339563146,Image
1554400241923143309,439990434,2017-07-08 13:02:50+00:00,#cohiba #robusto #cigarlife #cigar #cigarporn #garten #magdeburg #habano #cuba #cigaroftheday @bottle_and_pipe,20.0,1.0,21.0,13,Saturday,Afternoon,110,11,10,1,0,0,-0.26723837607825635,-0.9636304532086232,-0.9749279121818236,-0.2225209339563146,Image
3561433543789260532,1355222171,2025-02-05 17:19:44+00:00,“whose papi chulo is this?” necklace stack - @maisonfoufoustore beanie - @fam4life.shop #fashionstyle #greenvillesc #streetstyle #aesthetic,360.0,56.0,416.0,17,Wednesday,Afternoon,139,16,4,2,0,1,-0.9840406976462909,-0.17794354547384147,0.9749279121818236,-0.22252093395631434,Carousel
3589161051942836180,44922525369,2025-03-15 23:29:20+00:00,"Manaus/AM - As consequências decorrentes da forte chuva que atingiu Manaus neste sábado (15), causando sérios alagamentos, foram sentidas, também, na comunidade Santa Marta, localizada na zona norte da cidade, na Colônia Terra Nova. A enchente deixou as ruas completamente submersas, e a água chegou a níveis alarmantes, quase alcançando os telhados das casas. Moradores ficaram ilhados e improvisaram resgates com uma caixa d’água usada como bote. Além disso, o impacto da chuva foi sentido em outras áreas da Colônia Terra Nova, como na Avenida Passarinho, onde as ruas foram transformadas em verdadeiros rios. Casas foram invadidas pela água, gerando preocupação entre as famílias, que enfrentam dificuldades para proteger seus pertences. Quer saber mais, acesse o blog e fique por dentro das principais noticias. De Manaus para o Mundo. A Informação com opinião e credibilidade. ❤️Curta 💬 Comente ↗️ Compartilhe 📲 92 99413-3729 🎥 YouTube.com/@moisesdutracanal 🔗 blogdomoisesdutra.com #curta #comente #compartilhe #noticias #informação #credibilidade #jornalismo #fy #fyp #explore #explorepage #demanausparaomundo Blog do Moisés Dutra em cima da notícia, de Manaus para o mundo.",8.0,0.0,8.0,23,Saturday,Evening,1181,172,12,1,0,0,-0.13485093027372372,0.9908658973868821,-0.9749279121818236,-0.2225209339563146,Image
3405265571410471470,64388591795,2024-07-05 06:01:51+00:00,Untuk tanya2 atau order silahkan di : Wa 089617000000 Follow @shellasaukia__fashion vippremium_collection @shellasaukiashop @nanadevikha #fashion #gaun #shellasaukia #dress #ramadhan #lebaran #muslimah #islam #indonesia #arab #gaun #shopee #tokopedia #tiktok #wanita #cantik #elegan #dubai #uea #bisnis #abaya #gamis #kemeja #beauty #cosmetic #ssskin #shellasaukiaofficial #money #palestine #doha #qatar Trusted ya karena Ownernya jelas @nanadevikha,4.0,0.0,4.0,6,Friday,Morning,449,51,30,4,0,0,0.9999904807207345,-0.00436330928474646,-0.433883739117558,-0.9009688679024191,Image
3195731903662925816,28831420683,2023-09-20 03:35:51+00:00,"🧀Прихильники модерної класики - на звʼязку: лагідний, насичений та неповторний смак, утворений в рецептурі цього десерту! На Вас чекають: • Ніжний сирний шар • Хрустке пісочне тісто Легка насолода, неймовірний аромат та, безумовно, привабливий вигляд виробу, що зробить Ваш настрій прекраснішим✨ 📍Чекаємо Вас за найсмачнішим витвором на точках продажу: • пр-т Слобожанський 10 • пр-т Д. Яворницького 90 • вул. Ливарна 17-А • ТЦ ""Нагорка"", пр-т Гагаріна, 8а #cake #dessert #торт #десерт #солодощі #дніпро",8.0,1.0,9.0,3,Wednesday,Night,503,74,6,0,1,0,0.8064446042674825,0.5913096483635825,0.9749279121818236,-0.22252093395631434,Carousel
3627269836526767162,44951199947,2025-05-07 13:24:41+00:00,,29.0,1.0,30.0,13,Wednesday,Afternoon,0,0,0,0,0,0,-0.35836794954530043,-0.9335804264972017,0.9749279121818236,-0.22252093395631434,Carousel
3621604251248700918,1561310737,2025-04-29 17:48:11+00:00,"🔎 PROJETO LUPA 🔎 Você sabia que a floresta do Jardim Botânico faz parte de uma Unidade de conservação?🌳 Desde 2018, a área de vegetação nativa do Jardim Botânico é reconhecida como Refúgio da Vida Silvestre (RVS) - Aimorés, uma UC essencial para proteger o Cerrado paulista. 🐾 Essa é uma área valiosa para a biodiversidade, por isso a instituição adota regras específicas de visitação, garantindo o respeito à natureza e aos seres que ali vivem. 🐜🦋 @semma_bauru @prefeituradebauru #jardimbotanico #reservaambiental #floresta #forest #conservacao #conservation",90.0,0.0,90.0,17,Tuesday,Afternoon,559,85,6,2,0,1,-0.9986295347545739,-0.052335956242943425,0.7818314824680298,0.6234898018587336,Carousel
3606775599257627217,8477557395,2025-04-09 06:46:18+00:00,"🌿 New Hilltop Resort in Chikmagalur – Now Listed on Malnad Stays! 🌿 Looking for a perfect summer holidays getaway in Chikmagalur? We’ve got an exciting new resort for you! Nestled amidst lush greenery, this serene retreat offers comfortable stays, delicious food, and a peaceful escape from the city. ✨ Starting at just ₹3,500 per person! ✨ ✅ Cozy & well-furnished rooms ✅ Delicious local & multi-cuisine meals ✅ Stunning nature views & relaxing ambiance ✅ Perfect for couples, families, friends & corporate outings Book your stay now and experience the magic of Chikmagalur! 🏡🌳 📞 Contact us for reservations: 9513-434-369 #MalnadStays #ChikmagalurResort #NatureRetreat #StayInChikmagalur #chikmagalur #resorts",185.0,41.0,226.0,6,Wednesday,Morning,710,107,6,0,4,1,0.9799247046208296,-0.19936793441719708,0.9749279121818236,-0.22252093395631434,Carousel
3437821460782099551,512146184,2024-08-19 04:04:35+00:00,The lighthouse on Jomfruland 🌞👀💚🧡💛🍀👣🌞#instagood#followme#likeforlike#photooftheday#love#instadaily#igers#happy#instalike#like4like#instamood#instasize#instamoment#instamomentos#instagram#bestoftheday#awesome#stunning#beautiful#Favourite#nofilter#picoftheday#amazing#instagallery#world#travelling#outdoors#magasin_no#visitjomfruland#visitkragerø,242.0,36.0,278.0,4,Monday,Night,344,5,2,0,0,0,0.8746197071393957,0.4848096202463371,0.0,1.0,Image
3075589335303532072,5641469769,2023-04-07 09:14:01+00:00,Invest in your hair. It is the crown you never take off 👑😌 ° ° ° ° ° ° ° ° ° ° ° ° ° ° ° #model #modeling #photography#hairstyles #mullethair #photooftheday #photoshoot #chill #vibes #mood #picofday #kerala #kannur #mallus #like #support #trending #looks #vibein#unique,661.0,108.0,769.0,9,Friday,Morning,269,46,20,0,0,0,0.6626200482157377,-0.748955720789002,-0.433883739117558,-0.9009688679024191,Carousel
3436342994427021744,211322151,2024-08-17 03:20:29+00:00,"let’s spend the day together 🤍 from a refreshing pilates session, quick target run, easy lunch, team meetings for NNH Pop-Up Shoppe prep to refilling our delivery treat station with my sweet new helper — today was full of #pocketsofpeace 🫶🏽 #nabelanoorhome",79281.0,439.0,79720.0,3,Saturday,Night,256,42,2,0,0,0,0.766044443118978,0.6427876096865394,-0.9749279121818236,-0.2225209339563146,Reel
3732022811163743995,58749634037,2025-09-29 02:10:58+00:00,"✨ Experience Timog – where traditional Filipino food meets a modern twist! 🇵🇭🔥 From our signature Kare Kare Volcano to weekend vibes with live acoustic music, we bring flavor and soul straight to Newark, CA. 🎶🍲 📍 Inside Lions Mall, Newark CA 🍴 Elevated Filipino dishes, refined for today 🎤 Acoustics every weekend 🌋 House specials you won’t find anywhere else Come hungry, leave family. ❤️ 🎥: @row.refined #Timog #FilipinoFood #KareKareVolcano #NewarkEats #BayAreaEats #FilipinoCuisine #WeekendVibes #bayarea Reposted from @timogrestaurant",120.0,1.0,121.0,2,Monday,Night,539,79,8,2,1,0,0.5372996083468238,0.8433914458128857,0.0,1.0,Reel
3562966882145942648,58381260494,2025-02-07 20:06:12+00:00,"🚀 Conectando jovens ao futuro! A startup amazonense Trilha do Aprendiz acaba de fechar mais uma parceria de impacto! Agora, em colaboração com o Tribunal de Justiça do Pará (TJ-PA), a startup passa a atuar no Programa Novos Caminhos, que promove a inclusão de adolescentes e egressos das unidades de acolhimento no mercado de trabalho. 💼✨ 📌 A Trilha do Aprendiz facilitará a contratação de jovens aprendizes, garantindo total conformidade com a Lei da Aprendizagem (Lei 10.097/2000). O compromisso é oferecer capacitação, suporte e conexão com empresas, gerando oportunidades reais para quem mais precisa! 🙌 🗺️ Um dos destaques dessa parceria é a implantação do ""Mapa do Jovem Trabalhador"", uma ferramenta inovadora que mapeia perfis de candidatos e conecta suas habilidades às necessidades das empresas contratantes. “O Mapa alinha as habilidades dos jovens com as demandas das empresas, conectando-os de forma eficiente ao mercado”, destaca Helen Araújo, diretora jurídica da startup. 🏆📊 💡 Desde outubro do ano passado, a Trilha do Aprendiz já atua no Amazonas, em parceria com a Coordenadoria da Infância e da Juventude do TJAM, fortalecendo ainda mais o impacto do programa na região. Agora, com a expansão para o Pará, mais jovens terão acesso a oportunidades de desenvolvimento e crescimento profissional! 🌎🔝 🔥 Quer saber mais sobre essa iniciativa transformadora? Acesse o link e compartilhe essa notícia com quem precisa dessa oportunidade! 💙 #JovemAprendiz #Inclusão #Empregabilidade #Futuro",68.0,13.0,81.0,20,Friday,Evening,1500,231,4,0,5,1,-0.8526401643540921,0.522498564715949,-0.433883739117558,-0.9009688679024191,Image
3440497432206150452,35888180586,2024-08-22 20:42:06+00:00,Feria Internacional de Universidades Autopista Américas #collegetips #highschool #applyingtocollege #collegeadmissions #collegeprep #collegeadvice #admissions #collegecounseling,13.0,0.0,13.0,20,Thursday,Evening,177,14,8,0,0,0,-0.7604059656000314,0.6494480483301831,0.43388373911755823,-0.900968867902419,Reel
3582446574406460256,4772684909,2025-03-06 17:08:52+00:00,"Os alunos do Terceirão aceitaram o desafio de escolher uma fantasia baseada na inicial de seu nome e o resultado foi um show de criatividade! 🤩 De personagens de desenho a super-heróis e princesas, eles mostraram toda sua criatividade e espírito de equipe no primeiro Dia Temático do ano. Já deu para ver que o Terceirão 2025 promete, não é mesmo? Deixe nos comentários qual foi sua fantasia favorita. 💬",658.0,9.0,667.0,17,Thursday,Afternoon,403,70,0,0,1,1,-0.9743700647852351,-0.22495105434386525,0.43388373911755823,-0.900968867902419,Carousel
3372890606636069764,7094736745,2024-05-21 13:58:34+00:00,"💥श्री ज्ञानानंद जी को यह ज्ञान है कि रजगुण श्री ब्रह्मा जी हैं, सतगुण श्री विष्णु उर्फ श्री कृष्ण जी हैं तथा तमगुण श्री शंकर उर्फ महादेव जी हैं। फिर भी उन्होंने स्पष्ट नहीं किया कि गीता अध्याय 7 श्लोक 12 से 15 तथा 20 से 23 में सतगुण श्री कृष्ण जी सहित अन्य सब देवताओं की भक्ति करना गीता में मना किया है। - जगतगुरु तत्त्वदर्शी संत रामपाल जी महाराज अधिक जानकारी के लिए देखें Sant Rampal Ji Maharaj Youtube Channel #geeta #krishna #india #mahabharat #hindu #bhagwatgeeta #god #harekrishna #gita #krishnaquotes #shiva #hinduism #mahabharata #radhekrishna #vrindavan #radheradhe #bhaktisarovar #iskcon #गीता_प्रभुदत्त_ज्ञान_है इसी को follow करें",2.0,0.0,2.0,13,Tuesday,Afternoon,640,105,20,0,0,0,-0.49242356010346694,-0.8703556959398998,0.7818314824680298,0.6234898018587336,Image
3181544066349322321,29705915512,2023-08-31 13:47:09+00:00,"Enjoy your Labor Day weekend without falling off the wagon Here are some tips to stay on track with your weight and wellness goals: 💥 Make veggies a part of the spread. Grilled vegetables are a delicious and healthy side, or throw together a nice salad. 💥 Be sure to eat before the barbeque! Don't ""save your appetite"". That'll only lead to you overeating. 💥 Thirst is often disguised as hunger. So as usual, hydrate properly. Especially if you like to have a few drinks like I do. 💥 If you are a sweets addict like myself, don't overdo it. It will only make the following week really difficult as you battle cravings again. 💥 Make yourself a balanced plate. As much as we want to jump straight to the Mac, make sure you throw in some protein, and veggies. 💥 Enjoy yourself! Food is meant to be enjoyed and bonded over also. So don't stress yourself too much. . . . . . #progressbeforeperfection #ditchdiets #lifestylehacks #nutritionhabits #healthandwellnesscoach #weightlossinspo #intuitiveeating #healthyhabits #healthyfoodchoices #weightlossaccount #nutritionexpert",6.0,3.0,9.0,13,Thursday,Afternoon,1069,175,11,0,2,0,-0.45009844103743474,-0.8929789434111371,0.43388373911755823,-0.900968867902419,Image
3565397426098963332,3089923105,2025-02-11 04:35:16+00:00,"Polisi tengah mendalami dugaan kasus kepemilikan senjata api (senpi) ilegal milik anak bos Prodia, Arif Nugroho. Hingga kini, proses penyidikannya masih berjalan. ""Ada (laporan kepemilikan senpi ilegal), masih jalan. Sudah sidik,"" ujar Dirreskrimum Polda Metro Jaya, Kombes Wira Satya pada wartawan, Senin (10/2/2025). Menurutnya, proses penanganan laporan tentang dugaan kasus kepemilikan senpi ilegal milik tersangka dugaan kasus pemerkosaan dan pembubuhan remaja perempuan inisial FA, Arif Nugroho masih berjalan. Polisi pun bakal menyampaikan perkembangan penyidikan kasus tersebut ke depannya. ""Nanti kita buka lagi berkasnya. Pokoknya prosesur berjalan,"" tuturnya Sementara Anggota Kompolnas, Choirul Anam mengatakan, sejatinya ada tiga laporan polisi (LP) dalam peristiwa kematian remaja perempuan inisial FA dengan tersangka Arif Nugroho dan Muhammad Bayu Hartanto. Selengkapnya: https://megapolitan.okezone.com/read/2025/02/10/338/3112535/polisi-dalami-dugaan-kepemilikan-senpi-ilegal-anak-bos-prodia #beritaterkini #polisi #infoterkini",225.0,4.0,229.0,4,Tuesday,Night,1045,119,3,0,0,0,0.9320078692827984,0.3624380382837017,0.7818314824680298,0.6234898018587336,Image
3642937028465213657,504240871,2025-05-29 04:12:36+00:00,***อัพเดทล่าสุด เมื่อวานนี้เราไปเยี่ยม “ ตอนนี้แต่งเพลงได้3 เพลงแล้วค่ะ ออกมาคงได้หลายอัลบั้มอยู่ค่ะ” “ขอบคุณแฟนคลับเสก โลโซทุกคนนะคะและประชาชนชาวไทยทุกคนที่เป็นห่วง และให้กําลังใจเสก โลโซและครอบครัวขอบพระคุณมากค่ะ “ “ และได้มอบกีตาร์ให้ทางเรือนจําไว้ทั้งหมดเรียบร้อยแล้ว3 ตัวนะคะ เป็นกีตาร์โปร่งไฟฟ้า2 ตัวและกีตาร์ไฟฟ้า 1 ตัวค่ะ และยังนําเสื้อ เสก โลโซ OFFICIAL ไปให้ทางเรือนจําอีก 20 ตัวค่ะ“ *** และเมื่อวันที่ 26 ที่ผ่านมา พี่เสกโลโซก็ได้เล่นคอนเสิร์ตให้ผู้ต้องขังข้างในนั้นได้มีความสุข ด้วยค่ะ และพี่เสกโลโซก็มีความสุขมากตอนนี้ขอบคุณทุกคนอีกครั้งค่ะ! *** ขอให้บุญกุศลที่พี่เสก โลโซทําในครั้งนี้ขอสิ่งศักดิ์สิทธิ์คุ้มครอง ให้กลับมาอยู่กับครอบครัวเป็นอิสรภาพให้เร็วที่สุด สาธุๆๆ #เสกโลโซ #กานต์วิภากร #loso #LUSTERentertainment #นานเท่าไหร่ก็รอ #TGTiger,22464.0,217.0,22681.0,4,Thursday,Night,755,43,8,0,1,0,0.8910065241883678,0.4539904997395468,0.43388373911755823,-0.900968867902419,Image
3566361002197255925,6027580523,2025-02-12 12:29:43+00:00,"Volta às aulas em Curitiba! Nesta quarta-feira (12/2), o prefeito Eduardo Pimentel e o secretário Jean Pierre Neto recepcionaram os estudantes e suas famílias na Escola Municipal Prefeito Omar Sabbag, no bairro Cajuru, marcando o início do ano letivo na rede municipal! A escola passou por melhorias, incluindo um novo piso na quadra esportiva, e preparou uma recepção especial para os alunos. A Setran também esteve presente para garantir um trânsito mais seguro nesse retorno às aulas! A Prefeitura segue investindo em reformas, contratações e melhorias para garantir um ambiente de aprendizado de qualidade para as crianças. #FolhadoUberaba #VoltaÀsAulas #EducaçãoCuritiba #PrefeituraDeCuritiba #Curitiba #AnoLetivo2025 #Pimentel #Prefeito",5.0,0.0,5.0,12,Wednesday,Afternoon,742,105,8,0,3,0,-0.12619896913582931,-0.9920049496797151,0.9749279121818236,-0.22252093395631434,Image
3697394676745083909,6067644199,2025-08-12 07:30:00+00:00,食べてみたい!と思った方は、ぜひコメント欄に【👍】を投稿してください♪ どのレシピが気になるか、教えてくださるとうれしいです! \レンジだけで即完成/ 和えるだけパスタ4選 火を使わず、麺と具材を和えるだけ! 夏のランチや夕食に大活躍のパスタレシピをご紹介します✨ パスタもゆでず、レンジで加熱するので暑い日もラクちんですよ。 1品目は「レモンしょうゆでさっぱり!しらすおろしパスタ」 大根おろしとしらすにレモンを添えた、あっさりおいしいパスタです🍋「キッコーマン いつでも新鮮 しぼりたて生しょうゆ」の香ばしい風味に、しらすの塩気が効いて食欲をそそります! 2品目は「和えるだけ!ほうれん草としめじの和風ガーリックパスタ」 にんにくとしょうゆの風味を生かしたペペロンチーノ風の一品。「キッコーマン いつでも新鮮 旨み広がるだししょうゆ」としめじ、ベーコンのうまみがたっぷり♪ほうれん草は水に浸してアク抜きするのでお鍋は不要です👌 3品目は「簡単カルボナーラ」 生クリームなしでもコクうま!卵黄だけでなく全卵を使うので、無駄なくつくれるカルボナーラです。「キッコーマン おいしい無調整豆乳」と「キッコーマン 濃いだし本つゆ」で食べやすい味に仕上がります😊 4品目は「混ぜるだけ簡単!塩昆布とツナのパスタ」 火を通さなくてOKな食材を使うので、パスタをレンチンしたら具材を和えるだけ。ツナと塩昆布のうまみと、トマトの爽やかな酸味が相性ぴったりです🍅本つゆにバターを合わせるとやみつきの味になりますよ! #キッコーマン #kikkoman #キッコー民 #おうちご飯 #手作り料理 #今日のごはん #今日のご飯 #調味料 #万能調味料 #濃いだし本つゆ #めんつゆ #パスタ #自炊 #簡単料理 #カルボナーラ #時短レシピ #アレンジレシピ #しらすパスタ #和風パスタ #簡単パスタ #パスタレシピ #塩昆布 #しらす #さっぱり #絶品パスタ,1202.0,22.0,1224.0,7,Tuesday,Morning,822,46,25,0,9,0,0.9238795325112868,-0.3826834323650895,0.7818314824680298,0.6234898018587336,Carousel
2824149648546159691,35878469754,2022-04-25 11:08:14+00:00,Huge plates of food for just 357 calories #lowcalorie #lowcalorielunch #worklunch #officelunch #meatfreemonday #mfp #myfitnesspal,12.0,0.0,12.0,11,Monday,Morning,129,15,7,0,0,0,0.2249510543438652,-0.9743700647852351,0.0,1.0,Carousel
3422282892916913908,62918917956,2024-07-28 17:32:14+00:00,La bonne mère ⛪️ #bonnemere #labonnemere #marseillevilledemoncoeur #marseille #massilia #massaliote #massalia #frenchcity #southoffrance #photooftheday #photodujour #photolover #photolovers,8.0,0.0,8.0,17,Sunday,Afternoon,189,17,13,0,0,0,-0.9925461516413221,-0.12186934340514717,-0.7818314824680299,0.6234898018587334,Image
3653504009986724230,335840304,2025-06-12 18:07:19+00:00,"Today we are looking at the legendary field recording work of Alan Lomax. We released a mini-doc just yesterday, and if you want to learn more about arguably the most influential family in folk music history, give it a watch at the link in our bio. Here in this carousel we’ve included just a taste of the overwhelmingly beautiful archive that Alan Lomax captured throughout his life. If you want to dig deeper into said archive, and we strongly recommend that you do, explore the “Lomax Film Collection” channel on Youtube. You won’t regret it. Featured Songs: (2) Sam Chatmon - “Make Me A Pallet On The Floor” (1978) (3) R.L. Burnside - “See My Jumper Hanging On The Line” (1978) (4) Boyd Rivers & Ruth May Rivers - “Come Out The Wilderness” (1978) (5) Nimrod Workman - “Oh Death” (1983) (6) Sheila Kay Adams - “Little Margaret” (1982) (7) Dock Boggs - “Pretty Polly” (1966) (8) Belton Sutherland - “Blues 2” (1978) For those already in-the-know, what are some of your favorite Lomax recordings? Let us know in the comments. - @nickbriggs.art",1154.0,17.0,1171.0,18,Thursday,Evening,1044,183,0,1,0,1,-0.999533590836713,0.030538513209822354,0.43388373911755823,-0.900968867902419,Carousel
3414661329375840036,6266250298,2024-07-18 05:09:32+00:00,The World of l ❤ U beautiful great face and green tree match with.. ❤💯 #nikon #nikond5600 #nikonphotography #like #likesforlike #worldcup #followforfollowback #following #followers #deaf #deafcommunity #deafworld #earth #likeetalent #instgram #hope #fast #sharefollow #share #deaftalent #photoshoot #photoshoot #photographylovers #photooftheday #photographers_of_india #photographyislife,127.0,5.0,132.0,5,Thursday,Night,387,41,25,0,0,0,0.9753423205085128,0.22069743502150085,0.43388373911755823,-0.900968867902419,Image
3653837434992774454,182382166,2025-06-13 05:09:46+00:00,,7.0,0.0,7.0,5,Friday,Night,0,0,0,0,0,0,0.9753423205085128,0.22069743502150085,-0.433883739117558,-0.9009688679024191,Carousel
3601928276740050630,189319720,2025-04-02 14:15:32+00:00,Filling gaps 🖤🫰 @peachtattoosupply @peachtattoo_official,32.0,0.0,32.0,14,Wednesday,Afternoon,56,5,0,2,0,0,-0.555570233019602,-0.8314696123025455,0.9749279121818236,-0.22252093395631434,Image
1718993391944260159,221622900,2018-02-20 15:20:02+00:00,"Not limited to the city. A collection about escaping, just as much as thriving in it. . Urban Spirit Backpack Large measures 41cm tall with space for a laptop - and then some. Explore more on the link in our bio.",5326.0,26.0,5352.0,15,Tuesday,Afternoon,212,41,0,0,0,0,-0.7660444431189779,-0.6427876096865395,0.7818314824680298,0.6234898018587336,Image
3342760028426275405,228016767,2024-04-10 00:14:29+00:00,To the girl you’ll never catch hiking without pearls .. happy birthday 💖🥾🏰🍄✨ being your mom is magic,80081.0,602.0,80683.0,0,Wednesday,Night,100,18,0,0,0,0,0.06104853953485687,0.9981347984218669,0.9749279121818236,-0.22252093395631434,Carousel
3538626505047340686,44959778622,2025-01-05 06:06:13+00:00,"Chasing skies, standing still in awe of nature🧿♥️🌴. . . . . . . . . . . . . . . . . . . . . . . . . . . . . . . . . . . . . . . . . . . . . . . . . . . . . . . . . . . . . . . . . . . . . . . . . . . #nature #water #nature #morning #peace #love #naturephoto #potrait #vivid #cycling #waterfalls #natureplay #view #sunrise #morningmotivation #instagram #instagood #instamood #instamorning #instadaily #instapost #lost #instatravel #travel",230.0,26.0,256.0,6,Sunday,Morning,437,106,23,0,0,0,0.9996573249755573,-0.026176948307873017,-0.7818314824680299,0.6234898018587334,Carousel
3643993291139344908,29662605789,2025-05-30 15:11:13+00:00,Era melhor só ter feito o pix 😅 @mossoroviuu #mossoroense #mossoroviuu #memes #mossorórn #mossoró #memesbrasil #memesbr #reelsinstagram #reels #viralreels #viralvideos #reelsbrasil #viral #memes #memesbrasil #reelsinsta #memesbr #humorbrasileiro #humor #humorbrasil #comediabrasileira #comedia #comediabrasil #risos #explorar #viralmemes #mossororn #fypシ゚viralシfypシ゚viralシalシ #fyp #fypシ❤️💞❤️ #fypppppppppppppppppppppppppppppppppppppppppppppppppppppppppppppppppppppp [memes] [explorar],89.0,5.0,94.0,15,Friday,Afternoon,484,42,29,1,0,0,-0.740218127486832,-0.672366807434668,-0.433883739117558,-0.9009688679024191,Image
3144678698321078540,214661089,2023-07-11 17:02:15+00:00,🩵 splish splash 🌊 @bykarenwazen now available at @bdpbeach for the summer 😎,111239.0,218.0,111457.0,17,Tuesday,Afternoon,75,13,0,2,0,0,-0.9681476403781079,-0.25038000405444094,0.7818314824680298,0.6234898018587336,Carousel
3421984794940881923,1215284,2024-07-28 07:39:58+00:00,PASTA & CHIPS -- are always a GREAT idea 💡 @tutti_trattoria #dinner #celebration #weekend #pasta #chips #italian #melbourne #food #foodie #foodpic #foodlife #foodgasm #foodstagram #foodstyle #bestphoto #bestoftheday #picoftheday #photooftheday #instagramers #instaphoto #instapic #instalikes #instadaily #instagood #delicious #eeeeeats #traveltheworld #yum #passionpassport,9.0,0.0,9.0,7,Sunday,Morning,373,40,29,1,0,0,0.9081431738250813,-0.41865973753742824,-0.7818314824680299,0.6234898018587334,Image
3554110250360130850,3483454339,2025-01-26 14:49:39+00:00,അൻപോട് കണ്മണി Running Successfully 😍,71.0,0.0,71.0,14,Sunday,Afternoon,36,5,0,0,0,0,-0.6723668074346678,-0.7402181274868322,-0.7818314824680299,0.6234898018587334,Image
2467014750758721354,5406233075,2020-12-18 17:05:14+00:00,"As we all take much needed breaks and head into the festive seasons, Protect Accent would love to show sincere and deep appreciations to the amazing individuals who have engaged with and supported Protect Accent on multiple levels,project our voices in places where we have no access, had difficult conversations in and on protect accent’s behalf, those who have created the time to sit on the #ProtectAccent interviews ,shared insights as well as their lived experiences of accent discrimination, our past and present Protect Accent ambassadors, events facilitators,panelists along with our amazing audience, those who have liked, shared, commented on our social media posts, thank you all for being an integral part of our story and journey we could not have gone this far or achieved the stupendous results we have witnessed in 2020 without your support. We are laser focussed in continuing the fight for inclusion excellence, fairness and equitability in organisations and the wider society in 2021 and already have amazing events lined up to help us achieve our goals and objectives for next year. We thank you all as well as wish you a happy holiday season! #inclusion #diversity #diversity #equality #discrimination #accent #society #socialmedia #thankyou",5.0,0.0,5.0,17,Friday,Afternoon,1262,199,9,0,1,0,-0.9713420698132613,-0.23768589232617343,-0.433883739117558,-0.9009688679024191,Video
3372590703082863550,50772063455,2024-05-21 04:03:19+00:00,"Apakah bisa seorang dokter yang memiliki aktivitas yang padat dapat menjalankan peran sebagai ibu secara maksimal kepada keluarganya, khususnya kepada sang anak? Penasaran dengan jawabannya? Yuk temukan jawabannya di siaran ulang live ini bersama narasumbernya yang hebat, yaitu seorang dokter dan ibu. #kavacare #homecare #homecarejakarta #homecaretangerang #homecarebekasi #homecaredepok #perawathomecare #perawatlansia #perawatkerumah #telekonsultasidokter #dokterkerumah #IGLive #instagramlive #healthtalk #bincangkesehatan #kisahinspiratif #inspiratif #dokter #ibu #anak",41.0,8.0,49.0,4,Tuesday,Night,575,62,20,0,0,2,0.8724960070727971,0.48862124149695496,0.7818314824680298,0.6234898018587336,Video
810953352072050838,283362733,2014-09-16 18:46:34+00:00,All healed no filters . Thanks for looking #tattoo #lion #aftercare #h20ocean #healed .,14.0,0.0,14.0,18,Tuesday,Evening,87,14,5,0,0,0,-0.9799247046208297,0.19936793441719694,0.7818314824680298,0.6234898018587336,Image
3594548325669789961,5854766592,2025-03-23 09:54:24+00:00,It took us 0 scientists and 1 Chill Guy to crack this combo 😎 #Sprite #ChillGuy #Trend,116024.0,15.0,116039.0,9,Sunday,Morning,86,17,3,0,0,0,0.5224985647159489,-0.8526401643540922,-0.7818314824680299,0.6234898018587334,Video
2389433180976737993,35932074168,2020-09-02 16:04:13+00:00,hello,1.0,1.0,2.0,16,Wednesday,Afternoon,5,1,0,0,0,0,-0.874619707139396,-0.48480962024633684,0.9749279121818236,-0.22252093395631434,Image
3739045021967519949,52815261097,2025-10-08 18:42:02+00:00,"Faleceu na manhã desta quarta-feira (8) o professor aposentado Guilherme Julio da Silva, aos 78 anos. Natural de Florianópolis, Guilherme foi Secretário da Fazenda do Governo do Estado em 1994, e também trabalhou na Universidade Federal de Santa Catarina, como professor no Centro Sócio-Econômico, no departamento de Ciências Contábeis. Leia a matéria completa acessando ➡ guararemanews.com.br Por: Róbinson Gambôa 📸 UFSC / divulgação #guararemanews #noticia #fazenda",3.0,0.0,3.0,18,Wednesday,Evening,467,66,3,0,0,0,-0.9832549075639546,0.18223552549214742,0.9749279121818236,-0.22252093395631434,Image
2965024271027752874,8899077065,2022-11-05 20:01:01+00:00,"Forget rose-colored glasses. We're all about our Rose faux lashes. 💕💐​​​​​​​​ ​​​​​​​​ Shop @Minkenvybyash for the BEST Custom Mink Lash Strips 👑 and subscribe to emails and texts for Black Friday and Pre-Black Friday deals all month long at minkenvylashes.com ​​​​​​​​ Over 85+ styles are available! Affordable, cruelty-free, ultra-soft, lightweight, and reusable! 💜​​​​​​​​ Fast Online Shipping ✅ OR PICK UP from one of our LASH VENDING MACHINE locations! ​​​​​​​​ Check out the website to find a vending machine near you!✨​​​​​​​​ www.minkenvylashes.com",59.0,2.0,61.0,20,Saturday,Evening,556,81,0,1,4,0,-0.8638355052043958,0.5037739770455262,-0.9749279121818236,-0.2225209339563146,Image
3661828134572365212,246241184,2025-06-24 05:45:52+00:00,"The official 2025 Glastonbury Festival tea towel, designed by Mishka Westell and hand screen-printed on Fairtrade organic cotton in the UK — Available at merchandise stalls on site, with 20% of proceeds donated to Oxfam... 🎪🌕✨",2469.0,16.0,2485.0,5,Tuesday,Night,226,36,0,0,0,0,0.9978589232386035,0.06540312923014327,0.7818314824680298,0.6234898018587336,Image
3596470153155446028,10140526849,2025-03-26 01:31:13+00:00,صنعتها مع مدربتي @sara_eeyad .. لونتها وحرقتها في الاستديو تبعي @craftopia.studio.sa ❤️,33.0,0.0,33.0,1,Wednesday,Night,87,12,0,2,0,0,0.38671096163682056,0.9222009716704518,0.9749279121818236,-0.22252093395631434,Image
3676494338403339461,3693689660,2025-07-14 11:24:59+00:00,จริงใจตลอด มีหลอกก็แค่ในรูป 🫣😝,126.0,1.0,127.0,11,Monday,Morning,30,3,0,0,0,0,0.15643446504023054,-0.9876883405951378,0.0,1.0,Carousel
2458139256676577018,6347742722,2020-12-06 11:10:56+00:00,﻿ ﻿ ﻿ ﻿ ぶれとるけど とにかく 愛おしすぎて﻿ そんなの関係なぁい🕺🏾🕺🏾🕺🏾♡﻿ ﻿ ニコニコ猛ダッシュ!!! ﻿ じょうじファンにじょうじsmileお届け☺︎💛﻿ ﻿ ﻿ ほんとだいすき親子すぎるよ💋﻿ ﻿ ﻿ #まほじょう﻿ ﻿,258.0,18.0,276.0,11,Sunday,Morning,121,19,2,0,3,0,0.21643961393810318,-0.9762960071199333,-0.7818314824680299,0.6234898018587334,Image
3644015034432597828,4352837720,2025-05-30 15:54:25+00:00,TEZ 2025’te günümüz nasıl geçecek❓Birlikte bakalım🔍,39.0,0.0,39.0,15,Friday,Afternoon,51,6,0,0,0,0,-0.852640164354092,-0.5224985647159494,-0.433883739117558,-0.9009688679024191,Image
3374214230604408339,46023053283,2024-05-23 09:48:22+00:00,"Licorice Calming Cream 💙 Kem dưỡng ẩm phục hồi kích ứng, dịu mẩn đỏ cho da mụn nhạy cảm khoẻ tận sâu 🥰 #imfromvn #licoricecalmingcream #kemduongamphuchoi",13.0,0.0,13.0,9,Thursday,Morning,153,26,3,0,0,0,0.544639035015027,-0.8386705679454242,0.43388373911755823,-0.900968867902419,Image
3645403508251294266,4181404805,2025-06-01 13:53:04+00:00,"Junio comienza con el Sol brillando en el signo de Géminis, signo que nos trae la curiosidad, las ganas de aprender algo nuevo, nos da la posibilidad de mostrarnos más flexibles y adaptarnos con más facilidad a los procesos de la vida, nos mostramos más extrovertidos y alegres. Mercurio que es el regente de Géminis, está en su signo, y esto hace que nuestra mente esté bien activa, muchos pensamientos randoms, quizás un toque de ansiedad nos gobierne y haga que entre tanta mente, nuestra comunicación también este bien rápida y activa. Entre el Sol y Mercurio que están en el mismo signo, hay una conjunción, y esto remarca el brillo en la comunicación, en el encuentro con el otrx, en las charlas, en los proyectos, en las risas y en juntarse a aprender algo nuevo, alimentar nuestro mundo sociocultural a full. El mes comienza con la Luna transitando por Leo, ganas de disfrutar y disfrutar- me, de darme amor y pasarla bien, de mostrarme y permitirme ser especial, como ya lo somos. La Luna está en conjunción con Marte en Leo, y este combi es explosiva, una bomba de emoción. Quizás sea un lindo momento para ponerle zoom a todos los logros y todos los destaques que me hacen ser yo, y celebrarnos. Y por último, y para nada (pero de verdad para nada menos importante), empezamos Junio con Saturno en Aries y pufff qué linda sensación, y es un gran momento para hacernos cargo de nuestro deseo y del orden que cada unx necesita para lograrlos. ¡A trabajar se ha dicho! A trabajar por lo que querés y poner en acciones todo lo que venís laburando, suelto lo que ya aprendí y me meto de lleno a los nuevos desafíos que me van a llevar a mi versión 2.0, esa que me hace sentir orgullosx y zarpadx. Saturno en Aries está en conjunción Neptuno en Aries, y esto exalta este empuje hacia mis deseos, mis sueños, pero de manera objetiva, hay que poner disciplina en unx mismx para nuestras más grandes conquistas 🧙🏽‍♀️",36.0,3.0,39.0,13,Sunday,Afternoon,1918,345,0,0,1,0,-0.47331966718484325,-0.8808907382053857,-0.7818314824680299,0.6234898018587334,Image
3646711084978841758,4629926292,2025-06-03 09:10:59+00:00,#주말#일상#바다의날#5월31일#초3#10살#을왕리#해수욕장 2025. 5. 31. 바다의 날🌊이라고 무조건 바다를 가야겠다는 최씨 고집😅,284.0,3.0,287.0,9,Tuesday,Morning,77,11,2,0,0,0,0.6755902076156604,-0.737277336810124,0.7818314824680298,0.6234898018587336,Carousel
3439532080097722194,9688585329,2024-08-21 12:43:35+00:00,Happy to share #petrakhi moments of our #Vetinarakhi contest winner @poohsdiaries #pet #petcontests #furrbaby #rakhi #rakshabandhan #petrakhi #vetinacares #pawtectindia #petinsurance #healthypets #dogsofinstagram #catsofinstagram,24.0,5.0,29.0,12,Wednesday,Afternoon,229,23,13,1,0,0,-0.18652403600873438,-0.9824503977255098,0.9749279121818236,-0.22252093395631434,Reel
3609804903750959130,1611058253,2025-04-13 11:04:59+00:00,,4.0,0.0,4.0,11,Sunday,Morning,0,0,0,0,0,0,0.24192189559966817,-0.9702957262759964,-0.7818314824680299,0.6234898018587334,Image
3640400321104199756,650813885,2025-05-25 16:12:37+00:00,"Available tsh 75000 Size M-2xl Dm| WhatsApp 0717664647 ""Tunatuma mikoa yote""",61.0,2.0,63.0,16,Sunday,Afternoon,76,11,0,0,0,0,-0.8910065241883678,-0.4539904997395469,-0.7818314824680299,0.6234898018587334,Image
2975407042980688653,6113310301,2022-11-20 03:49:41+00:00,"I refuse to stress about the holiday season. So, I pulled these 7 tips (that I'm also mindful of) to keep that anxiety low as possible. 💗 *Bio link has the post details* #lalocreativity #livingalifeofcreativity #holiday #stressrelief #anxietyrelief #mom #momlife #budget #mom #momlife #blog #blogger #blogpost #writer #holidays #nostress #author #writer #selfhelp #selfdevelopment #mindfulness #mindfulliving #simpleliving #encouragement",6.0,2.0,8.0,3,Sunday,Night,437,57,21,0,0,0,0.8410390129643924,0.540974471367994,-0.7818314824680299,0.6234898018587334,Image
2316986291470146176,27370464303,2020-05-25 17:05:11+00:00,Nom nom nom😋🌭 . . . . . . . #silverstandardpoodle #poodle #dog #dogslover #food #funnydogs #sausage #instafood,127.0,1.0,128.0,17,Monday,Afternoon,110,18,8,0,0,0,-0.9713420698132613,-0.23768589232617343,0.0,1.0,Image
3622674936480475181,6654325224,2025-05-01 05:15:27+00:00,Топ в одному універсальному розмірі s-m Обмін/повернення/накладений платіж по передоплаті 🏷️ 800 грн,17.0,0.0,17.0,5,Thursday,Night,100,13,0,0,0,0,0.9807852804032304,0.19509032201612833,0.43388373911755823,-0.900968867902419,Carousel
3648399602795098723,5322657224,2025-06-05 17:05:46+00:00,"Transformar um quarto para quatro irmãos (pequenos) em um espaço funcional e estiloso foi um desafio que acabou resultando em um projeto incrível! Neste quarto, optamos por 2 camas beliches que fazem parte de uma mesma marcenaria planejada, maximizando o espaço e proporcionando conforto para os meninos. As 4 camas possuem iluminação indireta própria e cortina, trazendo assim privacidade. As cores em tons de azul trazem frescor e tranquilidade, criando um ambiente acolhedor. Além disso, incluímos um closet com iluminação embutida na marcenaria, que não só organiza os pertences, mas também dá um toque moderno e prático ao espaço. Essa iluminação destaca os detalhes da madeira e torna a experiência de se vestir mais divertida. Um projeto pensado para atender às necessidades de quatro irmãos, promovendo a convivência e a harmonia! 🥰👷🏽‍♀️ #isabellabaetaarquiteta #quartoinfantil #marcenariaplanejada #camasbeliche #decoracao #designinteriores #iluminacao #tonosdeazul",21.0,1.0,22.0,17,Thursday,Afternoon,974,140,8,0,2,0,-0.9713420698132613,-0.23768589232617343,0.43388373911755823,-0.900968867902419,Carousel
3654622478820232562,36771451756,2025-06-14 07:10:25+00:00,Watch me spray men's fragrances on the path to bankruptcy. Part 2 💀😅 . . . #menscologne #mensfragrances,963.0,11.0,974.0,7,Saturday,Morning,103,18,2,0,0,0,0.9537169507482269,-0.30070579950427295,-0.9749279121818236,-0.2225209339563146,Reel
3649743688399666360,244740543,2025-06-07 13:36:13+00:00,The pride you give☝🏻✨ ANAK KO YAN!!!! KalyeBulak's 1st Live Art🤗💫,57.0,4.0,61.0,13,Saturday,Afternoon,65,11,0,0,4,0,-0.4067366430758002,-0.9135454576426009,-0.9749279121818236,-0.2225209339563146,Carousel
3497154285069593463,351980676,2024-11-09 00:48:19+00:00,"운동을 시작한 이유? 웨스트포인트(미육사) 제대하고 갓 임관한 의욕충만 헬창 소위의 눈에 띈 60kg 초반 말라깽이 이등병이 나였음 ᄏ 포천으로 첫 훈련 가는데 바로 자기 험비에 타라고 하더니 훈련장 도착하자마자 험비에서 덤벨을 꺼냄 ᄏᄏᄏᄏᄏ 암튼 그렇게 Road to 헬창이 시작 됨 영어 잘 못하고, 토익 턱걸이해서 들어간 카투사인데 운동 열심히 하니까 미군들이 신기했는지 먼저 보충제도 챙겨주고, 같이 놀자고 하고 이래저래 챙겨주길래 더 신나서 운동했던거 같다. 나중엔 미2사단 전투부대인데, 대대 PT 1등까지 해버렸다. 저 사람 아니었으면 난 아직 건설사 직원에, 지금 중동 어딘가에 일하는 중이었을지도 모른다.",174.0,17.0,191.0,0,Saturday,Night,348,84,0,0,0,1,0.20791169081775931,0.9781476007338057,-0.9749279121818236,-0.2225209339563146,Carousel
3598024827727344464,7590012698,2025-03-28 05:00:05+00:00,"—電車款式愈出愈多,但唔係SUV就係七人車,傳統嘅開篷車,又或者旅行車就唔係好多,不過凡事唔係絕對,因為而家連比亞迪都出埋旅行車— 喺每月公佈嘅工信部申報名單中,就見到比亞迪推出咗一款名為Seal 06嘅旅行車,外觀跟現行嘅Seal 06房車差唔多,只係C柱之後拉長咗變成一個大尾箱。尺碼方面,長4.85米、闊1.89米、高1.5米,輪距2.79米,空間算係相當實用。但更加實用嘅地方係佢同房車一樣,採用車廠第五代DM插電混能技術,1.5公升四缸turbo引擎搭摩打,但現階段有關性能輸出(只知引擎可發出100匹馬力),同埋續航、耗油表現等資料一概欠奉。不過,可以講你知呢部海豹06旅行車已經有出口到歐洲打算,而且據知出年會有更多插混DM-i產品喺香港推出! #TopGearHK #極速誌 #BYD #Seal06Wagon #比亞迪 #海豹 ———————————————— Web - www.topgearhk.com YouTube - youtube.com/c/topgearhongkong 電子雜誌 - https://topgear.hk/L4AOh",102.0,0.0,102.0,5,Friday,Night,485,20,6,0,1,0,0.9659258262890683,0.25881904510252074,-0.433883739117558,-0.9009688679024191,Carousel
2498223150060391845,22499047536,2021-01-30 18:30:28+00:00,🐾❄️🤍 #pitbull #pitbullsofinstagram #dogsofinstagram #dog #pitbulls #pittylove #handsomedog #funnydogs #dontbullymybreed #pitbulllove #pittylife #dogstagram #staffy #instadog #dogoftheday #amstaff #pitbullgram #americanstaffordshireterrier #cutedog #doglover #pitbullmom #pitbulladvocate #blackdog #puppylove #goodboy #snow #naturephotography #blackandwhite,32.0,0.0,32.0,18,Saturday,Evening,356,29,28,0,0,0,-0.9914448613738105,0.13052619222005127,-0.9749279121818236,-0.2225209339563146,Carousel
3607105890470365797,1012663365,2025-04-09 17:42:32+00:00,"🍽️🤍Бренд: Luzerne Серия: Lancaster Garden Страна производства: Сингапур Покрытие: устойчивая к царапинам и обесцвечиванию глазурь, которая полностью покрывает и защищает декор Декорирование: очаровательная коллекция с нежным цветочным декором Посуду можно мыть в посудомоечной машине и использовать в микроволновой печи. Данный фарфор относится к ресторанному классу фарфора, который отличается высокой прочностью и устойчивостью к перепадам температур🍽️🤍",67.0,2.0,69.0,17,Wednesday,Afternoon,455,55,0,0,0,0,-0.996917333733128,-0.07845909572784557,0.9749279121818236,-0.22252093395631434,Carousel
3633157377143436560,2182068,2025-05-15 16:22:11+00:00,"Who are some of your auto-buy authors?! . “What is a river but an open throat; what is water but a voice” . As a huge fan of This is How You Lose the Time War! I was very excited to see that @amalelmohtar had a new book coming out The River Has Roots! . I am currently reading it! And the iconic Robin @cozyinthenook advised me to also listen to the audiobook, and it was the best decision. I’ve been reading the book with the audio playing and it’s made the story even more immersive. . Loving it so far and the writing is oh so poetic. Looking forward to seeing where the story goes!",154.0,8.0,162.0,16,Thursday,Afternoon,585,116,0,2,5,1,-0.9099612708765431,-0.41469324265623925,0.43388373911755823,-0.900968867902419,Image
3437231860567785879,64536381268,2024-08-18 08:33:09+00:00,1 like banti hai #independenceday #instaphoto #instagram #india #photoshoot #swift,106.0,0.0,106.0,8,Sunday,Morning,82,10,6,0,0,0,0.7853169308807448,-0.6190939493098341,-0.7818314824680299,0.6234898018587334,Carousel
3210646017450366253,7327794192,2023-10-10 17:27:32+00:00,"Our hearts go out to everyone who is impacted by the ongoing violence in Palestine and Israel. When conflict and violence is happening, kids hear about it. Whether from social media, friends at school, family members, or the television, your little ones are likely hearing about it. Here are some tips for talking to kids about oppression, war, and violence. We hope this will help you guide these conversations. For more, download our guide for talking to kids about current events. Feel free share any other suggestions and tips you have in the comments 💜",279.0,14.0,293.0,17,Tuesday,Afternoon,557,95,0,0,0,0,-0.9896513868196702,-0.1434926219911794,0.7818314824680298,0.6234898018587336,Carousel
3232946865696015304,8539580996,2023-11-10 11:55:20+00:00,#palestine🇵🇸 #gazaunderattack #genocideingaza,0.0,0.0,0.0,11,Friday,Morning,45,3,4,0,0,0,0.021814885034561218,-0.9997620270799091,-0.433883739117558,-0.9009688679024191,Carousel
3724315909491027492,726853511,2025-09-18 10:57:55+00:00,⁨ لما تكون شخصيتج قويه عند اهلج وياخذچ واحد يمشيچ ع الصراط المستقيم 🦁😂⁩,22.0,3.0,25.0,10,Thursday,Morning,71,14,0,0,0,0,0.2714404498650746,-0.9624552364536472,0.43388373911755823,-0.900968867902419,Image
1446016401193555428,3018582092,2017-02-09 00:03:29+00:00,Photo From @organicjunky #vapor #vaper #vape #vapote #ecig #ecigs #eliquid #fun #love #repost #canadavape #torontolife #russiavape #shisha #hooka #ukvapers #vapejuizebox #igers,67.0,4.0,71.0,0,Thursday,Night,176,21,18,1,0,0,0.01308959557134444,0.999914327574007,0.43388373911755823,-0.900968867902419,Image
1532122363730495404,245426213,2017-06-07 19:20:40+00:00,20170604 #百子莲 #Agapanthus #Lilyofthenile #Rideauhall #greenhouse #doorsopenottawa2017 #doorsopenottawa,13.0,0.0,13.0,19,Wednesday,Evening,102,8,7,0,0,0,-0.9396926207859085,0.34202014332566816,0.9749279121818236,-0.22252093395631434,Image
3680668805527200314,3555963819,2025-07-20 05:38:55+00:00,,420.0,0.0,420.0,5,Sunday,Night,0,0,0,0,0,0,0.9953961983671787,0.09584575252022429,-0.7818314824680299,0.6234898018587334,Carousel
2494386762497349113,1691763161,2021-01-25 11:28:15+00:00,Chunky delights with this huge stone and a half English Mastiff at only 8 weeks old. Soon to grow into the heaviest dog breed on record to have ever existed!😍 #englishmastiff #englishmastiffsofinstagram #puppy,1911.0,26.0,1937.0,11,Monday,Morning,209,33,3,0,1,0,0.13917310096006574,-0.9902680687415703,0.0,1.0,Image
3410830327087651254,43707625,2024-07-12 22:18:03+00:00,Shabbat Shalom from Israel – the holy land of figs! Have you ever tried these delicious fruits before? #Shabbat #ShabbatShalom #Israel #HolyLand #Weekend #Figs #Fruits,78.0,3.0,81.0,22,Friday,Evening,167,25,7,0,1,1,-0.4305110968082952,0.9025852843498605,-0.433883739117558,-0.9009688679024191,Image
3721117082835591813,51883757642,2025-09-14 01:03:27+00:00,"20o Encontro Regional da Imprensa Na última quarta-feira, 10 de setembro, aconteceu o 20o Encontro Regional da Imprensa. Diversos veículos de comunicação da região sudoeste participaram e prestaram homenagens especiais. Durante o evento, nossa equipe conversou com o presidente da Câmara Municipal de São Lourenço da Serra, Wagner Soares. #itapecericadaserra ItapecericaDaSerra #OItapecericano #encontrodaimprensa",44.0,4.0,48.0,1,Sunday,Night,413,53,3,0,0,0,0.27144044986507426,0.9624552364536473,-0.7818314824680299,0.6234898018587334,Reel
3602903521588165505,11841222961,2025-04-03 22:33:10+00:00,Sessão de Páscoa,23.0,1.0,24.0,22,Thursday,Evening,16,3,0,0,0,0,-0.3705574375098368,0.928809552871924,0.43388373911755823,-0.900968867902419,Carousel
3727182997520215254,4185449693,2025-09-22 09:54:49+00:00,"Carro colide com poste em Guaramirim e deixa quatro jovens feridos. Foi na noite de domingo, 21, por volta das 22h10, na BR 280, no Centro, quando um carro com quatro jovens colidiu contra um poste. Eles foram socorridos pelos bombeiros e Samu e encaminhados para hospitais da região. Uma passageira de 20 anos, que estava no banco traseiro, foi levada ao Hospital São José, em Jaraguá do Sul, com dores abdominais, inchaço localizado e suspeita de hemorragia interna. Outra passageira, de 24 anos, também no banco traseiro, foi socorrida ao Hospital Santo Antônio, em Guaramirim, apresentando sintomas graves, como dor abdominal, palidez, falta de ar, batimentos cardíacos acelerados, pressão baixa, suspeita de fratura nas costelas e sinais de hemorragia interna. O passageiro do banco da frente, um jovem de 23 anos, foi levado ao Hospital São José com dores abdominais e inchaço. Já o motorista, de 24 anos, foi encaminhado ao Hospital Santo Antônio com dores abdominais, inchaço, sangramento nasal e suspeita de fratura nos dedos do pé direito. ✍ Receba nossas matérias no WhatsApp gratuitamente. Clique no link da bio (linktr.ee/radiojaragua) e entre nos grupos. Siga: @radiojaragua 📸 Envie fotos e vídeos para a Rádio Jaraguá pelo Whatsapp (47) 98465-0122",447.0,13.0,460.0,9,Monday,Morning,1262,202,0,1,0,0,0.5224985647159489,-0.8526401643540922,0.0,1.0,Video
1211945264559437348,43329620,2016-03-23 01:05:55+00:00,Ya arrancamos con #LOSLEUCO Hoy Miriam Quiroga Mariel Fitz Patrick y Daniel Santoro Ceferino Reato y Claudio Avruj,2946.0,90.0,3036.0,1,Wednesday,Night,114,18,1,0,0,0,0.27982901403099203,0.9600498543859287,0.9749279121818236,-0.22252093395631434,Image
3381008176319272204,4561246310,2024-06-01 18:46:44+00:00,Elf gemesin 😊 ================= The New Gate - Episode 09 Subtitle Indonesia ================= Cek website https://doroni.me/ untuk download 😁 Join Discord: https://discord.gg/mcBq543cJE Telegram: https://t.me/doronime Donasi: https://trakteer.id/doronime Grub FB: https://bit.ly/KlubDoronime #anime #animeindo #animeindonesia #TheNewGate,6.0,0.0,6.0,18,Saturday,Evening,338,33,4,0,0,0,-0.9799247046208297,0.19936793441719694,-0.9749279121818236,-0.2225209339563146,Image
3594069932779020834,15045713,2025-03-22 18:02:25+00:00,Couple of fun pieces from today! Slowly chipping away at Pamela’s sleeve! @starbritecolors @tommyssupplies,123.0,1.0,124.0,18,Saturday,Evening,106,14,0,2,2,0,-0.9999619230641713,0.008726535498374096,-0.9749279121818236,-0.2225209339563146,Carousel
3519424624386119484,8178498518,2024-12-09 18:15:21+00:00,"#KravenTheHunter is one of #Spiderman's villains. The origin story of Kraven features #AaronTaylorJohnson in the titular role, with #RussellCrowe playing the character's gangster father, Nikolai Kravinoff. The film also stars Ariana DeBose, Fred Hechinger, Alessandro Nivola and Christopher Abbott. The film is said to be a ""journey into the dark depths of one of Marvel's most formidable villains.""",7.0,0.0,7.0,18,Monday,Evening,399,58,5,0,0,0,-0.9978589232386036,0.06540312923014237,0.0,1.0,Image
3650591614168658006,5756382282,2025-06-08 17:40:54+00:00,"Житель Дрожжино своими силами очищает местный пруд! 👏 Настоящие герои не носят плащи, они с сачком и в камуфляжных штанах Моё Видное ➡️ t.me/inVidnoe",113.0,0.0,113.0,17,Sunday,Afternoon,149,24,0,0,1,0,-0.9961946980917455,-0.08715574274765825,-0.7818314824680299,0.6234898018587334,Carousel
3553905390016267200,8295198511,2025-01-26 08:02:38+00:00,India's real estate investments surged by 54% amounting to $11.4 billion in 2024. Swipe right to know more about the state of country's real estate and follow Fortune India to always stay ahead of the curve. #realestate #investments #India,15.0,0.0,15.0,8,Sunday,Morning,239,39,3,0,0,0,0.8616291604415257,-0.5075383629607043,-0.7818314824680299,0.6234898018587334,Carousel
3709852495376360373,3289805154,2025-08-29 12:01:42+00:00,Stay alert. Stay safe. #WhatsAppScam #ImpersonationFraud #ScamAlert #DigitalSecurity #MeezanBankCares,8.0,0.0,8.0,12,Friday,Afternoon,101,9,5,0,0,0,-0.0043633092847466205,-0.9999904807207345,-0.433883739117558,-0.9009688679024191,Image
3642489260799657293,25228298085,2025-05-28 13:22:58+00:00,"Review LEGO Icons 10367 The Lord of the Rings: Balrog Book Nook (119.99€) : mise en situation au milieu des livres ! Mon intégrale de Tolkien est malheureusement dans un format trop petit pour aller avec ce book nook, d'où l'excellente saga de Robin Hobb à la place, j'espère que Gandalf ne m'en voudra pas 🙃 Retrouvez mon test complet sur le blog 👉 www.hellobricks.com (link in bio) Follow @hello.bricks ! 😉 #lego #legobricks #legofan #afol #legominifigures #legocollection #lego2025 #rlfm #reviews #10367 #reviews #lotr #thelordoftherings #booknook #youshallnotpass",324.0,2.0,326.0,13,Wednesday,Afternoon,567,87,14,1,2,0,-0.3502073812594677,-0.9366721892483976,0.9749279121818236,-0.22252093395631434,Carousel
3361308732074317382,253491347,2024-05-05 14:30:41+00:00,Teddy found out my secret! #dog #goldenretriever #dogsofinstagram,277205.0,5418.0,282623.0,14,Sunday,Afternoon,65,8,3,0,1,0,-0.6087614290087207,-0.7933533402912352,-0.7818314824680299,0.6234898018587334,Reel
3409548792112738250,51428617517,2024-07-11 03:51:50+00:00,Better alone then with a crowd ...🖤🖤 #photooftheday #sidhumoosewala #varinderbrar,25.0,10.0,35.0,3,Thursday,Night,81,10,3,0,0,0,0.8457278217039733,0.5336145159156115,0.43388373911755823,-0.900968867902419,Image
3653794990044486115,447416451,2025-06-13 03:45:47+00:00,الحكومة الأردنية: لن نسمح باختراق أجوائنا ولن نكون ساحة حرب لأي صراع #عاجل,28541.0,5795.0,34336.0,3,Friday,Night,74,13,1,0,0,0,0.8314696123025451,0.5555702330196024,-0.433883739117558,-0.9009688679024191,Reel
3080161373982915737,51601608877,2023-04-13 16:37:50+00:00,"Pizza from @marksandspencerfoodpr Only 415 kcal, perfect for calorie deficit diet 👌🍕 #lowcaloriepizza #dietpizza #healthypizza #lowcaloriedinner #dietdinner #caloriedeficitdiet #healthydinner #lowcaloriefinds #eatinghealthy #weightloss #healthyshoppinguk #weightlossjourney #caloriecountinguk #caloriesmatter #wwuk #swuk #weightlosstransformation #lowcaloriemeals #lowcaloriesnacks #weightlossuk #eatinghealthy #caloriedeficitforweightloss #caloriecounting #caloriedeficit #healthyliving #calorietracking #lowcaloriefindsuk #lowcaloriefooduk #lowcalorieproductsuk #lowcalorieshopping",18.0,0.0,18.0,16,Thursday,Afternoon,583,42,29,1,0,0,-0.9351352096860117,-0.3542910379977157,0.43388373911755823,-0.900968867902419,Carousel
3601310097460988994,3079498032,2025-04-01 17:47:19+00:00,"🌿 Czas na wiosenną metamorfozę 🌿 Marzysz o pięknej przestrzeni do relaksu? Teraz jest idealny moment, by odmienić swój ogród lub balkon. Przez cały kwiecień oferujemy -20% na donice, wazony i meble ogrodowe – stwórz z nami wyjątkowy klimat na wiosnę i lato. Nie czekaj, skorzystaj z promocji i ciesz się stylową aranżacją na świeżym powietrzu! 📍 Zapraszamy do naszych butików oraz online 📅 Promocja trwa do końca kwietnia #WiosennaMetamorfoza #OgródMarzeń #StyloweWnętrza #Promocja #DesignDlaCiebie #skandynawskistyl",138.0,1.0,139.0,17,Tuesday,Afternoon,516,75,6,0,1,1,-0.9983916705573488,-0.056692787563377714,0.7818314824680298,0.6234898018587336,Carousel
3705563542433711755,235069696,2025-08-23 14:00:37+00:00,"UMA CONVERSA COM FRANCIS MALLMANN⁠ ⁠ ""Paciência é um luxo e desobediência, um motor para a mudança"". Essa é a filosofia de Francis Mallmann (@francismallmann) , o mestre argentino da cozinha de fogo, considerado um dos nomes mais influentes da gastronomia mundial.⁠ ⁠ Em conversa com a Forbes, ele falou sobre seus planos para o Brasil (que incluem o futuro hotel Faena), o futuro do consumo de carne no mundo e como é a sua rotina de artista, que envolve costura, escrita e guitarra.⁠ ⁠ 🔗Leia a entrevista completa no link da bio.⁠ ⁠ (Foto: Reprodução / Instagram: Los Fuegos Faena)⁠ ⁠ #FrancisMallmann #Churrasco #CozinhaDeFogo #Gastronomia #Chef #ForbesLife",4856.0,44.0,4900.0,14,Saturday,Afternoon,660,108,6,1,0,0,-0.4999999999999997,-0.8660254037844388,-0.9749279121818236,-0.2225209339563146,Image
3720838894138341316,17905688888,2025-09-13 15:49:58+00:00,"Project Orion wasn’t your regular rocket idea instead of burning fuel, it planned to use nuclear bombs for thrust. How? A giant metal plate would sit at the back of the spacecraft. Small nuclear explosions would be set off behind it, each blast pushing the plate forward and propelling the rocket into space. This method, called nuclear pulse propulsion, could theoretically reach Mars in weeks and even travel to other stars within a human lifetime. The idea was tested on paper in the 1960s, but banned because of nuclear test treaties and safety risks. Still, it remains one of the boldest concepts in rocket history a machine powered not by fire, but by controlled nuclear fury. #science #sciencefacts #physics #experiment #explore #facts #reels",212.0,0.0,212.0,15,Saturday,Afternoon,749,123,7,0,0,1,-0.8410390129643924,-0.540974471367994,-0.9749279121818236,-0.2225209339563146,Video
3622418238532868525,1490555890,2025-04-30 20:45:00+00:00,"You saw the video, now here is the freeze-frame. Swipe to see the SAC Leadership Team take on the ice bucket challenge as it all came pouring down! 🌊🥶",469.0,3.0,472.0,20,Wednesday,Evening,150,29,0,0,1,0,-0.7518398074789772,0.6593458151000691,0.9749279121818236,-0.22252093395631434,Carousel
2544962163474058501,1757055535,2021-04-05 06:12:33+00:00,#barbershop #hairstyle #venture #chill #market #trinidad #cuts #hair #groom #haircut #barber #fadedmarkit,3.0,0.0,3.0,6,Monday,Morning,105,12,12,0,0,0,0.9986295347545738,-0.05233595624294384,0.0,1.0,Image
3594034165592657396,38249353,2025-03-22 16:51:21+00:00,"S A T U R D A Y The Fashionista Consignment Boutique employs a zero-tolerance policy and does not accept counterfeit items. The Fashionista Consignment Boutique receives these items on consignment. Trademarks and Copyrights are owned by their respective brands. No brand featured, is associated with The Fashionista Consignment Boutique.",11.0,1.0,12.0,16,Saturday,Afternoon,337,50,0,0,0,0,-0.9550199444571869,-0.2965415749755702,-0.9749279121818236,-0.2225209339563146,Image
3634530721810102645,58570275973,2025-05-17 13:51:12+00:00,cr. @mintmag_th 17 May 2025 WIN WITH KAWS HOLIDAY #CentralEmbassyXWinMetawin #KAWS #KAWSHOLIDAY #AllRightsReserved #CentralEmbassy #winmetawin @winmetawin,14.0,0.0,14.0,13,Saturday,Afternoon,154,16,6,2,0,0,-0.46561452032511097,-0.8849876374630421,-0.9749279121818236,-0.2225209339563146,Reel
3466422524903168418,32699999564,2024-09-27 15:10:58+00:00,"Ahmed Said @ahmedsaid10_67 , the brother of fallen Melvindale Police Officer Mohamed Said, sat down with us to talk about what life has been like after his brother passed away 2 months ago. In this clip, Ahmed talks about what it’s like to cope with grief. SZN. 4 I EP. 2 of The Movement podcast is out now on all of our platforms as well as ozmedia313.com.",350.0,9.0,359.0,15,Friday,Afternoon,357,67,0,1,0,0,-0.7372773368101239,-0.6755902076156604,-0.433883739117558,-0.9009688679024191,Reel
3540946050225505400,7816780411,2025-01-08 10:55:41+00:00,"NBA’in yaşlı kralı, ilk günkü gibi şovu yönetmeye devam ediyor! 🎬 👑 LeBron James (40)",940.0,0.0,940.0,10,Wednesday,Morning,85,15,0,0,1,0,0.2798290140309927,-0.9600498543859285,0.9749279121818236,-0.22252093395631434,Reel
3068669746735180404,35541288133,2023-03-28 20:06:02+00:00,ACRILICAS🤍💗 No tengo palabras para expresar la alegria que me da poder explayarme y que no me ponga nunca limites🥰 . . Gracias amiga @milagrospalenzuela #acrilicnails #degradado #rosa #foil #nailsdesign #diseñoamanoalzada💅 #nailscordoba #likeforlikealways #nailsofinstagram #nailstendencia,22.0,4.0,26.0,20,Tuesday,Evening,289,35,11,1,0,0,-0.8526401643540921,0.522498564715949,0.7818314824680298,0.6234898018587336,Image
3645597295488162387,13076173534,2025-06-01 20:18:05+00:00,,80.0,0.0,80.0,20,Sunday,Evening,0,0,0,0,0,0,-0.8241261886220154,0.5664062369248333,-0.7818314824680299,0.6234898018587334,Image
3634286529372107861,72121753179,2025-05-17 05:45:36+00:00,"::::Ya se llenó el cupo, muchas gracias por participar !:: Traigan a sus amistades más chismosas a la sesión libre de dibujo libre guiada por @changosperros El chismecito se convertirá en viñetas cómicas (o tal vez trágicas pero que nos hagan reír hasta las lágrimas) Carlos Dzul, la persona detrás de @changosperros nos compartirá su proceso de trabajo y para ello ha organizado este ejercicio lúdico. Solamente requerimos su presencia y ganas de hechar relajo, los materiales van por nuestra cuenta. La cooperación es de $200 peso! Si deseas instribirte envíanos un mensaje privado y aparta tu lugar!!",1195.0,19.0,1214.0,5,Saturday,Night,603,98,0,2,4,0,0.9978589232386035,0.06540312923014327,-0.9749279121818236,-0.2225209339563146,Image
2699520255988924047,661115947,2021-11-04 12:11:53+00:00,"Playing Guitar or any physical activity is humbling on the level that its not 'You' who does it. Its the body, we throw instructions at the body and 'expect' it to memorise them. And that's not even enough sometimes, we expect our body's to keep up with us when we want to improvise something or smash out that solo 1st take. We make hugely unreasonable requests and then when the body doesn't co-operate, we get angry with ourselves and our body, as if they are somehow separate. But there is no self that exists, its just consciousness arising from conditions of a body. The body is not separate from nature in terms of it has its own time, its own way of taking on information. It learns not from intellect and brute force, it learns from a felt sense of how things are. And slowly it changes. At the moment 'my' playing is falling apart, I'm doing a lot of learning of songs and teaching. Which is great fun! but I'm not getting proper time to 'marinade' the practice, so as I 'speed learn' I end up programming rushed information into the system. Not helped by a rushing mind state that then attaches to that 'feeling' of playing. No wonder so many musicians burn out mentally, they think its 'them' but really its a lack of respect for nature and the body. The actual felt reality of the body. So as I sit here procrastinating, worrying about filming 'Pantera Cowboys From Hell' for LickLibrary because my body and mind aren't in balance. I write this as a reminder to myself and all of us doing anything physical. The body is always right here, in the moment, it doesn't lie. Respect it! Dimebag had his body and its arising consciousness with its impressions from the world, his influences, his felt sense of being an embodied human. Nobody can re-create that 100%. Even Dimebag himself surely felt that his playing felt different from week to week. What an incredible musician he was!",227.0,16.0,243.0,12,Thursday,Afternoon,1893,340,0,0,3,0,-0.04797812852134395,-0.9988483864849507,0.43388373911755823,-0.900968867902419,Image
3615068414250788245,71192550631,2025-04-20 17:22:39+00:00,"Um grupo de amigos teve uma experiência incrível de pesca no Rio São Francisco, quando capturaram um pirarucu gigante de 80 kg e mais de 2 metros de comprimento. Eles estavam pescando no povoado de Pau D’Arco, em Malhada, Bahia, quando conseguiram pegar esse peixe monstruoso.",39.0,0.0,39.0,17,Sunday,Afternoon,276,46,0,0,0,0,-0.9862856015372314,-0.1650476058606773,-0.7818314824680299,0.6234898018587334,Image
3558979145478161369,784100,2025-02-02 08:03:17+00:00,"Soft glam for morning @cakeyrockey Make up and hair @sett_mua __________________________________ ติดต่อ/Contact me (Ken) Tel. : 0649242355 , 0962396653 Line : sett_makeup __________________________________ #makeupartist #makeup #mua #bride #bridal #bridesmaids #makeupandhair #ช่างแต่งหน้า #ช่างแต่งหน้าเจ้าสาว #ช่างแต่งหน้ามืออาชีพ #เจ้าสาว # #ช่างแต่งหน้ากรุงเทพ #ช่างแต่งหน้าเจ้าสาวไทย #Thaimakeupartist #ช่างแต่งหน้าออกงาน #ช่างแต่งหน้ารับปริญญา #wakeupandmakeup #makeupartist #luxury #worldwidemakeupartist #bangkokmakeupartist #bkkmakeup #internationalmakeupartist #ช่างแต่งหน้าสายฝอ #เจ้าสาวสายฝ #เจ้าสาวผิวแทน #เจ้าสาวผิวเข้ม #เจ้าสาวสายฝอ ขอบคุณครับ 😘 😘",19.0,0.0,19.0,8,Sunday,Morning,662,55,29,2,0,0,0.8594064115014528,-0.5112930860770519,-0.7818314824680299,0.6234898018587334,Carousel
3480677412948461156,3406492251,2024-10-17 07:11:43+00:00,"LHOKSEUMAWE - Kepala Humas Rumah Sakit Umum Daerah Cut Meutia Aceh Utara, Harry Laksamana, mengatakan korban penyiraman air baterai, RNF berusia 13 tahun, harus menjalani operasi plastik. Hal ini karena 40 persen wajahnya melepuh. “Untuk kondisi matanya tidak mengalami gangguan penglihatan, hanya saja kelopak matanya itu nanti ditangani oleh dokter bedah,” kata Harry kepada AJNN, Kamis, 17 Oktober 2024. RNF saat ini menjalani perawatan di Rumah Sakit Umum Zaenoel Abidin, Banda Aceh. Wajahnya yang melepuh itu diduga disiram oleh ayah tirinya, di Desa Meunasah Blang, Kecamatan Muara Dua, Lhokseumawe. Harry menjelaskan luka yang dialami korban berisiko infeksinya besar. Bahkan setelah operasi harus mendapatkan perawatan serius. Selain itu, kata dia, korban juga diperlukan pendampingan perawatan psikologis. Ini supaya korban bisa menerima kejadian yang dialaminya dan fokus ke penyembuhan. “Karena pastinya korban mengalami trauma, sehingga kira menganjurkan kepada keluarga berobat dengan benar dalam hal fisik maupun psikologis,” imbuhnya Harry menjelaskan dalam perawatan korban penyiriman air baterai semua biaya ditanggung rumah sakit. Sedangkan semua fasilitas dari daerah ke ibu kota ditanggung Pemerintah Lhokseumawe. Diberitakan sebelumnya, dua anak di bawah umur di Gampong Menasah Blang Kandang, Kecamatan Muara Dua, Kota Lhokseumawe menjadi korban penyiraman air baterai oleh orang tak dikenal. Korban merupakan adik kakak yakni berinisial AF (16) dan RNF (13). Akibat kejadian tersebut AF mengalami luka pada bagian lengan kiri dan kaki kanan, sedangkan adiknya mengalami luka pada bagian wajah, sebagian badannya dan kaki kiri. Berdasarkan informasi yang diperoleh, kejadian tersebut terjadi kemarin, Senin, 14 Oktober 2024 sekitar pukul 04.00 WIB saat keduanya masih dalam keadaan tertidur. Pelaku menyiram air baterai ke tubuh korban melalui jendela kamar korban. Saat ini pelaku sedang diburu polisi.",18.0,0.0,18.0,7,Thursday,Morning,1925,271,0,0,0,0,0.9523957996432784,-0.30486429902801077,0.43388373911755823,-0.900968867902419,Image
2796719141744347112,3577733371,2022-03-18 14:48:43+00:00,Protect Ukrainian children’s 🙏🏻 @nato @potus #nato #cloththesky #russiakilledchildren #putinwar,13.0,0.0,13.0,14,Friday,Afternoon,95,10,4,2,0,0,-0.6691306063588582,-0.7431448254773942,-0.433883739117558,-0.9009688679024191,Image
3615800757219077011,26340038867,2025-04-21 17:37:41+00:00,Трішки краси на вечір У парку «Риловиця» зацвіли сакури🌸,1214.0,4.0,1218.0,17,Monday,Afternoon,56,9,0,0,0,0,-0.9949685182509117,-0.10018806161207644,0.0,1.0,Carousel
3214351313277296941,7291877170,2023-10-15 20:10:16+00:00,"💪Estes são dois dois melhores exercícios que podes fazer para bíceps e triceps 💥Se gostarias de atingir resultados ligados à redução de gordura e/ou aumento de massa muscular com um conjunto de planos ajustados a ti, às tuas características e necessidades de modo a garantir evolução e progresso sem sacrifícios desnecessários, sem passar fome ou horas sem fim no ginásio, recomendo verificares os milhares feedbacks positivos e graus de satisfação elevados que temos à vista aqui na página assim como as transformações dos nossos incríveis membros. Aproveita a nossa MEGA CAMPANHA, as vagas são limitadas e este pack garante a maior margem de progresso!! Acompanhamento Online: 📧 INFO.WESTWOODSC@GMAIL.COM ➡️ Plano de Treino ➡️ Protocolo Nutricional e Suplementar ➡️ Refeições que gostas, com os alimentos que gostas, várias opções para cada refeição e sem restrições! ➡️ Check ins e feedback constante ➡️ Análise técnica de vídeo ➡️ Planos actualizados regularmente ➡️ RESULTADOS GARANTIDOS 🏆 Coach @goncalowestwood",526.0,16.0,542.0,20,Sunday,Evening,1017,155,0,1,3,0,-0.8433914458128857,0.5372996083468239,-0.7818314824680299,0.6234898018587334,Reel
3328418226487483160,21835852,2024-03-21 05:19:53+00:00,“The Collapse” @brotheraliisblind & @unjust_f3w [slide #2],5871.0,59.0,5930.0,5,Thursday,Night,58,7,2,2,0,0,0.9840406976462908,0.177943545473842,0.43388373911755823,-0.900968867902419,Carousel
3525916087793187987,64378157088,2024-12-18 17:26:08+00:00,Autumn 🍂🇮🇹,35.0,9.0,44.0,17,Wednesday,Afternoon,10,2,0,0,0,0,-0.9890158633619168,-0.14780941112961046,0.9749279121818236,-0.22252093395631434,Video
3579653966704973142,1529298568,2025-03-02 20:40:32+00:00,"💬 Comment PURIM to get our guide to all things Purim right in your DMs. 🥳 Purim is nearly here! This year, the Jewish holiday falls on March 13-14. Save the date and get ready for a fun time! 🔗 Head to our link in bio to learn everything you need to know about Purim, including our tips on celebrating as an interfaith couple or family!",22.0,6.0,28.0,20,Sunday,Evening,336,66,0,0,3,0,-0.7660444431189781,0.6427876096865393,-0.7818314824680299,0.6234898018587334,Image
3640833936055541065,1423836113,2025-05-26 06:35:33+00:00,Struggiling with #Melasma? I got you! #DermAidPh #DermAidMelasmaCream #fyp #doeatallmomma #doeatallmommarecommends @dermaidph,92.0,28.0,120.0,6,Monday,Morning,125,12,7,1,1,1,0.9883615104677607,-0.1521233861899167,0.0,1.0,Reel
3421912372179872678,65341416270,2024-07-28 05:16:04+00:00,What keeps you busy? 😘 #cosplay #cosplayer #cosplayphotography #cosplaygirl #FilipinaBeauty #IslandGoddess #CurveConfidence #TropicalRadiance #SelfLoveJourney #DigitalDiva #PhilippinePride #BeautifulGirl #Pinay #PortraitPhotography #ItsMoreFunInThePhilippines #Philippines #SexyPinay #AiGirl #AiGirlfriend #AiGirlGallery #StableDiffusion #BeautyInfluencer #PhotoOfTheDay #InstaModel #StyleBlogger #ModelPhotography #OwnYourStory #Filipina,78.0,3.0,81.0,5,Sunday,Night,438,33,28,0,0,1,0.981627183447664,0.1908089953765447,-0.7818314824680299,0.6234898018587334,Image
3596098608714842323,7306511654,2025-03-25 13:13:02+00:00,"Pacientes com glaucoma em Ilhéus sofrem com falta de colírio na farmácia municipal Pacientes que dependem do colírio para o tratamento do glaucoma enfrentam dificuldades para obter o medicamento na Farmácia Municipal de Ilhéus. A falta do remédio, distribuído gratuitamente, preocupa os pacientes, que temem perder a visão devido à interrupção do tratamento. Na manhã desta terça-feira (25), diversos pacientes procuraram a farmácia municipal em busca do colírio, mas não conseguiram o medicamento. A Secretaria Municipal da Saúde foi informada sobre o problema e se comprometeu a solucioná-lo, mas não informou um prazo para a regularização do abastecimento. O tratamento do glaucoma exige o uso contínuo do colírio para evitar o aumento da pressão ocular e a perda da visão. A interrupção do tratamento pode agravar o quadro clínico dos pacientes. Diante da falta do medicamento na farmácia municipal, muitos pacientes estão comprando o colírio em farmácias particulares ou pela internet para evitar a progressão da doença. No entanto, o custo do medicamento pode ser um obstáculo para muitos pacientes.",132.0,2.0,134.0,13,Tuesday,Afternoon,1105,170,0,0,0,0,-0.3131638064837496,-0.949699126201877,0.7818314824680298,0.6234898018587336,Image
3631760273975723669,46755592,2025-05-13 18:06:23+00:00,more of this pls !!,221.0,3.0,224.0,18,Tuesday,Evening,19,5,0,0,2,0,-0.9996573249755573,0.026176948307873114,0.7818314824680298,0.6234898018587336,Carousel
3748237300405818676,58257854845,2025-10-21 11:08:40+00:00,📍 CONFINS 🚨ACIDENTE NA LMG-800: BATIDA ENTRE DOIS CARROS DEIXOU UM DOS MOTORISTAS FERIDO 📲 Assista aos nossos stories 📝 SJL na Escuta 📸 Record Minas #saojosedalapa #vespasiano #pedroleopoldo #confins #lagoasanta #santaluzia #rmbh #bh #mg #pmmg #rocca #rota #ger #gepar #taticomovel #vetornorte #br #mg424 #mg10 #setelagoas #prudentedemorais #matozinhos #capimbranco #rotam #cbmmg #corpodebombeiros #bombeiros #vilarinho #vendanova #ribeiraodasneves,191.0,6.0,197.0,11,Tuesday,Morning,448,56,30,0,0,0,0.2249510543438652,-0.9743700647852351,0.7818314824680298,0.6234898018587336,Video
3659365021880838106,2348728697,2025-06-20 20:12:06+00:00,Perfect night. 🌅,63.0,0.0,63.0,20,Friday,Evening,16,3,0,0,0,0,-0.8386705679454243,0.5446390350150266,-0.433883739117558,-0.9009688679024191,Carousel
3607181350790413605,2087560514,2025-04-09 20:12:27+00:00,😈🔥🔥🔥 _ ◾Хотите увидеть свои фото в нашем профиле?! ◾Отмечайте их нашим хэштегом. ◾#BMWM_RUS ◾Лучшее добавим с отметкой. _______________________________________ #bmw #bmwmpower #bmwm5 #bmwm4 #bmwm3 #m5 #f90 #bmwm5g90 #m2 #mperformance #m4 #g82 #m3 #m8 #f98 #x5m #f96 #x6m #f80 #mpower #m5g90 #g90 #f82 #bmwm5f90 #f95 #m5competition #m5f90,444.0,2.0,446.0,20,Wednesday,Evening,337,46,28,0,1,1,-0.8386705679454243,0.5446390350150266,0.9749279121818236,-0.22252093395631434,Carousel
3084503894685119775,2968960094,2023-04-19 16:26:41+00:00,@kmccarthynashville is all the things and more. Save 10% now - April 28 with code emily10 #nashvilleshopping #sissygoff #nashvillestore #nashvillestyle #kutfromthekloth #kut,47.0,9.0,56.0,16,Wednesday,Afternoon,173,22,6,1,0,0,-0.9170600743851239,-0.3987490689252466,0.9749279121818236,-0.22252093395631434,Reel
3728723046879706176,5316115030,2025-09-24 12:54:07+00:00,"Jungle Myna (കിന്നരിമൈന) Bannerghatta Hills, Bengaluru, Karnataka August 2025 Captured with Canon EOS R5 Mark II and RF 100-500 mm @canonindia_official #junglemyna #CapturedOnCanon #CanonAsia #birdsinflight #yourshotphotographer #best_birds_photography #eye_spy_birds #nuts_about_birds #your_best_birds #bestbirdshots #indianwildography #kings_birds #feather_perfection #bns_birds #planetbirds #birdsofinstagram #birdfreaks #birds_private #birds_nature #birds_captures #bird_brilliance #raw_birds #birds_adored #united_kings_things #best_birds_photography #birds_illife #nature_worldwide_birds #bestshotz_birds #birdsonearth #birdphotoshow #indianwildlifeofficial @bbcearth @bbccountryfile @natgeo @bbcwildlifemagazine @natgeoindia @natgeowild @natgeoyourshot @nikonindiaofficial @indian_forest_official @birdsonearth nature_worldwide_birds @discovery.hd @discoverwildlife @discoverychannelin @bird_gardenical @indianwildlifeofficial @thebirdingsquad @birds.nature @birdselite @animalplanet @untold_nature @perfect_birds @birdsinwild @awpc.hk @claws.n.wings @birds_perfection @indianwildography 1birdshot planetbirds @indianbirdsociety @silence_of_colors @bestbirdpix @birdpixures @bird_world_pix @birdvibrance @birds_topnotch @birdsscape @gallery_of_birds @ourbirds_india @united_kings_things @birdphotographers_of_india @birdphotographyindia @naturein_focus @naturyst @birding_lounge",761.0,37.0,798.0,12,Wednesday,Afternoon,1385,97,30,43,0,0,-0.23344536385590528,-0.9723699203976767,0.9749279121818236,-0.22252093395631434,Carousel
3724638659036650170,67445450160,2025-09-18 21:39:10+00:00,"cultura | A Secretaria Municipal de Cultura de Santa Cruz do Rio Pardo apresenta neste sábado (20) a peça “O Auto da Compadecida”, adaptação da obra-prima de Ariano Suassuna. O espetáculo será encenado pelos alunos do curso de teatro, sob direção do professor André Frazzi, às 20h, no Palácio da Cultura Umberto Magnani Netto. A entrada é 1 kilo de alimento não perecível. 📲 Leia a reportagem completa pelo link nos stories.",81.0,5.0,86.0,21,Thursday,Evening,424,72,0,0,0,0,-0.5771451900372345,0.8166415551616784,0.43388373911755823,-0.900968867902419,Image
3581611647098661573,6677751157,2025-03-05 13:30:04+00:00,"No curso Formação de Editor de Textos: Revisão, Preparação e Edição de Livros Originais e Traduzidos, da LabPub, serão abordadas desde a revisão e preparação de textos até a edição aprofundada de originais e traduções, desenvolvendo as habilidades essenciais para o mercado editorial. Ao longo das aulas, você aprenderá a revisar e preparar textos de forma padronizada, garantindo coesão, coerência e adequação às normas editoriais. Além disso, serão abordadas técnicas de edição que vão desde ajustes básicos até intervenções estruturais, sempre respeitando o estilo do autor. Para complementar o aprendizado, serão discutidos estudos de casos reais, proporcionando uma experiência prática. Os encontros serão ministrados por Marcos Marcionilo, editor, tradutor e sócio-proprietário da Parábola Editorial, referência no setor e especialista em Letras e Linguística. 📅 Início: 15/04 🖥️ Modalidade: EAD ao vivo INFORMAÇÕES E INSCRIÇÕES LINK NA BIO 11 98487 8852 #Edição #Revisão #MercadoEditorial #LabPub",25.0,0.0,25.0,13,Wednesday,Afternoon,1003,144,4,0,0,0,-0.38268343236508967,-0.9238795325112868,0.9749279121818236,-0.22252093395631434,Image
3466520240173566785,6857943060,2024-09-27 18:24:18+00:00,"TONIGHT! Join us for a fun-filled Food Truck Friday event at the Tamarac Community Center, 8601 W. Commercial Blvd. Enjoy an array of food from favorites like Caribbean Delicious, Dimelo Papi Pinchos, Los Dough, Aroma Smoothie, Joe Snow, Good 2 Go Cuisine and The Potato Family. The next date is this Friday, September 27. We hope to see you there!",68.0,2.0,70.0,18,Friday,Evening,348,60,0,0,2,0,-0.9945218953682734,0.10452846326765299,-0.433883739117558,-0.9009688679024191,Reel
3635351231422122587,2334566437,2025-05-18 17:00:59+00:00,"Aprenda como calcular a quantidade de telhas para o seu telhado. Calcular a quantidade de telhas que será usada é uma peça fundamental em qualquer projeto. Por tanto, isso deve ser feito de forma correta. Para estar fazendo esta conta, deve ser seguido um passo a passo para não está acontecendo erros. Portanto, é muito importante está realizando todas as etapas, sem está pulando nenhuma. Seguindo o passo a passo, você estará fazendo o orçamento correto. E assim, evitando problemas futuros com o gerenciamento da obra. ✅Gostou do conteúdo? Me Siga @paulomorais_eng para Dicas e Informações técnicas para sua obra! ✅Marque alguém que precisa ver isso e comente . . . . . . . . . . . . . . . . . . . . . . . . . . . . . . . . . . #telhado #quantidadetelhas #calculartelhas #orcamentodeobras #orçamento #orçaobra #obra #calculodetelhas #telhas",93.0,0.0,93.0,17,Sunday,Afternoon,844,151,9,1,1,1,-0.9659258262890683,-0.25881904510252063,-0.7818314824680299,0.6234898018587334,Image
3408471944474467196,11368525169,2024-07-09 16:12:20+00:00,9/7/2024 आज के दर्शन जय बाबा नीलकण्ठ महादेव की मनमोहक झांकी 🙏🙏🚩🚩 Follow👉 @neelkanth_mahadev_temple HAR HAR MAHADEV🕉️🕉️🔱🔱 #harharmahadev #shiv #india #hindu #shiva #mahakaal #bhole #omnamahshivaya #kedarnath #hinduism #om #mahakaleshwar #sawan #shivshankar #mahakaal #kedarnath #badarinath #kashivishwnath #omnamahshivaya #neelkanthmahadev #dausa #सावन #trending #instagram #instagood,158.0,15.0,173.0,16,Tuesday,Afternoon,383,42,23,1,0,0,-0.8910065241883678,-0.4539904997395469,0.7818314824680298,0.6234898018587336,Carousel
3634826324075243243,285217648,2025-05-17 23:38:24+00:00,"QUE ISSO, LÉO JARDIM? 😱😱 O goleiro do Vasco saiu mal no primeiro lance e quase protagonizou uma falha bizarra! (Sorte dele que não deu em nada 😅) #Brasileirão2025",34010.0,332.0,34342.0,23,Saturday,Evening,162,29,1,0,1,1,-0.09584575252022448,0.9953961983671787,-0.9749279121818236,-0.2225209339563146,Reel
3640634112917782007,9477559966,2025-05-25 23:57:07+00:00,Запись в Wa 8-999-088-01-96 @alibi__art,4.0,0.0,4.0,23,Sunday,Evening,39,5,0,1,0,0,-0.013089595571345647,0.999914327574007,-0.7818314824680299,0.6234898018587334,Image
3661832437272497783,21526246901,2025-06-24 05:54:25+00:00,,9.0,0.0,9.0,5,Tuesday,Night,0,0,0,0,0,0,0.9996573249755573,0.02617694830787314,0.7818314824680298,0.6234898018587336,Image
3622221414568968314,55099783363,2025-04-30 14:14:23+00:00,Закат😍 . Наш телеграм-канал (ссылка в шапке профиля) 👆 . #чита #забайкалье #читинскийкрай #фоточита #деньгорода #дальнийвосток #люблючиту #мойгородчита #chita #регион75 #закат #вечерняячита #вечер,21.0,0.0,21.0,14,Wednesday,Afternoon,196,23,13,0,0,0,-0.5519369853120577,-0.8338858220671684,0.9749279121818236,-0.22252093395631434,Image
3575111199744712241,517044223,2025-02-24 14:14:47+00:00,"Ke Korea makin mudah dan cepat!! 🙌🇰🇷 Mulai 24 Februari 2025, traveler gak perlu lagi nyerahin formulir deklarasi yang berbentuk kertas kepada petugas imigrasi di bandara di Korea Selatan. Kini kamu hanya perlu mengisi kartu kedatangan elektronik atau e-Arrival Card. Cek cara isi dan dokumen yang dibutuhkan berikut ini! >>> Untuk memfasilitasi masa transisi, formulir kertas juga akan tetap tersedia hingga akhir 2025, yang memungkinkan traveler untuk memilih antara formulir kertas atau elektronik. #javamifi #antisusahsinyal #tripkorea #travelkorea #travelnews #infokorea",212.0,4.0,216.0,14,Monday,Afternoon,574,79,6,0,3,0,-0.5519369853120577,-0.8338858220671684,0.0,1.0,Carousel
3646110661612757573,3817347869,2025-06-02 13:18:03+00:00,,11313.0,34.0,11347.0,13,Monday,Afternoon,0,0,0,0,0,0,-0.33380685923377096,-0.9426414910921784,0.0,1.0,Image
3654768915947864193,8083600661,2025-06-14 12:00:27+00:00,"💥 CHEGOU SUA OPORTUNIDADE! 🔥 ZERO ENTRADA + R$500 DE DESCONTO no financiamento bancário em até 48x! 🚀 Leve sua Yamaha com estilo, potência e as melhores condições da Will Motos Prime. ✅ Promoção por tempo limitado! 📲 Fale agora: (81) 9532-2630 📍 Av. Caxangá, 2356 – Cordeiro, Recife/PE #WillMotos #MT07 #DescontoMoto #MotosRecife #YamahaMT07 #MotoNova #ZeroEntrada #Recife #PromoçãoMoto #MotosPE",30.0,0.0,30.0,12,Saturday,Afternoon,395,59,10,0,3,0,1.2246467991473532e-16,-1.0,-0.9749279121818236,-0.2225209339563146,Image
3276115430600841524,6905989151,2024-01-09 01:23:34+00:00,Red is not just a color. It's an attitude. It's truth. It's a pill that not everybody eats. #wisdomoftheday @tomaskullstromphotography #model #ifyoustareintothewineglassthewineglassstaresbackatyou #redpilled,72.0,5.0,77.0,1,Tuesday,Night,207,23,4,1,0,0,0.3542910379977158,0.9351352096860117,0.7818314824680298,0.6234898018587336,Image
3744791089984531710,52885004,2025-10-16 16:58:41+00:00,"A venda direta de veículos tem se consolidado como uma forma cada vez mais relevante no mercado brasileiro. De acordo com a Federação Nacional da Distribuição de Veículos Automotores (Fenabrave), a modalidade deve concentrar entre 49% e 51% do volume total de veículos comercializados em 2025. Voltado para empresas, indústrias, locadoras, produtores rurais, PCD e taxistas, esse modelo permite condições comerciais diferenciadas, que vão desde descontos bem mais vantajosos que uma venda no varejo como também permitir o faturamento com isenções de impostos.... https://www.terramagazine.com.br/venda-direta-parvi/?utm_source=instagram-business&utm_medium=jetpack_social",3.0,0.0,3.0,16,Thursday,Afternoon,671,84,0,0,0,1,-0.963630453208623,-0.26723837607825707,0.43388373911755823,-0.900968867902419,Image
3450597394536149590,650937663,2024-09-05 19:08:05+00:00,"A 19 anni è il più giovane content creator in Sicilia, capace, con il suo partner di lavoro “Skillo” di conquistare ampia visibilità nazionale, al punto da gestire Italy food porn Sicilia”, la più importante pagina social sul cibo dell’isola, che con i suoi 600 mila follower è capace di determinare il successo di bar, locali e ristoranti con un solo post online. Simone “Pollo” racconta i segreti del suo successo nel corso della puntata 43 di “Egoriferiti”, l’unico videopodcast del Sud Italia, disponibile su YouTube e Spotify, tutti i giovedì dalle 21. YOUTUBE: https://www.youtube.com/watch?v=_hMgKD7JGbo SPOTIFY: https://open.spotify.com/episode/00UyOBvXzEdglNBeTrOeQ9?si=92aa399d9c1641d0 Buon ascolto e buona visione. #podcast #italy #travel #love #music #radio #dj #live #radioshow #podcasting #deephouse #instagood #firstpost #life #itunes #housemusic #house #instagram #amazing #europe #italia #entrepreneur #photooftheday #motivation #mixtape #edm #business #mixcloud #landscape #lifestyle",0.0,0.0,0.0,19,Thursday,Evening,1001,132,30,0,0,2,-0.9563047559630354,0.2923717047227367,0.43388373911755823,-0.900968867902419,Image
3608918873013208816,6977177818,2025-04-12 05:44:36+00:00,【 ご予約受付について 】 本格的な磯の解禁前に2日間だけ行われる「節句磯」 (本格的な磯は4月末から) 「厄を払い、無病息災・不老長寿を願う」とも言われ、 とても貴重なものになります。 島内でも高値で取引きされ、なかなかお召し上がることが出来ない壱岐産・高級生うに。 丸昇水産のことを応援して下さる海女(海士)さんのおかげにより、毎年価格を抑えて販売することが出来ています。 冷たい海での磯仕事・うに割り・掻き出し・選別・殺菌処理・煮沸消毒・瓶詰め・発送と精神的・肉体的に負担がかかるなかで、フォロワーさんに喜んでいただけるようここまで価格を抑えることを可能にしました。 丸昇水産の生うには壱岐でも特に綺麗な海域のものに限定し、採れたて割りたてとなります。 また、塩やミョウバン等の保存料・添加物は一切不使用。 お届け日より3日以内のお召し上がりとなります。 予約受付 : 4月14日 20:00〜 LINE登録の皆さんへは、4月13日より優先予約販売をさせていただきました。ご購入出来ましたでしょうか? ご購入出来なかった方は今回のネットショップにてお早めのご購入をオススメ致します! 原 材 料 : 壱岐産生うに100% 内 容 量 : 60g(1〜2人前) 発 送 便 : 冷蔵便 送 料 : 生うに(冷蔵便)は本数に関わらず、一律送料。 賞味期限 : お届け日より3日以内 \\ 安心・安全なものをお届けするために // 煮沸消毒・蓋消毒・殺菌海水処理・選別を徹底しています。 ※獲れたて割りたての生うににこだわっていますので、 日にち指定は不可。(時間指定は可) MARUSHO SUISAN 𓆟 - - - - - - - - - - - - - - - - - - - - - - - - - - - - - - - - - - #グルメ #うに #生うに #お取り寄せグルメ #お取り寄せ #ネットショップ #長崎 #福岡 #壱岐 #food #gourmet,201.0,0.0,201.0,5,Saturday,Night,839,95,14,0,1,1,0.9975640502598242,0.06975647374412546,-0.9749279121818236,-0.2225209339563146,Image
3477973223813153036,781128793,2024-10-13 13:41:00+00:00,"Happy banget nemuin yang lebih dari sekedar moisturizer 🥰 teksturnya ringan dan nyaman banget dipakenya.. Alhamdulillah setelah rutin pemakaian 7 hari kulit aku jadi lebih cerah, lembab dan flek hitampun tersamarkan @garnierindonesia 💛 #LebihDariSekedarMoisturizer #TerasaRinganTerlihatCerah #Skin",1990.0,46.0,2036.0,13,Sunday,Afternoon,297,36,3,1,0,0,-0.4265687399014583,-0.904455145454368,-0.7818314824680299,0.6234898018587334,Video
3622093463532797190,6135020556,2025-04-30 10:00:11+00:00,"From daily hustle to weekend adventure, Marston 3 has you covered. Discover more in-store or online at www.samsonite.com.my #SamsoniteMY #JourneyWithSamsonite #Marston3",5.0,0.0,5.0,10,Wednesday,Morning,168,21,3,0,0,0,0.49999999999999994,-0.8660254037844387,0.9749279121818236,-0.22252093395631434,Image
3588663897113249642,574371923,2025-03-15 07:01:35+00:00,"Familjen Kretzschmar lämnade pulsen i Berlin och fann ett nytt hem i den lilla byn Höge utanför Hallen. Här lever de med sina söner och nitton Siberian huskies. Flytten från den tyska huvudstaden Berlin gick i höstas, men tankarna på att bo i Sverige har funnits länge. – Vi har aldrig ångrat att vi flyttade hit. Vi får ju riktiga vintrar här, även om den just i år verkar vara ovanligt mild, säger Christian Kretzschmar. Läs hela reportaget på op.se. Fotograf: Karin Fjaervoll.",86.0,1.0,87.0,7,Saturday,Morning,479,83,0,0,0,0,0.9647873238288129,-0.26303121445797484,-0.9749279121818236,-0.2225209339563146,Image
3624836812423754292,4962091165,2025-05-04 04:54:45+00:00,Masya Allah.. happy bangeet 🥰,122.0,0.0,122.0,4,Sunday,Night,29,5,0,0,0,0,0.958819734868193,0.28401534470392253,-0.7818314824680299,0.6234898018587334,Reel
3630839079424475032,3269095152,2025-05-12 11:36:09+00:00,"जय पाथिभरा माता: हिजो मात्रै १,२९८ जना मान्छेले पाथीभरा मन्दिरको दर्शन गरेका छन्। ❤️🕉️ Pic. Sujan Baskota",16.0,0.0,16.0,11,Monday,Morning,105,17,0,0,0,0,0.10452846326765373,-0.9945218953682733,0.0,1.0,Image
3604303351829372228,4119520215,2025-04-05 20:54:23+00:00,РАБОТА ТОР-МАСТЕРА ДИЛЬНАЗ🧚‍♀️ СТОИМОСТЬ | МАНИКЮР 5000тг НАРАЩИВАНИЕ 8000тг 📲 Запись по телефону 87057256600 ⠀ Студия «Nail Room» ⠀ 📍 Наш адрес: ул.Конаева 39а .... район вечного огня.... ⠀ #маникюркзо #nailroomkzo #обучениеманикюрукзо #nail_room_kzo #педикюркызылорда #педикюркзо #мастердильназкзо,13.0,0.0,13.0,20,Saturday,Evening,299,36,7,0,0,0,-0.7253743710122879,0.6883545756937537,-0.9749279121818236,-0.2225209339563146,Image
3183407504403429388,60660282846,2023-09-03 03:29:28+00:00,One Of My Favs! • || #Starfire ||,22.0,2.0,24.0,3,Sunday,Night,33,8,1,0,1,0,0.7906895737438433,0.6122172800344493,-0.7818314824680299,0.6234898018587334,Image
3605810000104421203,5814368,2025-04-07 22:47:50+00:00,"This Wednesday, April 9, join Creative Assembly artists Carl Harrison Jr. (@carl_harrisonjr) and LaVonna Varnado-Brown (@arijino.artistry) in conversation with two residents from @arc_athens: Angelo Plessas (@angeloplessas) and Steffi Stouri (@steffi.stouri).⁠ ⁠ These artists with diverse backgrounds will share their experiences, perspectives, and creative processes. ⁠ ⁠ Through an open exchange, attendees will gain insight into how art serves as a universal language, transcending geographical boundaries, and fostering connections among people from varied cultural backgrounds.⁠ ⁠ In conversation with NOMA’s Creative Assembly Cohort members, the visiting artists will explore themes of identity, representation, and the power of artistic expression.⁠ ⁠ This program is included with with museum admission, which is free for Louisiana residents every Wednesday courtesy of The Helis Foundation. ⁠ ⁠ 🔗 Click the link in our bio to learn more.",218.0,1.0,219.0,22,Monday,Evening,947,132,0,5,0,0,-0.31316380648374953,0.949699126201877,0.0,1.0,Carousel
2207734029787323022,5480477021,2019-12-26 23:20:26+00:00,. . . . #memes#rip#anime#art#fml#kys#stuff#dank#dankmemes#spongebob#sendnudez#sendnudezpls#testicles#lattace#hashtag #depression#vides#sadniggahours #lonely#brokeninside#brokeninside💔#p #ecchihentai#bööbs#bootyfordays###fortnite #pubg#edgymemes#torontomemes416#injectedmemes,22.0,0.0,22.0,23,Thursday,Evening,274,9,10,0,0,0,-0.1736481776669304,0.984807753012208,0.43388373911755823,-0.900968867902419,Image
3722617769180764690,16252406921,2025-09-16 02:44:01+00:00,"✈️🌟 Safe travels, Lucky Sweynesse! The Manfred Man-trained four-time Group 1 winner is off to Japan this morning to compete in the G1 Sprinters Stakes at Nakayama Racecourse on September 28. Let’s cheer him on as he aims for victory on the international stage!💪 🗓️ Sunday, September 28 🏆 G1 Sprinters Stakes (1200m) ✈️🌟「金鑽貴人」今早啟程前往日本,預備參戰9月28日在中山競馬場舉行的一級賽短途馬錦標。祝願這匹曾四勝一級賽的短途佳駟能夠揚威日本!💪 🗓️ 9月28日 🏆 一級賽短途馬錦標 (1200米) #HKRacing #GoRacingHK #horseracing #HKJC #HongKongJockeyClub #horseracing #horses #trainers #jockeys #LuckySweynesse #金鑽貴人",352.0,2.0,354.0,2,Tuesday,Night,535,70,10,0,3,0,0.6560590289905073,0.754709580222772,0.7818314824680298,0.6234898018587336,Carousel
3643599496961889858,449184065,2025-05-30 02:08:49+00:00,Series is ours. Three homers. 14 straight retired to end it. Final sponsored by @palottery #ThisIsYourTeam,68.0,0.0,68.0,2,Friday,Night,106,16,1,1,0,0,0.5299192642332049,0.848048096156426,-0.433883739117558,-0.9009688679024191,Image
2914195566146146042,8303851538,2022-08-27 16:54:44+00:00,"A look full of perfect base, subtle blush, Deep kohl eyes and Nude lips coming together to create magic on this beauty✨❤️ MUA- @prepup_by_priyanka Outfit- @flowers_and_showers_by_neha Lashes- @jazzleen_beauty_ Muse- @meenakshi6634 Skincare- @earthoessentials . . . #makeup #makeupartist #makeuplover #mua #muadelhi #bridalmakeup #bridaljewellery #bridaloutfit #bridalmakeupartist #trendingreels #reels #trending #viral #viralvideos #viralreels #viralpost #funnyvideos #funnymemes #funnyreels #bridalmeme",470.0,3.0,473.0,16,Saturday,Afternoon,503,55,20,5,0,0,-0.9588197348681928,-0.2840153447039235,-0.9749279121818236,-0.2225209339563146,Video
3645019724232959463,54439580540,2025-06-01 01:10:33+00:00,"El primer color de la bandera LGBTIQ+ representa la vida. Ese pulso que insiste, que resiste, que late con fuerza incluso en medio del rechazo. Hablar del rojo es hablar del derecho a existir con orgullo, de celebrar cada historia que ha desafiado el miedo. Porque amar también es una forma de estar vivos. . . . . . . . #lgbtiq #lgbt #queer #BanderaLGBTIQ #rojo #red #diversidad",174.0,1.0,175.0,1,Sunday,Night,379,68,7,0,0,0,0.3007057995042732,0.9537169507482269,-0.7818314824680299,0.6234898018587334,Carousel
3693665242590380275,278129798,2025-08-07 04:00:00+00:00,16 สิงหาคมนี้! เตรียมพบกับ #อิ้งค์วรันธร นักร้องสาวหน้าหวาน เสียงละมุน 🥰 ได้ที่งาน “TOYOTA Easy Drive Easy Deal” 🚗💨 ตั้งแต่เวลา 18.00 น. เป็นต้นไป 📌 ลานโปรโมชัน ชั้น 1 เซ็นทรัล ลาดพร้าว #TOYOTA #InkWaruntorn #เซ็นทรัลลาดพร้าว #CentralLadprao,43.0,1.0,44.0,4,Thursday,Night,241,28,7,0,1,0,0.8660254037844386,0.5000000000000001,0.43388373911755823,-0.900968867902419,Image
3476828126560708394,10630354681,2024-10-11 23:43:52+00:00,"""Quem não leva a sério a preparação de algo, está se preparando para o fracasso.""💯🔐🔥🇧🇷 . . #boxing #cuba #havana #boxeo #boxer #boxeocubano #cubanboxing #travel #training #sport #photooftheday #streetphotography #boxe #olympics #mma #portrait #cuban #habana #lahabana #lifestyle #boxingtraining #fighter #travelphotography #champion #fitness #rafaeltrejo #picoftheday #igerscuba #rafaeltrejoboxinggym #workout",35.0,0.0,35.0,23,Friday,Evening,409,47,30,0,0,0,-0.0741084901954002,0.9972501850994856,-0.433883739117558,-0.9009688679024191,Image
3686658856996105764,49835337407,2025-07-28 12:00:00+00:00,"\女 神 降 臨 GODIVA✨ / 人氣啦啦隊—李雅英 即將在南港Lalaport 應援你的饗宴之旅! 用最甜美的笑容融化你的心,以最極致的巧克力佔領味蕾!GODIVA極致感受.饗宴之旅邀請到人氣啦啦隊女神—李雅英擔任一日店長!這個夏天,讓雅英與最愛的GODIVA為你應援🙌🏻 ⟢極致感受.饗宴之旅|一日店長活動 ⟣ 一日店長|人氣啦啦隊 李雅英�活動時間|8/2 (六) 14:00�活動地點|GODIVA 南港LaLaport 門市 � 《活動內容》 活動當日指定時段 11:00~13:15 於GODIVA 南港Lalaport 門市消費滿2,000元(含) 以上 1️⃣限量前150名,可與李雅英現場互動合照乙張 2️⃣加碼抽5位粉絲,可獲李雅英親手遞上應援霜淇淋乙支(符合第一項活動條件者) *請依現場工作人員指示參與活動,主辦單位將視現場狀況保留活動機制調整之權利。",290.0,10.0,300.0,12,Monday,Afternoon,390,29,0,0,3,0,1.2246467991473532e-16,-1.0,0.0,1.0,Image
3193922712769790391,7909562522,2023-09-17 15:41:19+00:00,🫵🥇🫵RAH GOLD FINGER ACROPORA 🥇🫵🥇 Coral grown in France by @recifathome 🪸🐠🪸 REEF~TANK 🪸🐠🪸 🇪🇺🇨🇵French.Reefer 💙👥 Team: @reef.family 🌈💥 Colored: @faunamarin 📈🔬 Control: @ghl_aquariumproducts #PROFILUX4 #KHD #DOSER2.1 #VERSIA.STREAM 💦💦RO/DI :@arkaaquatics 🌊🏄 Flow: @neo3plus 🌞💡 Led.Light:@gncleditalia 📑🎓 Advise: @recifathome 🚽💩 Skimmer: @royal_exclusiv 📸💥 Camera: @nikonfr ⚒️🗿Scape: @aquaroche 📈⚖️Test: @neoquarium 🥪🍽️Food: @elos_the_aquarium_company 🟦🔷Tank: @calvadosaquarium 🌿🪷🌿 FRESHWATER~TANK 🌿🪷🌿 🌞💡Led.Light :@ghl_aquariumproducts 🐌☘️Freshwater-Plants: @aquaplante 🚽💩 FILTER: @oasefrance 🧪🧬PRODUCTS: @arkaaquatics 🪨🪵 HARDSCAPE: @aquatic_landscape,117.0,4.0,121.0,15,Sunday,Afternoon,646,67,6,19,0,0,-0.8216469379421638,-0.5699967625963028,-0.7818314824680299,0.6234898018587334,Image
3630393114866585633,4148713772,2025-05-11 20:50:06+00:00,"EARLY VOTING ALERT🗳️ PWDs, senior citizens, and pregnant women can vote early from 5 a.m. to 7 a.m. Can’t make it early? Don’t worry—you can still vote during regular hours until 7 p.m. #Piniliay2025 #AllYouNeedToKnow",10.0,0.0,10.0,20,Sunday,Evening,217,35,2,0,0,1,-0.7372773368101242,0.6755902076156601,-0.7818314824680299,0.6234898018587334,Image
3642055930415503313,49109024403,2025-05-27 23:02:23+00:00,"보관도 편하게, 조리도 깔끔하게! 스프레이 하나로 요리의 완성도가 달라져요 ᄒᄒ 미스티파이 오일스프레이 라라홈에서 공구중이에요! 요리 시작 전 한 번쯤 겪어보셨죠? 기름병 들고 살짝만 쪼록 했는데... 쏟아지는 기름😭 건강도, 팬도, 기분도 다 망치는 순간이에요! 이젠 한 손으로 칙~ 미세 분사 오일스프레이 하나면 끝이에요 오일병에 흐르던 기름자국도 주방 타일에 미끌한 손자국도 안녕👋 에어프라이어 조리 전에 와플팬 코팅할 때 샐러드 드레싱 뿌릴 때 정말 자주 손이 가게 될 거예요😊 요즘 저당식, 저유분식이 건강에 좋다길래 꼭 챙기고 있는데 기름 손으로 부어 쓰는거 보다 이렇게 칙칙 뿌려 쓰니 한눈에 봐도 기름이 주는 속도가 다른게 좋더라구요 열번 칙칙 뿌려도 한스푼 남짓 ! 저유분 요리로 기름도 적게쓰고 건강도 챙겨보세요 ^^ 오일만 가능한 게 아니라 식초, 간장, 맛술까지도 칙칙! 주방 뿐만 아니라 청소용 소독제 분사에도 OK! 미스티파이 오일스프레이 라라홈 특가로 만나보세요✨ ✔ 균일한 분사력으로 골고루 코팅 ✔ 네덜란드 특허 기술로 남김없이 사용 ✔ 내열 강화 유리병으로 환경호르몬 걱정 NO 🕒5️⃣월2️⃣7️⃣일-재고 소진시 마감 ✨라라홈 프로필의 링크에서 바로 만나보실 수 있어요🥰",68.0,5.0,73.0,23,Tuesday,Evening,618,151,0,0,6,1,-0.250380004054441,0.9681476403781079,0.7818314824680298,0.6234898018587336,Reel
2092078688925686001,4808536441,2019-07-20 09:33:55+00:00,"The long wait is OVER! 4x4 enthusiast off-roaders, fret no more, we’ve got you covered IT’S TIME! ALX Autosports teams up with Decal Republic Offroad to continue providing you with “Comfort & Style” quality service! #ALXoffroadrepublic #ALXautosports #Decalrepublic #WEAREEVERYWHERE #UNKOPYABLE ——————————————————— We’re Located at 📍Commonwealth Avenue Corner Milano Drive, Greater Lagro, Novaliches, 1100 Quezon City Open from: Monday- Sat / 9am- 7pm See you!",7.0,0.0,7.0,9,Saturday,Morning,460,64,5,0,4,0,0.5983246005706588,-0.8012538126910608,-0.9749279121818236,-0.2225209339563146,Image
2171140862473766754,2740918105,2019-11-06 11:36:21+00:00,"Got to love a bit of Liquid Gold from the awesome @SixLicks. Blackberry, Apple and Raspberry perfectly blended with an icy kick. Get yours today from www.thevapourbar.co.uk or pop into one of our 3 shops. ---------------------------------------------- #sixlicks | #teamsixlicks | #believethehype | #fortheserious | #vapelife | #liquidgold | #vapelifestyle | #blackberry | #apple | #raspberry | #coilporn | #stayhumble |#vapefam | #vapeporn | #vapecommunity | #vapehooligans | #thevapourbar | #ukeliquid | #uksquonkers | #vapepics | #vaping | #vapestagram | #instavape | #vapers | #vapepictures | #vapouround | #ukvapers | #subohmmagazine | #vapephotography | #picoftheday",33.0,6.0,39.0,11,Wednesday,Morning,671,94,30,1,0,0,0.10452846326765373,-0.9945218953682733,0.9749279121818236,-0.22252093395631434,Image
3625846444637065837,44138378,2025-05-05 14:16:40+00:00,I love making these little dresses♡♡ #blythe #ooakblythe #customblythedolls #blytheworld #blythephotography #blythehandmade #crochet #crocheting #blythecustom #blythephotography #blytheclothes,72.0,11.0,83.0,14,Monday,Afternoon,192,17,10,0,0,0,-0.559192903470747,-0.8290375725550415,0.0,1.0,Image
3685299686717255049,558931203,2025-07-26 14:59:39+00:00,"Mit einer 1:0-Pausenführung gegen den Bremer SV gehen unsere Grün-Weißen im ersten Punktspiel der neuen Saison in die Kabine. Neuzugang Ware Pakia traf in seinem ersten Pflichtspiel für unseren VfB. Julian Albrecht, Antonio Verinac, Fabian Istefo und Mikail Polat hatten weitere Möglichkeiten. Die Gästen wurden durch einen Kopfball von Amoro Diedhiou gefährlich.",760.0,3.0,763.0,14,Saturday,Afternoon,363,52,0,0,0,0,-0.7040147244559681,-0.7101853756232857,-0.9749279121818236,-0.2225209339563146,Image
3612012521640748971,2128136998,2025-04-16 12:11:08+00:00,Julen Sarrionandia y Josu Barrueta estarán en el Rallye Festival Hoznayo 2025 a bordo del BMW M3 E30 Gr.A que fuese en su momento de Pep Bassas #latulasport #fcta,970.0,3.0,973.0,12,Wednesday,Afternoon,162,29,2,0,0,0,-0.04797812852134395,-0.9988483864849507,0.9749279121818236,-0.22252093395631434,Image
3651463928581810835,1958128679,2025-06-09 22:34:02+00:00,❤️🖤,13.0,0.0,13.0,22,Monday,Evening,3,1,0,0,0,0,-0.36650122672429725,0.9304175679820246,0.0,1.0,Image
3446456215892520729,5468462617,2024-08-31 02:00:19+00:00,Love the timeless elegance of lace? This blouse is your new wardrobe essential! 🤍 Perfect for casual and dressy occasions alike. #Esfolar #Blouse #Lace #Denim #Vintage #OOTD #Elegance #WeekendVibes #LookoftheDay #Fashion #Effortless,3.0,0.0,3.0,2,Saturday,Night,232,32,11,0,1,1,0.49999999999999994,0.8660254037844387,-0.9749279121818236,-0.2225209339563146,Image
3446994245479618459,52037213544,2024-08-31 19:49:16+00:00,#Giethoorn #wandelbruggetjes ##bruggetje #wandeleninnederland #exploreyourownbackyard #toeristineigenland #netherlands #nederland #bridgesofinsta #bridgesofinstagram #bridgefans,15.0,0.0,15.0,19,Saturday,Evening,177,11,11,0,0,0,-0.8890171414857366,0.45787391511695635,-0.9749279121818236,-0.2225209339563146,Image
2857098914905431888,214937984,2022-06-09 22:14:13+00:00,What about this terracota outfit? 🧡 #Fiber #Latinabreeze Shop on FIBER.COM.CO,215.0,8.0,223.0,22,Thursday,Evening,77,11,2,0,0,1,-0.4461978131098095,0.8949343616020247,0.43388373911755823,-0.900968867902419,Video
3161991756044259956,8090959895,2023-08-04 14:20:14+00:00,"The Beef Industry is so much more than a job, it’s a lifestyle. #beef #beefitswhatsfordinner #coloradobeef #beefindustry",19.0,0.0,19.0,14,Friday,Afternoon,120,17,4,0,0,0,-0.5735764363510458,-0.819152044288992,-0.433883739117558,-0.9009688679024191,Image
3633033088927000023,318724788,2025-05-15 12:15:00+00:00,"Se você é atleta amador ou profissional e já passou por algum processo inflamatório, provavelmente já ouviu falar desse recurso. Mas atenção: o ultrassom não é indicado para todos os casos e não substitui um bom protocolo de reabilitação! Quando bem utilizado, ele pode acelerar o processo de recuperação e aliviar a dor. 📍Atendimentos presenciais em São Paulo – Vila Mariana 💻 E também online, com acompanhamento e orientação individualizada para quem já tem diagnóstico e quer continuar sua evolução com segurança. 👉 Salve esse post 📤 Marque um amigo que está em recuperação!",11.0,0.0,11.0,12,Thursday,Afternoon,577,94,0,0,2,0,-0.06540312923014287,-0.9978589232386035,0.43388373911755823,-0.900968867902419,Carousel
2721436562645284432,14431927973,2021-12-04 17:55:40+00:00,"Mousse de Chocolate fácil, rápido e saboroso 🍫 - Ingredientes: 300 gramas de chocolate meio amargo 1 lata de creme de leite sem soro 395g de leite condensado fake ( está nos meus destaques ) - Modo de Preparo: Quebre o chocolate em pedaços. Coloque em uma tigela de vidro ou cerâmica e derreta no microondas - 30 segundos em potência alta e mexa. Mais 30 segundos e mexa, e assim até que esteja totalmente derretido. Despeje em outra tigela e acrescente o creme de leite sem o soro. Misture bem e depois acrescente o leite condensado, aos poucos. Experimente para adequar ao seu gosto. Transfira para potes individuais e leve para a geladeira para gelar.",528.0,4.0,532.0,17,Saturday,Afternoon,654,116,0,0,0,0,-0.9997620270799091,-0.021814885034560836,-0.9749279121818236,-0.2225209339563146,Image
3558980388880558830,51786069355,2025-02-02 08:06:43+00:00,#armylovers🇮🇳❤️ #runningmotivation #running #armylife #indianarmy #foujimotivational #reels #instagram #armydiwana💪🏻💪🏻 #foujilover ....✌️🪖 @mr_ashish_gupta_1army_lover @its_kumar_roky,130.0,6.0,136.0,8,Sunday,Morning,183,13,12,2,0,0,0.8526401643540923,-0.5224985647159488,-0.7818314824680299,0.6234898018587334,Video
3614043351560693141,5380931623,2025-04-19 07:26:02+00:00,Get your exquisite hand crafted jewels this season from the very best only at Haroon Sharif jewellers. Visit our flagship store at Y-Block DHA or Emporium Mall and Suha Bazar to see our entire collection. #haroonsharifjewellers #hsjewellers #jewelry #Jewellery #pakistanjewellery #pakistanibride #pakistaniwedding #wedding #shaadi #bridal #bridaljewelry #bridesofpakistan,2474.0,6.0,2480.0,7,Saturday,Morning,371,47,12,0,0,0,0.9304175679820246,-0.3665012267242972,-0.9749279121818236,-0.2225209339563146,Image
3629681630513691503,2193334755,2025-05-10 21:16:30+00:00,Grand Slam 🔜,45665.0,194.0,45859.0,21,Saturday,Evening,12,3,0,0,0,0,-0.656059028990508,0.7547095802227713,-0.9749279121818236,-0.2225209339563146,Carousel
3762638912339083017,215349407,2025-11-10 07:58:53+00:00,"מפקדים בכירים בחיזבאללה עברו ניתוחים קוסמטיים באיראן, במטרה להקשות על ישראל לזהות אותם, מחשש שיחוסלו. כך דיווחה רשת “אל-חדת’” הסעודית, כשעל פי הדיווח שלה, בין בכירי ההנהגה שעברו ניתוחים גם כאלו שלא נפצעו ב”מתקפת הביפרים” או בתקיפות חיל האוויר בלבנון, אך עשו זאת כ”צעד מונע”. “עשרות ניתוחים קוסמטיים דחופים לחברי ולמפקדי חיזבאללה שנפצעו בתקיפות של כטב”מים ישראליים מתבצעים באיראן ובמרפאות סודיות בפיקוח משמרות המהפכה”, נטען בכתבה ששודרה בערוץ הסעודי וכללה ראיונות בפנים מוצללות של כמה ממחבלי חיזבאללה. כשנה לאחר כניסת הפסקת האש בין ישראל לחיזבאללה בלבנון לתוקף, ארגון הטרור שמנהיגו המיתולוגי חסן נסראללה חוסל לפני יותר משנה, עדיין נמצא על הכוונת הישראלית ומדי יום מתבצעות תקיפות בשטח לבנון, בעיקר באמצעות חיל האוויר, כדי לאכוף את הפסקת האש, למנוע ניסיונות שיקום של תשתיות טרור וחיסול של מחבלים בכירים שפועלים להתעצמות מחודשת תוך הפרת ההסכם בין הצדדים. למרות החלטה של ממשלת לבנון שקובעת כי על ארגון הטרור למסור את נשקו לצבא לבנון שהוא אמור להיות הגורם החמוש הבלעדי במדינה, האכיפה מתבצעת בעצלתיים. ישראל וארה”ב אינן מרוצות מכך ולאחרונה הגביר צה”ל את תקיפותיו נגד מטרות טרור של חיזבאללה וחיסולים של מפקדים בדרגי השטח, שפועלים כדי להציב איום מחודש על ישראל מצפון. ✍ שי לוי ושחר ברדיצ’בסקי 📷 Alhadath/AP/AP youtube, מתוך תיעוד שעלה ברשתות החברתיות, שימוש לפי סעיף 27א’ לחוק זכויות יוצרים",2610.0,203.0,2813.0,7,Monday,Morning,1281,208,0,0,0,0,0.8703556959398997,-0.492423560103467,0.0,1.0,Image
3774428970851928754,8053248557,2025-11-26 14:23:37+00:00,Peak night view of my life fr - 🌃🖤,4366.0,42.0,4408.0,14,Wednesday,Afternoon,34,9,0,0,0,0,-0.5842496656374342,-0.8115739819650125,0.9749279121818236,-0.22252093395631434,Carousel
3490229787052144992,40104086916,2024-10-30 11:30:54+00:00,"大家有看過《霍爾的移動城堡》嗎? 使用Sophie Little 燭光水氧機 擬真的火焰不自覺聯想到卡西法 於是就幫水氧機外殼畫上表情 有表情後的卡西法生動許多(? 提醒大家,若要在透明外殼作畫 要選擇可在塑膠、玻璃等材質書寫的筆 寫完還要能輕鬆清潔 以免發生悲劇😆 歡迎跟我們分享,你喜歡哪個表情~ 燭光水氧機這裡挑👇 點選 @stadlerform_taiwan 主頁連結 #StadlerFormTW #瑞士時尚精品家電 #居家新美學 #水氧機 #sophielittle #霍爾的移動城堡 #卡西法 #HDC來思比科技",11.0,0.0,11.0,11,Wednesday,Morning,263,24,8,1,0,2,0.130526192220052,-0.9914448613738104,0.9749279121818236,-0.22252093395631434,Reel
3710022675897896494,48423942450,2025-08-29 17:39:49+00:00,"Halloween time is upon us! 🧙 Whether you are coming for the food, spooky festivities, or just to ride on your favorite rides. Let us add some flavor to your Disneyland experience with a $25 Disneyland Resort dining card! Before you book your next stay with us, make sure to use code E4000 at checkout to receive this special offer. You foodie self will thank us.😉 #disneyland #anaheimca #anaheimcalifornia #visitanaheim #disneyvacation #stayinyourelement #suitelifeatelement #elementanaheimresort #halloweentime #halloween2025 #spookyseason",51.0,3.0,54.0,17,Friday,Afternoon,540,77,11,0,2,0,-0.9958049275746617,-0.09150161866340308,-0.433883739117558,-0.9009688679024191,Carousel
3609125039167015063,2058420325,2025-04-12 12:34:13+00:00,#актоберабота #актобежумыс,1.0,0.0,1.0,12,Saturday,Afternoon,26,2,2,0,0,0,-0.14780941112961016,-0.9890158633619169,-0.9749279121818236,-0.2225209339563146,Image
3112597407841863525,58592508182,2023-05-28 10:42:27+00:00,(aggiornamento Instagram @realstraykids ) Bellissimo Italia 💙 #AD #staywithme #felix #LouisVuitton,9.0,0.0,9.0,10,Sunday,Morning,98,11,4,1,0,0,0.3338068592337712,-0.9426414910921783,-0.7818314824680299,0.6234898018587334,Carousel
3239511339542493016,60051213576,2023-11-19 13:17:47+00:00,"Officials deny Pakistani arms exports to Israel Pakistani officials have denied reports that Pakistan exported 155mm shells or any kind of arms or ammunitions to Israel. Speaking to Islamabad Insider, officials slammed dubious reports distributed on Indian media suggesting that Pakistan was secretly exporting arms to Israel. A fake account on X also contributed to the dissemination of this fake news. The object behind the misinformation operation, purportedly led by India is to show the world that Israel’s actions have Pakistan’s tacit approval. This is because so far, Pakistan has dwarfed other Gulf states in its support for Gaza and has unequivocally expressed its support for the people of Palestine. Pakistan’s Ministry of Foreign Affairs has routinely condemned Israeli aggression in Gaza at every level, not sparing any forum to highlight Pakistan’s position on Palestine which is a two state solution alongside Al Quds Al Sharif as the capital of Palestine. Pakistan’s Chief of Army Staff, General Syed Asim Munir has on numerous occasions, reiterated Pakistan’s support for the Palestine cause. For more details. Link in bio #Pakistan #India #Palestine #Gaza #Israel",0.0,0.0,0.0,13,Sunday,Afternoon,1182,182,5,0,0,0,-0.32969064526278713,-0.9440890203927843,-0.7818314824680299,0.6234898018587334,Image
3591866448428245310,1779187918,2025-03-19 17:04:29+00:00,"¡Que sí, que te tapes el cerebelo! Para que puedas hacerlo con comodidad, llévate este gorro molón GRATIS con la compra de un vial de vida extra (que te permite ""curarte"" cuando te pille un zombie y seguir corriendo como si nada) en todas nuestras ediciones desde YA, hasta fin de existencias. ¡Tenemos como 500, así que tranki! :D ¡Acabarás hasta el gorro! :D #survivalzombie #zombis #zombies #juegos #jugar #EnVivo #retos #mola #ApocalipsisZombie",72.0,0.0,72.0,17,Wednesday,Afternoon,448,73,9,0,3,0,-0.9702957262759965,-0.24192189559966779,0.9749279121818236,-0.22252093395631434,Image
3614337605995471925,11145039310,2025-04-19 17:10:39+00:00,"♉️¿Tienes energía de Tauro en tu Carta Natal? 👉🏻Hoy comienza la temporada en TAURO. 💫Te contamos las posiciones de Sol, Luna y Ascendente desde el enfoque astrogenealógico. 👉🏻Cuéntanos si algunos de estos ejemplos los puedes ver en tu historia familiar. 🌟Si quieres incorporar estos conocimientos en profundidad. 💥Ya comenzó la formación en Astrogenealogia. Aún puedes sumarte. 📧Para más información escribe a: info@astroconstelaciones.com O déjanos tu correo así te enviamos más información. #astrogenealogia #astroconstelaciones #terapiassistemicas #psicogenealogia #constelacionesfamiliares #sol #luna #ascendente #astrologia #memoriafamiliar #arbolgenealogico #ancestros #clan #linajefemenino #linajemasculino #temporadatauro #tauro",160.0,2.0,162.0,17,Saturday,Afternoon,736,88,17,0,0,1,-0.9762960071199334,-0.21643961393810282,-0.9749279121818236,-0.2225209339563146,Carousel
3080132620268256170,10199543070,2023-04-13 15:40:43+00:00,"HIGH QUALITY VEGAN PROTEIN SOURCES What makes a protein high quality? Well for starters it has to actually be a “protein source”. To be a protein source the ingredient has to have protein as its highest macronutrient. So no beans aren’t a protein source, they’re a carb with protein. But, yes, tempeh is a protein source because its highest macronutrient is protein at a whopping 34g per cup! Swipe through for some of my favourite protein sources, most of which are easily accessible and gluten free! And if you’re not already make sure to follow me @evannryan for daily high protein vegan recipes and tips! And I would love to know, what’s your favourite vegan protein source? Mine is definitely tofu for its versatility💪🌱 #highproteindiet #highproteinrecipes #highproteinvegan #proteinsources #proteinsource #proteinfood #proteins #veganprotein #veganproteins #plantbasedprotein #plantbasednutrition #plantbaseddiet #plantbasedeating #plantbasedpower #veganmacros #iifymvegan #whatveganseat #whatveganscook",330.0,33.0,363.0,15,Thursday,Afternoon,1009,142,18,1,3,2,-0.8191520442889916,-0.5735764363510464,0.43388373911755823,-0.900968867902419,Carousel
2704695263056959061,38429027577,2021-11-11 15:33:42+00:00,"No próximo domingo, 14, será o Dia Mundial do Diabetes que tem o objetivo de conscientizar a população com foco nas diabetes mellitus. Porém, o que muitas pessoas talvez não saibam é que existem outros tipos de diabetes além da mellitus, como o exemplo do Diabetes Insipidus (DI), nosso tema do post de hoje! O DI é um distúrbio que pode ser endócrino, genético ou adquirido devido a problemas na síntese do hormônio antidiurético (ADH), também chamado de vasopressina, responsável pelo equilíbrio de líquidos no nosso corpo. Um dos principais sintomas do DI é o excesso de sede que o indivíduo sente, chegando a beber mais de três litros de água por dia, além de apresentar um aumento considerável nos níveis de produção de urina, chamada de poliúria. O DI se divide em três tipos: Diabetes Insipidus Central ou Neurogênico (DIC), Diabetes Insipidus Gestacional (DIG), e Diabetes Insipidus Nefrogênico ou Renal (DIN), e suas causas estão relacionadas com cada tipo, e você pode saber mais passando pro lado. E é importante comentarmos que o DI não tem cura, mas os sintomas podem ser aliviados por meio de medicamentos que regulam o equilíbrio de líquidos e pelo controle dos líquidos ingeridos pelo paciente. Por fim, o Ministério da Saúde possui um documento abordando o “Protocolo Clínico e Diretrizes Terapêuticas do Diabete Insípido” que você pode acessar pelo nosso link da bio! Comenta aqui nesse post se você já tinha ouvido falar do diabetes insipidus, e compartilha com os amigos nutris! Material consultado: @rededor_oficial Beijinhos científicos, e até a próxima! #nutrindodescobertas #nutrição #nutricao #nutriçao #nutricionistas #diabetes #diabetesinsipidus #DI #DM #divulgaçãocientifica #ciencia #conhecimentoépoder #mulheresnaciencia #science #nutrition #quasenutri #nutriconcurseira #instagram #curiosidade #saber #conhecimento",16.0,0.0,16.0,15,Thursday,Afternoon,1845,279,21,1,4,0,-0.8012538126910606,-0.5983246005706593,0.43388373911755823,-0.900968867902419,Carousel
3399994430675771413,63908770880,2024-06-27 23:29:02+00:00,Is this your favorite style? 👇👇👇👜👞👠👚👓⌚️ whatsapp+8️⃣6️⃣1️⃣8️⃣9️⃣5️⃣0️⃣7️⃣0️⃣2️⃣9️⃣7️⃣1️⃣,184.0,1.0,185.0,23,Thursday,Evening,88,7,0,0,0,1,-0.13485093027372372,0.9908658973868821,0.43388373911755823,-0.900968867902419,Image
1399464719550887348,3178175346,2016-12-06 18:33:36+00:00,Добавляйте наш хэштег к своим фото и лучшие мы разместим у себя (с указанием автора естественно) #sorryimvape,77.0,0.0,77.0,18,Tuesday,Evening,109,17,1,0,0,0,-0.9896513868196702,0.14349262199117904,0.7818314824680298,0.6234898018587336,Image
3650171301014136162,249037579,2025-06-08 03:45:49+00:00,"A special commission set which referenced past work of mine. Stony grotto like forms and baroque cornice memories. My fingers work old forms that I have created but also add something new. Like I remember who I was back when I made these pieces in the past, and by making them I feel how I have changed as well. I found a note in my sketchbook that made sense of this: “The forms in your life have to change, because you are changing” I wonder if you resonate with that as well?",833.0,6.0,839.0,3,Sunday,Night,478,92,0,0,0,1,0.8314696123025451,0.5555702330196024,-0.7818314824680299,0.6234898018587334,Carousel
2925756606664694776,362259712,2022-09-12 15:46:17+00:00,"SC senate advanced legislation that would build on the state’s six-week law but limit the procedure for sexual assault victims up to 12 weeks. The so-called ""fetal heartbeat"" law bans abortions once fetal cardiac activity is detected, or about six weeks, when critics argue that most women don’t know they’re pregnant. Follow for more highlights from the legislature's special session. 🖊 Maayan Schechter #abortion #sc #ban #heartbeatbill",968.0,25.0,993.0,15,Monday,Afternoon,438,67,4,0,0,0,-0.8338858220671681,-0.5519369853120584,0.0,1.0,Reel
1695038010423587070,5365037130,2018-01-18 14:04:58+00:00,I love having toasted almonds on hand to throw into salads or yogurt or to just eat as a snack. I also use these for the almond chicken I posted the other night. These were 15 minutes in the oven on 350. #keto #ketodiet #wholefoodsketo #ketosnacks #ketolife #fatfueled #lowcarb,26.0,0.0,26.0,14,Thursday,Afternoon,277,49,7,0,0,0,-0.5150380749100542,-0.8571673007021123,0.43388373911755823,-0.900968867902419,Image
3646705972870167316,5751120139,2025-06-03 09:00:49+00:00,"Kabag Ops Satbrimob Polda Sulsel Akbp Nur Ichsan, S.Sos., M.Si. sebagai Assesor dalam Assesment Center Kapolsek Tahap II Gelombang 12. . @humas_korps_brimob @polda_sulsel @satbrimobpoldasulsel . #satbrimobpoldasulsel #brimob_untuk_indonesia #polripresisi",81.0,2.0,83.0,9,Tuesday,Morning,254,28,3,3,0,0,0.7071067811865476,-0.7071067811865475,0.7818314824680298,0.6234898018587336,Carousel
3707496754465780018,61070809873,2025-08-26 06:01:15+00:00,"👮🏻 Sokak sokak, mahalle mahalle.. Mahalle Polislerimiz vatandaşlarımızı bilgilendirmek için sahada olmaya devam ediyor. Kıymetli hemşerilerimizle bir araya gelerek sorumluluk alanımıza giren öneri, şikayet ve isteklerini dinledik. Daha sonra değerli hemşehrilerimize; - Piknik alanlarında doğru ateş kullanımı, - Orman yangınlarına neden olan durumlar, - KADES, - Banka hesabı kiralama, - Telefon, SMS ve İnternet yoluyla dolandırıcılık, - Güvenlik kamerasının önemi, üzerine bilgilendirmelerde bulunduk. Güzel Çanakkalemizin huzurunu birlikte koruyacağız. #ÇanakkaleninHuzuru | @kenankurt.emniyet @tccanakkalevaliligi @emniyetgm @tcicisleri",1005.0,7.0,1012.0,6,Tuesday,Morning,641,74,1,4,0,0,0.9999904807207345,-0.00436330928474646,0.7818314824680298,0.6234898018587336,Carousel
3668568808148557396,2116246292,2025-07-03 12:58:23+00:00,. میان تاریکیِ شاخه‌ها، رنگی شبیه به سوختن، هنوز نفس می‌کشد. نه بهار است و نه پاییز، جنگ، فصل بی‌نامی‌ست که گل‌ها در آن، پیش از آن‌که شکوفه بدهند، در آتش می‌افتند. ما هنوز زیر همان سقف‌های شکسته‌ایم، که هر شب، صدای فروریختنش را با گوشِ دل می‌شنویم— جنگ فقط در آن‌سوی مرز نیست، در جانِ ما ادامه دارد. . #فرشته_شادی #مجموعه #رویای_شخصی #دیجیتال_آرت #جهان_بعد_از_جنگ #فصل_بی_نام #fereshtehshadiartwork #darkart #conceptualart #postwarart #artproject #visualpoetry #galleryart,105.0,5.0,110.0,12,Thursday,Afternoon,472,73,13,0,0,0,-0.25038000405444155,-0.9681476403781077,0.43388373911755823,-0.900968867902419,Image
3627501669718929885,27617045301,2025-05-07 21:05:06+00:00,"i️ El reconocido guitarrista, compositor y artista de fama internacional, Luis Salinas, visitará Tafi Viejo para ofrecer una exclusiva y única presentación en la provincia. La cita será el 15 de mayo a las 21:00 horas en el Teatro Sociedad Española, ubicado en avenida Alem 418, donde los asistentes podrán disfrutar de una noche llena de talento, pasión y buena música. En esta ocasión, Salinas presentará su último trabajo discográfico, titulado “Hay que seguir”, un álbum que refleja no solo su virtuosismo con la guitarra, sino también su capacidad de fusionar diversos géneros y estilos en una propuesta fresca y profunda. El evento contará además con la participación de artistas invitados de lujo: Javier Lozano, reconocido por su talento en la música instrumental y su carácter innovador; Alejandro Tula, destacado músico y compositor local; y Juancho Farías Gómez, reconocido por su versatilidad en diversos géneros musicales. Juntos, ofrecerán un espectáculo que promete ser memorable, complementando la actuación principal de Salinas y enriqueciendo la noche con diferentes estilos y propuestas musicales. El precio de la entrada es de 10.000 pesos y ya se encuentra a la venta en varios puntos de la ciudad: en la Casa de la Cultura Catalina Albarracín de Suarez, ubicada en Av. Alem 753; en el Mercado Municipal, en el 1° piso, local L 58; y en la Sala de Luthería Fernando R. Silva, donde también podrán adquirir sus boletos quienes deseen garantizar su lugar con anticipación.",2.0,0.0,2.0,21,Wednesday,Evening,1491,240,0,0,0,0,-0.6915130557822698,0.7223639620597551,0.9749279121818236,-0.22252093395631434,Image
3710606919166917345,264868045,2025-08-30 13:00:36+00:00,"Familiar faces in Castres 😍 🫂 Great to see you, @will_col! #COYQ #COvHAR",1235.0,8.0,1243.0,13,Saturday,Afternoon,72,13,2,1,1,0,-0.2588190451025208,-0.9659258262890683,-0.9749279121818236,-0.2225209339563146,Carousel
3610328861772649321,10710961609,2025-04-14 04:26:00+00:00,"🏷 repost @mom_ayun #제품제공 | @doosonnori ⠀ 리뉴얼 된 “동화세계” 가방 귀여운 유니콘 모양이라 좋아할 수 밖에 .. 🦄 아윤이가 두 번째로 들였던 마이퍼스트북, 48개월까지도 꾸준히 사용중인데 아직도 뜯김없이 탄탄하고, 재미있다고 해요 ♥ ・ Ayun 48m 📚MY FIRST BOOK NO.6 동화세계 ⠀ #두손놀이 #MYFIRSTBOOK #아기교구 #몬테소리⠀ #아기있는집⠀",47.0,3.0,50.0,4,Monday,Night,228,47,8,2,0,0,0.917060074385124,0.39874906892524625,0.0,1.0,Carousel
2013462634830468042,2463208721,2019-04-02 22:17:51+00:00,Spring on the cleaning with #freeshipping on all periodontal instruments using code SPRINGFREE 🌷 • • • • • #dentist #dental #dentalassistant #dentalphotography #dentallife #surgery #dentalhygienist #dentalstudent #dentalschool #dentista #dentistry #dentistrylife #oralsurgery #dentalsurgery #extraction #periodontics #periodontia #endodontics #endodontia #prosthodontics #orthodontics #invisalign #veneers #cosmeticdentistry #restorativedentistry #hygiene #odontologia #teeth #dentalcare,46.0,2.0,48.0,22,Tuesday,Evening,487,48,30,0,0,0,-0.4344452574044169,0.900698239322588,0.7818314824680298,0.6234898018587336,Image
3732063063655705460,8238928468,2025-09-29 03:30:08+00:00,"A huge congratulations to Open Polytechnic ākonga (learner) Emily Morris, who has won a $100 grocery voucher thanks to @pathwaysawarua. Emily, who is studying towards a NZ Certificate in Computing (Foundation User) (Level 2), entered the competition by completing literacy and numeracy tasks on the Pathways Awarua learning website. Pathways Awarua is an external provider funded by the Tertiary Education Commission (TEC) that offers a digital platform to enhance ākonga (learner) literacy and numeracy skills. “I’m very happy and excited,” Emily says. “It’s a free way to improve my numeracy and literacy processes.” Open Polytechnic introduced it last year as an additional free resource to support literacy and numeracy development in our Level 2 IT courses, along with the option of individual support from one of our student mentors. Emily is studying IT as she looks to improve her computer knowledge and skills. “Everything is about computers now, so being involved and understanding about IT gives me confidence and empowers me to shape my future life given the advances in technology that are happening,” Emily says. “It is useful and practical in a modern world as it offers valuable skills, career stability and the ability to innovate” While she is currently working as a sewing machinist in Christchurch, Emily is hoping to change careers one day and become an IT professional in technical support or networking. “Having different types of job options both physical and computer type jobs is better than doing just doing a physical job,” she says. Learning flexibly online is “really good” in Emily’s situation, as she wants to keep earning money by working while learning. “I just can't thank Open Polytechnic enough, for letting me study as an adult learner, and giving me optional tools to look up and understand how to keep me growing in my study that will really help me in the future.” To find out more about IT programmes go to our website (link in bio). #openpolytechnic #pathwaysawarua",4.0,0.0,4.0,3,Monday,Night,2008,326,2,1,0,0,0.7933533402912352,0.6087614290087207,0.0,1.0,Image
3568066089207043987,3737302701,2025-02-14 20:57:54+00:00,"No pré-carnaval de Goiânia, marcado para 22 de fevereiro, o governo assumirá a estrutura da “pipoca” (evento gratuito) e montará o circuito Folia Goiás na Avenida 85, em parceria com o Sesc-GO. A programação inclui Chiclete com Banana, Maíra e Heróis de Botequim, além de 15 blocos, com shows de Durval e Biquini Cavadão.",24.0,1.0,25.0,20,Friday,Evening,321,54,0,0,0,0,-0.7163019434246545,0.69779045984168,-0.433883739117558,-0.9009688679024191,Reel
3760435230688795139,5425225096,2025-11-07 07:00:00+00:00,"Tania Head became a well-known figure after claiming to be a survivor of the September 11 attacks at the World Trade Center. She said she had escaped from the South Tower and lost her fiancé in the tragedy, gaining sympathy and admiration worldwide. Head joined the World Trade Center Survivors’ Network, eventually becoming its president and representing survivors in public events. However, in 2007, investigations revealed her entire story was fabricated—she wasn’t even in the U.S. during the attacks, exposing one of the most shocking hoaxes linked to 9/11.",7372.0,278.0,7650.0,7,Friday,Morning,562,89,0,0,0,0,0.9659258262890683,-0.25881904510252063,-0.433883739117558,-0.9009688679024191,Image
3562117641850477472,2124728260,2025-02-06 15:59:05+00:00,Who is EXCITED about the new #AltenewPetalPalette 🎨 @altenewllc #altenew #paintpalette #AltenewSneakPeek #unboxingreels,79.0,7.0,86.0,15,Thursday,Afternoon,119,13,5,1,0,0,-0.8638355052043956,-0.5037739770455264,0.43388373911755823,-0.900968867902419,Video
3439000065088383359,981869693,2024-08-20 19:06:16+00:00,#walkinnature #walkies #walkingwithdog #walkingwithmydog #wandelenmetdehond #wandelenmetjehond #weekend #weekendvibes #holland #nederland #wandelenindenatuur #wanderlust #zomer #walkingaround #landschap #landscape #view #natuur #fotografie #wandelen #photooftheday #outside #buitenleven #nature #zuidlimburg,1.0,0.0,1.0,19,Tuesday,Evening,307,25,25,0,0,0,-0.9588197348681929,0.28401534470392314,0.7818314824680298,0.6234898018587336,Image
3665103393318135066,7527428562,2025-06-28 18:13:13+00:00,"[SELAMAT] “Dirty Work” oleh AESPA memulai debutnya dengan 2.396.906 streaming di Spotify Counter yang menjadikannya debut terbesar untuk grup K-Pop pada tahun 2025. 1. #aespa, Dirty Work — 2,396,906 🆕 2. #ENHYPEN, Bad Desire (With or Without You) — 2,206,770 3. #TXT, Love Language — 2,031,864 4. #LESSERAFIM, HOT — 1,975,287 5. #StrayKids, ESCAPE (Bang Chan & Hyunjin) — 1,519,146 ➖➖➖➖➖➖➖➖➖➖➖➖➖➖ Source: X - AboutMusicYT Follow: @seputaraespa @seputar.aespa - fish 🐟",3690.0,34.0,3724.0,18,Saturday,Evening,467,71,10,2,0,0,-0.9983916705573488,0.056692787563377346,-0.9749279121818236,-0.2225209339563146,Carousel
3658563206441293055,14896856874,2025-06-19 17:39:02+00:00,"Today, on Juneteenth, we commemorate the day in 1865 when the last enslaved African Americans in Texas were declared free—two and a half years after the Emancipation Proclamation. It is a day of truth-telling and remembrance. Archbishop Iakovos, who famously marched alongside Rev. Dr. Martin Luther King Jr. in Selma, once reflected: “I came to the United States because I chose to be in a country where I would not be a second-class citizen. Yet I soon discovered that there were citizens borne into this land who were treated as less than equal.” His witness reminds us that faith without justice is a contradiction, and that silence in the face of inequality is not an option for those who follow Christ. As we remember the journey from slavery to emancipation, from exclusion to dignity, we must turn again to the Gospel’s call: “The Spirit of the Lord is upon Me... to proclaim liberty to the captives and recovery of sight to the blind, to set at liberty those who are oppressed” (Luke 4:18). Juneteenth is not merely about the past—it is a call to live in truth, and to build a more righteous society, one where the image of God is honored in every human being.",1335.0,5.0,1340.0,17,Thursday,Afternoon,1169,206,0,0,0,0,-0.9958049275746617,-0.09150161866340308,0.43388373911755823,-0.900968867902419,Image
3648314019893066825,2163995574,2025-06-05 14:15:44+00:00,"Selamat Hari Raya Idul Adha 1446 H 🐏🕌 Gema takbir berkumandang, sambut Hari Raya Idul Adha dengan keimanan. Semoga Allah Ta'ala memberikan rahmat-Nya di hari yang penuh kebahagiaan ini dan semoga ibadah kurbanmu menjadi jembatan untuk menghapuskan segala dosa dan menambahkan pahala. Selamat Idul Adha untuk teman-temanku semua 😊🙏. *****=*****=*****=*****=*****=***** -- PEMPEK ASTARINA -- ✨ Rasonyo Lemak Nian✨ Terbuat dari 100% Ikan Tenggiri Asli 🏠 Jl. Rambutan No.2 (Samping Bebek Goreng Haji Slamet) #HampersLebaran #Lebaran2025 #HadiahIstimewa #KebahagiaanLebaran #pempekastarina #hamperspempekastarina #pempekpekanbaru #pempekpku #pempekpalembangpku #pempekfrozen #pempekfrozenpekanbaru",5.0,0.0,5.0,14,Thursday,Afternoon,692,84,11,0,0,0,-0.555570233019602,-0.8314696123025455,0.43388373911755823,-0.900968867902419,Image
3640537867634962668,1645028078,2025-05-25 20:45:54+00:00,Futebol arte,19737.0,60.0,19797.0,20,Sunday,Evening,12,2,0,0,0,0,-0.7518398074789772,0.6593458151000691,-0.7818314824680299,0.6234898018587334,Image
3047501171052875924,4526025,2023-02-27 15:07:51+00:00,"Head on with the photographer! after a QRA mission above Poland. Sharing = 👍🏻, but please add 📸@CristianSchrik | #aviation #defensie #pilotstuff #photooftheday #aviationgeek #aviationphotography #aviationlovers #aviationdaily #pilot #pilotlife #instadaily #ilovemyjob #comcam #f35 #f35lightningii #fighterjet #luchtmacht #airforce #nato #wearenato #jsf #natoairpolicing #poland #malbork #5thgen #stealth",511.0,3.0,514.0,15,Monday,Afternoon,403,45,26,1,1,0,-0.7283709698824,-0.6851829903263593,0.0,1.0,Image
3622750422326572226,414010327,2025-05-01 07:45:25+00:00,"TEAM SELECTION - SANFL Round 5 Men’s League shooting for 4th straight win, taking on Port Adelaide on Saturday, whilst our Reserves are out to maintain unbeaten run, coming up against Norwood on Friday night. Reserves - Friday May 2nd 7:00pm, Maughan Thiem KIA Oval League - Saturday May 3rd 12:00pm, Maughan Thiem KIA Oval (Gates open 10:45am, Oval Ave only) Team Lineups 👉 swipe across #EaglesWWTFC #TogetherWeFly #OneClubOneCulture",240.0,0.0,240.0,7,Thursday,Morning,434,69,3,0,0,0,0.8968727415326884,-0.44228869021900113,0.43388373911755823,-0.900968867902419,Carousel
2879385833676672133,378294665,2022-07-10 16:13:25+00:00,"New Arrival Search: LEON $29.99 Category: NEW Tap to buy Shop at www.iamqueencouture.com Shop Now Pay Later with AfterPay Shop at www.iamqueencouture.com Free Shipping on orders over $100 . Model (5'4” without heels) modeling, size descriptions Available online. ............................................... U.S. Shipping 2-5 Business Days We Ship Worldwide May return within 3 Business Days of receiving for STORE CREDIT ONLY Please read full policy online first. (561) 889-2924 ................................................. #iamqueencouture #celebrityfashion #clothing #shoes #accessories #women #ootd #girl #style #makeup #beyonce #dress #plussize #bbw #student #beautiful #beauty #fashion #trending #music #boutique",30.0,0.0,30.0,16,Sunday,Afternoon,726,89,21,0,0,0,-0.8929789434111368,-0.4500984410374354,-0.7818314824680299,0.6234898018587334,Reel
3712120322876405579,3036052091,2025-09-01 15:07:28+00:00,"AVENTURE-SE !!️ Viva esse momento de pura energia e conexão 💚🥾🍃⛰ 💦🤩 . TRILHA E RAPPEL NA CACHOEIRA DA TIRIRICA . 📅 Data: 28 de setembro de 2025 – Domingo 🌁 Origem: Salvador - BA (Shopping Sumaré) ⏰ Saída: 06:00h ⏳ Duração: Bate e Volta (01 Dia) 🧗‍♂️ Grau de Dificuldade da Trilha: Fácil 🧗‍♀️ Grau de Dificuldade do Rappel: Fácil 📍Local: Monumento Natural Cânions do Subaé - BA . 💰 Sobre Valores: . 💵: R$ 285 por pessoa (Cartão) 🚀: R$ 275 por pessoa (PIX) . ✔️INCLUSO: . ✅ Rappel em Cachoeira ✅ Trilhas Ecológicas ✅ Equipamentos de Aventura ✅ Translado em Van Executiva ✅ Cobertura Fotográfica ✅ Seguro Aventura ✅ Guia Local . . 🧗‍♂️ As nossas atividades de aventura deste roteiro são voltadas para iniciantes 🙋‍♂️🙋‍♀️ e não é necessário que o participante já saiba praticar o Rappel! . . 📃 BREVE DESCRIÇÃO DA AVENTURA: . O Monumento Natural dos Cânions do Subaé é uma unidade de conservação 🌳 que se localiza no recôncavo baiano, na zona rural do município de Santo Amaro-BA. A região conta com inúmeras cachoeiras 💦 propícias a prática do Rappel 🧗. . O Monumento Natural dos Cânions do Subaé fica a apenas 🚌 01:45h de Salvador, a área é composta por uma bela floresta de árvores nativas da Mata Atlântica 🍃, onde a sinfonia predominante é a cantoria dos pássaros 🐦 e o som das cachoeiras 💦. . O guia 👨‍🌾 mais famoso do recôncavo, o Matias Lobo 🐺 , nos recebe em seu pequeno sítio, garantindo a segurança no ambiente natural 🌳! . Então, se interessou? Solicite um PDF 📃 com informações detalhadas com valores no Link do Perfil que direciona para o nosso WhatsApp. . . . #canionismo #canyoning #cascading #rapel #barranquismo #rappel #rappelling #torrentismo #canionsdosubae #canyonsdobrasil #canyons #monumetonatural #unidadesdeconservacao #santoamaro #bahia #brasil #rappeladventures",189.0,8.0,197.0,15,Monday,Afternoon,1784,304,17,0,4,1,-0.7283709698824,-0.6851829903263593,0.0,1.0,Carousel
3598183552112210538,199677552,2025-03-28 10:15:26+00:00,@voguegakuen_tokyo 金曜日クラスのレッスン 暖かい予報に @merci_fabric コラボ #前後で着られる ブラウス と#365日の大人服 掲載のサロペット でレッスンへ向かいました! バッグは肩掛け2個使い。 @kodastyle.official さんのと @magazinelee #付録 #ヨシタケシンスケ さんのトート!可愛い😍 今日はリバティ率が高く 3名がコラボのワンピ😊 1名がブラウスの襟付きでした! @mayme.lesson コラボのパターンは @merci_fabric @acorn.works @tukulutokurasu のみでのお取り扱いです。 駅から学園に向かって歩いていると... 可愛いコーデ!あれ?あのコートは! #大人の定番服 掲載の❣️ 生徒さんでした😊 みなさん選ぶ生地、コーディネート それぞれ素敵でわたしも参考にさせてもらったり😁 来月も楽しくレッスンしましょ🪡🧵 来月はGW直前です😳 @voguegakuen_nagoya は 現在4月期生募集中です #ソーイングレッスン #ヴォーグ学園 #ヴォーグ学園東京校 #ミシンが好き #ミシンソーイング,177.0,0.0,177.0,10,Friday,Morning,512,43,10,9,5,1,0.4422886902190017,-0.8968727415326881,-0.433883739117558,-0.9009688679024191,Carousel
3666928516365398464,49853011415,2025-07-01 06:40:47+00:00,خسرو معتضد، تاریخ‌نگار جمهوری اسلامی: ساختمان شیشه‌ای صدا و‌سیما مثل تخت جمشید است که به آتش کشیده شد، اما نابود نشد #خسرو_معتضد #صدا_و_سیما #تخت_جمشید #اخبار #اطلاعات #اجتماعی #هنری #فرهنگی #خان_سینما ‏@khaanecinemaa,336.0,55.0,391.0,6,Tuesday,Morning,217,31,9,1,0,0,0.984807753012208,-0.1736481776669303,0.7818314824680298,0.6234898018587336,Reel
3645754374060299995,2930925311,2025-06-02 01:30:10+00:00,"En Suba seguimos cuidando nuestra ciudad. Este lunes 02 de junio realizaremos jornadas de recolección de residuos de construcción y demolición y/o voluminosos. Puedes traer sin costo escombros, madera, muebles, tejas plásticas y colchones. ¡Recuerda! La jornada de Ecopuntos se da por terminada cuando la caja alcanza su capacidad máxima.",10.0,1.0,11.0,1,Monday,Night,338,50,0,0,1,0,0.3826834323650898,0.9238795325112867,0.0,1.0,Image
3459036664778168963,64973448892,2024-09-17 10:35:25+00:00,"Care to join me? I would much value your company, besides what’s greater than sharing an intimate bath~ ̊ʚ♡ɞ ̊ ・・・・・・・・ ┆✦ʚ ♡ ɞ✦ ┆ ・・・・・・・・ Art by: https://www.pixiv.net/en/users/21315210 ・・・・・・・・ ┆✦ʚ ♡ ɞ✦ ┆ ・・・・・・・・ Tags: #leagueoflegends #wildrift #ahri #ahricosplay #ahrifanart #leagueoflegendsfanart #leagueoflegendsbrasil #roleplay #anime #manga #riotgames #heartsteel #kda #pentakill #akali #kayn #ezreal #lux #seraphine #yasuo #yone #ksante #apehlios #arcane #jinx #tft #evelynn #kaisa #waifu #milkers",118.0,17.0,135.0,10,Tuesday,Morning,508,66,30,0,0,1,0.36243803828370136,-0.9320078692827987,0.7818314824680298,0.6234898018587336,Image
3661935528232657122,2811015113,2025-06-24 09:19:14+00:00,"🙌 Around 600 volunteers helped bring EYE2025 to life, and half of them were student volunteers, offering their time, energy, and passion to support participants during the event! 🫂 From guiding participants through the EYE Village, to giving directions inside the Parliament, assisting those in need and answering countless questions... you were EVERYWHERE, making sure everything ran smoothly! 🙏 Thank you, EYE volunteers! 📷 @rockstarphotographers",759.0,22.0,781.0,9,Tuesday,Morning,448,65,0,1,3,0,0.6461239796429641,-0.7632324697825286,0.7818314824680298,0.6234898018587336,Image
3644637115443701692,55121339047,2025-05-31 12:30:22+00:00,"What better reminder for Gemini season? This zodiac moment is ruled by Mercury—planet of communication, thoughts, and expression. Which means: the words you say (and the ones you believe) matter more than ever. Gemini season invites you to revise the old scripts, rewrite the self-talk, and start a new chapter—one that actually sounds like you. Plot twist: You’re not just the main character. You’re the writer, too. ✍️ Pull a card, grab a pen, and ask yourself: If I were the author of my own story... what would I write next? #TheLABWellness #OraclePull #GeminiSeasonVibes #RewriteYourStory #IntuitiveLiving #MindfulMagic #MercuryMoments #ElevateMindfully #AstrologyWithSoul #EnergyShift",117.0,0.0,117.0,12,Saturday,Afternoon,690,101,10,0,0,2,-0.13052619222005177,-0.9914448613738104,-0.9749279121818236,-0.2225209339563146,Image
3764930561472002024,3482520309,2025-11-13 11:51:59+00:00,"Great day at our Eldoret office as we welcomed Joyce Njihia, In-Country Representative – Africa from Flinders University! She spent time with our team sharing valuable updates about Flinders and strengthening our partnership. We truly appreciate the continued support from Flinders University as we work together to guide students toward a world-class education in Australia. #studyabroad #studyinaustralia",9.0,0.0,9.0,11,Thursday,Morning,406,57,2,0,1,0,0.03925981575906895,-0.9992290362407229,0.43388373911755823,-0.900968867902419,Image
3608893626725186532,2258375603,2025-04-12 04:54:27+00:00,"@grimuar 😎 Распродажа солнцезащитных очков и головных уборов в ,Гримуаре,продолжается!!!! Более 5000 моделей модных солнцезащитных очков!!!! Большое поступление летних шляп,кепи,бейсболки для всей семьи 🔆. Наш адрес: - Муканова 53 Тд Семейный бутик 40а,этаж 2. Гримуар.Гримуар. Гримуар.",20.0,0.0,20.0,4,Saturday,Night,286,36,0,1,8,0,0.958819734868193,0.28401534470392253,-0.9749279121818236,-0.2225209339563146,Carousel
3622148885379739014,372756998,2025-04-30 11:50:17+00:00,تمديد فترة التسجيل حتى تاريخ 8/5/2025 .,9.0,0.0,9.0,11,Wednesday,Morning,39,7,0,0,0,0,0.043619387365335625,-0.9990482215818578,0.9749279121818236,-0.22252093395631434,Carousel
2948003555944363394,1466450278,2022-10-13 08:23:51+00:00,No sweat. No beauty. No squat. No booty. 😂😂😂,20683.0,117.0,20800.0,8,Thursday,Morning,44,9,0,0,0,0,0.8115739819650124,-0.5842496656374342,0.43388373911755823,-0.900968867902419,Image
3485058923084691554,1394847705,2024-10-23 08:17:01+00:00,#JohnTravolta and daughter Ella Bleu at the 2024 Academy Museum Gala. 💜,1301.0,13.0,1314.0,8,Wednesday,Morning,71,12,1,0,0,0,0.8265897491271889,-0.5628049276950682,0.9749279121818236,-0.22252093395631434,Carousel
3583266017750339284,23473573279,2025-03-07 20:16:57+00:00,Looks exclusivos da nova coleção! Venha aproveitar as condições especiais e garantir peças lindas para sua filha. #uberaba #lojaemuberaba #modainfantil,13.0,0.0,13.0,20,Friday,Evening,151,20,3,0,1,0,-0.8290375725550421,0.5591929034707462,-0.433883739117558,-0.9009688679024191,Image
3288163677021470613,60794092819,2024-01-25 16:21:17+00:00,"We go again - RUN4GAZA will have a global day of action on 4th Feb as we aim to get 1000+ runners active in protest across the world, to call for a ceasefire and raise funds for the victims of the genocide. This time we have our first run in Berkeley - it’s a 10am meet at Bartavelle Cafe on San Pablo and Cedar, and the finishing point will be at Heyma Yemeni Cafe on San Pablo and University. it’s a short social run or walk of approx 4-5km for all experience levels - the aim will be for the distance to be 4.1km to mirror the 41km length of the Gaza Strip. please DM here or @iwannarunwithsomebodyrunclub to join or ask any questions #ceasefirenow🇵🇸 (apologies for repost, the run is in Berkeley NOT Oakland)",397.0,14.0,411.0,16,Thursday,Afternoon,712,135,2,1,0,0,-0.9081431738250814,-0.418659737537428,0.43388373911755823,-0.900968867902419,Image
3430050430694857354,12373768613,2024-08-08 10:44:56+00:00,"বৈষম্য বিরোধী ছাত্র আন্দোলন ইউসেট কর্তৃক পরিষ্কার-পরিচ্ছন্ন কর্মসূচি সবুজে ঘেরা সোনার ফসল, ঝলমলানো নীল আকাশ, কাদামাটি, নদীর স্বচ্ছ পানি, সহজ সরল নিরহংকারী কৃষক ও মাঝি, আগুন রাঙা সূর্য, পূর্নিমা রাতের চাঁদের আলোয়, পাখির কলতানে ভরা, লতাপাতার নিবিড়তায় ঘেরা, এবং বনভূমির ছায়ায় ঘেরা এই বাংলার মতো আমাদের এই মনুষ্য হৃদয়কে সবুজ, সহজ, নদীর ওই স্বচ্ছ পানি, নিরহংকারী কৃষক আর মাঝি, এবং কাদামাটির ন্যায় গড়ে তুলতে হবে। ঝলমলে ওই নীল আকাশের বিশালতার মতোই বিশাল বা উদার করে তুলতে হবে আমাদের এই মানব হৃদয়। তবেই আমাদের এই মনুষ্য হৃদয় পূর্নিমার চন্দ্রের আলোর ন্যায় আলোকিত হবে একদিন। তবেই এই বাংলা আর বাংলার মানুষের, সাধারণ শিক্ষার্থীদের প্রকৃত অর্থে স্বাধীন এবং বিজয় হবে একদিন। আর আমি বা আমারা এবং সাধারণ ছাত্রছাত্রীরা সেই প্রচেষ্টাতেই আছি এবং এই প্রচেষ্টা জারি রেখে একদিন নিশ্চিত স্বাধীনতা এবং বিজয় অর্জন করবো ইনশাআল্লাহ। সত্যের কাছে নত হয়ে, বিশ্ব ও জাতির কাছে উন্নত হবো মোরা আত্মা আর বিবেককে জাগ্রত করে জ্ঞানের আলোয়, দেশকে আলোকিত করবো এই আমরা। স্রষ্টার নিকট এই কামনাই করছি, এবং আমাদের নিজেদের প্রতি নিজেরা এই প্রত্যাশাই রাখছি। _ #আলামিন _ ৮ আগস্ট ২০২৪। #bangladesh #bangladesh2024",0.0,0.0,0.0,10,Thursday,Morning,1079,175,4,0,0,0,0.32556815445715703,-0.9455185755993167,0.43388373911755823,-0.900968867902419,Carousel
3604291318853335945,364789590,2025-04-05 20:30:29+00:00,@torincollins71 getting ready for race one in @motoamerica Supersport,44.0,0.0,44.0,20,Saturday,Evening,69,9,0,2,0,0,-0.7933533402912357,0.6087614290087199,-0.9749279121818236,-0.2225209339563146,Image
3419657947678113384,54344054841,2024-07-25 02:36:56+00:00,I bought Little Armory guns just to take pictures with Shishiro Botan. #nendoroid #nendoroidadventure #nendography #nendo #gscfiguresirl #gsc #outdoors #kawaii #toy #anime #hololivegirls #hololive5thgen #hololive #hololiveshishirobotan #shishirobotan #bestgirl #sunset,21.0,0.0,21.0,2,Thursday,Night,268,29,17,0,0,0,0.6293203910498374,0.7771459614569709,0.43388373911755823,-0.900968867902419,Image
3673546240950246111,57014126773,2025-07-10 09:47:39+00:00,AROMATICA ♡ローズマリールートエンハンサー 100ml ♡ローズマリースカルプ スクラブ 165g 新常識!?頭皮だってエイジングケア*🌿 健康的な頭皮と美しく丈夫な髪の毛を育みたい方におすすめなAROMATICAのベストセラー2種セット✨ 毎日暑くてベタつきが気になる季節ですよね・・💦 ボディだけじゃなくて頭皮のケア、していますか?✨ 頭皮にだってエイジングケア*が大切💪 ベタつきやニオイが気になる方はぜひアロマティカの頭皮ケアアイテムチェックしてみてください♡ ♡ローズマリールートエンハンサー 100ml 頭皮へのストレスを緩和し、ハリのある毛根のための頭皮ケアヘアミスト✨ 水分をキープしながら自然で健康的な頭皮状態を作ってくれます🙆‍♀️ シリコンフリーで、毛穴詰まりが気になる方にもおすすめ。 頭皮に直接シュッとスプレーして使うヘアトニック。 オイル層と水分層に分かれているので、使用前によく振ってから使用します。 スプレーの先端を頭皮にぴったり密着させて何回かスプレー。 スペアミント配合でひんやりする感じが夏の時期に気持ちいい! 頭皮が温かい時に使用するとより効果的らしいので、私はお風呂上がり後、タオルドライした髪にスプレーしてから頭皮マッサージをして揉み込むんで使っています◎ 頭皮の匂いが気になる時や、ベタつきが気になる夏に使うのもおすすめ🙌 ♡ローズマリースカルプ スクラブ 165g アンデス湖のミネラルが豊富に含まれたプレミアムソルト(*1)でベタつきやにおいの気になる頭皮をすっきりと洗い、古い角質や毛穴の汚れをオフする頭皮用スクラブ✨毛根ケアで夏の頭皮汚れやニオイをすっきりとリセットしたい人におすすめ♡ 結構ザリザリなテクスチャーですが、お水を足すと柔らかくなって少し泡立ちます🫧 先細ノズルで頭皮に直接出せるのが便利! 私はプレシャンプーとして、シャンプー前に使って頭皮ケアをするのが好き♡ マッサージしていくうちに、頭皮がスースーして、きゅっとする感じ👀✨ 頭皮がスッキリするし、ローズマリーの香りでリフレッシュ! その後のシャンプーは泡立ちが良くなります🧴 汗や皮脂でベタつく季節や、抜け毛が気になる時におすすめ🙌 私はスペシャルケアとして週2回ほど使用しています。 顔だけでなく頭皮のエイジングケア*も大切なお手入れ! 気になる方はぜひチェックしてみてください♡ (*)年齢に応じたお手入れ (*1) 海塩(研磨・スクラブ剤) Check♡ @aromatica.jp #PR #aromatica #アロマティカ #メガポ #メガポおすすめ #ビーガン #頭皮ケア #スカルプケア #エイジングケア #アロマティカヘアケア #ヘアケア #ヘアケアアイテム #ローズマリー #トライアルキット #韓国スキンケア #韓国ヘアケア,83.0,0.0,83.0,9,Thursday,Morning,1191,58,16,1,5,2,0.5482932295199138,-0.8362861558477596,0.43388373911755823,-0.900968867902419,Carousel
3692389966509994419,2364108597,2025-08-05 09:46:46+00:00,Oh to be on holiday 😢,6088.0,104.0,6192.0,9,Tuesday,Morning,21,6,0,0,0,0,0.5519369853120579,-0.8338858220671683,0.7818314824680298,0.6234898018587336,Carousel
3432265633973137103,2756634555,2024-08-11 12:06:09+00:00,選擇什麼人在你身邊、 比什麼都重要!!️ 一巴菲特&芒格一,4.0,0.0,4.0,12,Sunday,Afternoon,29,3,0,0,2,0,-0.026176948307873177,-0.9996573249755573,-0.7818314824680299,0.6234898018587334,Image
3611441021814406497,1134998136,2025-04-15 17:15:42+00:00,"231 Brehl Avenue, Columbus, OH 43222 just hit the market! Take a look at this awesome space: https://crtrealtors.com/d8rd1ops",6.0,0.0,6.0,17,Tuesday,Afternoon,125,18,0,0,1,0,-0.9807852804032303,-0.19509032201612866,0.7818314824680298,0.6234898018587336,Carousel
3608497783876999815,30555363859,2025-04-11 15:47:58+00:00,Digite com fé: Eu tomo Posse! 🙏🙌❤️🕊️,4523.0,1216.0,5739.0,15,Friday,Afternoon,36,7,0,0,1,0,-0.8362861558477592,-0.5482932295199142,-0.433883739117558,-0.9009688679024191,Image
3374730951424856664,9234003006,2024-05-24 02:55:00+00:00,"🔥 Pre-Order 🔥 Tên: Stussy Hãng: A+ studio Tỷ lệ: wcf Kích thước: cao 8,6 cm Giá: 1.350.000 Thời gian giao hàng: Quý 4 năm 2024 Chất liệu:​​​​ pu Giới hạn: TBD Cấu hình: TBD Phụ kiện: TBD 💥Twitter - https://x.com/figure_world90/status/1716462596298272899?s=46 💥Telegram - https://t.me/+KG-hjTWz5-05YmY1 💥Page - https://www.facebook.com/profile.php?id=61557075145935 💥Shopee - https://shope.ee/1Az9VrnmyH ✨Hỗ trợ vận chuyển quốc tế. ✨Hỗ trợ bảo hành thiếu part, gẫy vỡ trong quá trình vận chuyển. ✨Hỗ trợ trả góp lãi suất 0% qua thẻ tín dụng. ----------------------------------------------- !!️ Figure World - uy tín đảm bảo - số 23 ngõ 218 đội cấn, ba đình, hà nội. !!️ Tư vấn 24/24 mọi thời gian, mọi địa điểm. !!️ Hotline-zalo-viber: 035.2833.992. #figure #world #anime #manga #onepiece #Stussy #A+ #studio",0.0,0.0,0.0,2,Friday,Night,807,121,9,0,6,2,0.6915130557822694,0.7223639620597556,-0.433883739117558,-0.9009688679024191,Carousel
3662682079280750768,3197185496,2025-06-25 10:02:30+00:00,"Serikali ya Sudan inayoungwa mkono na jeshi imeishutumu Kenya kwa kusambaza silaha kutoka Umoja wa Falme za Kiarabu kwa wapiganaji wa kundi la RSF linalopambana na jeshi. Wizara ya mambo ya nje ya Sudan imesema katika taarifa yake kuwa mwezi uliopita, jeshi liligundua katika maficho ya silaha za wanamgambo wa RSF mjini Khartoum, silaha na risasi zilizoonekana kuwa na maandishi kwamba zilitokea nchini Kenya. Tangu kuanza kwa mgogoro huo Aprili mwaka 2023, jeshi la Sudan linaloongozwa na Abdel Fattah al-Burhan na wanamgambo wa RSF chini ya uongozi wa Mohamed Hamdan Daglo wamekuwa wakishtumiana kupokea silaha kutoka kwa mataifa ya kigeni, kama Umoja wa Falme za kiarabu (UAE), Misri, Iran, Uturuki na Urusi. #UFMUpdates",104.0,1.0,105.0,10,Wednesday,Morning,724,113,1,0,0,0,0.49242356010346716,-0.8703556959398997,0.9749279121818236,-0.22252093395631434,Image
3661507840597749886,9059509056,2025-06-23 19:09:30+00:00,Salted popcorn 30g - 7 syns #restart #gettingmybodyback #selflove #selfcontrol #owningit #focus #swwexford #swireland #swinsta #swgoals #swfamily #swjourney #swjournal #swsupporters #swworks #swfoodblog #swsupport #swinstagram #swplanning #slimmingsupport #slimmingjourney #slimmingblog #slimmingworldfamily #weighinathome #weightlossjourney #weightlossgoals2025 #lifestylechanges #swfromhome,5.0,1.0,6.0,19,Monday,Evening,392,34,28,0,0,0,-0.955019944457187,0.2965415749755698,0.0,1.0,Image
1946130864677213491,9490767269,2018-12-31 00:41:39+00:00,"Wanna come up the bed, mom. ---Buchoy #dogsofinstagram #doglovers #dachshunds #dachshundsofinstagram #doxielovers #squee #funnypets #funnydogs #dogoftheday #doxie",13.0,0.0,13.0,0,Monday,Night,162,17,10,0,0,0,0.17794354547384175,0.9840406976462909,0.0,1.0,Image
3659796933850315046,5861632657,2025-06-21 10:30:14+00:00,Solly’s Corner honours the radio personalities... @sollyscornerlenasia @sollyscorner_robertsham @sollyscorner_norwood #sollyscorner #legendonabag #wherelegendseat👌✔️,2.0,0.0,2.0,10,Saturday,Morning,165,12,4,3,0,0,0.3826834323650899,-0.9238795325112867,-0.9749279121818236,-0.2225209339563146,Image
3193274128106595140,6845831374,2023-09-16 18:12:41+00:00,#judgement #judgemented #judgmented #lexeagle #hate #speech #MadrasHighCourt #MadrasHC #Constitution #sanatan #dharma #schools #untouchability #circular #free,4.0,0.0,4.0,18,Saturday,Evening,158,15,15,0,0,0,-0.9986295347545739,0.05233595624294306,-0.9749279121818236,-0.2225209339563146,Image
3717221648731763260,67474735911,2025-09-08 16:02:55+00:00,#cat #cats #cats_of_instagram #cats_of_world #catinstagram #pet #pets #funny #funnyvideos #kittens #kitty #pet #petlovers #catstagramcat #catscatscats #catloversworld #catoftheday #funnycats #cutecats #catmemes,11.0,1.0,12.0,16,Monday,Afternoon,210,20,19,0,0,0,-0.8703556959399,-0.49242356010346644,0.0,1.0,Image
3580902004114683457,30606288,2025-03-04 14:00:05+00:00,LEGO has officially revealed the next LEGO Disney castle set with the Beauty and the Beast Castle (43263). Read more about it in the bio link. #lego #legobuilds #disney #beautyandthebeast #castle #legonews #legophotography #legostagram #legogram #brickverse #brickcentral #brickculture #afol #instalego #toyphotography #toycrewbuddies #toycrewbuddieslego #toyrevolution #toy #toys #toyplanet #toystagram #toyartistry #justanothertoygroup #brickfan #thebrickfan #rlfm #reveal,225.0,3.0,228.0,14,Tuesday,Afternoon,474,54,28,0,0,0,-0.4999999999999997,-0.8660254037844388,0.7818314824680298,0.6234898018587336,Carousel
3565367370405394290,47523401972,2025-02-11 03:35:14+00:00,Any MBA grads to advice? #mpgretailer #mba #upskill,1130.0,27.0,1157.0,3,Tuesday,Night,51,8,3,0,0,1,0.8064446042674825,0.5913096483635825,0.7818314824680298,0.6234898018587336,Carousel
2684348193961016772,1434155983,2021-10-14 13:47:42+00:00,"Earlier this week, WVSOM President James W. Nemitz, Ph.D., provided a lecture to second-year students titled ""Demyelinating Case Study: The Caregiver Perspective."" In addition to discussing the importance of compassionate caregiving, and how the osteopathic principles of treating mind, body and spirit can play a part in that care, Nemitz also discussed his own family's experiences with medical professionals during his late wife's battle with multiple sclerosis. #wvsom #medschool #osteopathicmedicine",102.0,0.0,102.0,13,Thursday,Afternoon,504,70,3,0,0,0,-0.45009844103743474,-0.8929789434111371,0.43388373911755823,-0.900968867902419,Carousel
3229257113048738765,187249022,2023-11-05 09:44:27+00:00,a treat with love for my white wolf 🤍 @fuelpetsupplements chews are her favorite! #treatwithlove #fuel4pets #fuelpetsupplements #partner,6389.0,76.0,6465.0,9,Sunday,Morning,136,18,4,1,1,0,0.5591929034707469,-0.8290375725550416,-0.7818314824680299,0.6234898018587334,Carousel
3612626327606242315,519068276,2025-04-17 08:30:39+00:00,"Rolene Strauss lit up the room with grace and grit, reminding us that leadership starts from within. Own your legacy, one choice at a time. #MANCOSAECRBusinessBreakfast",105.0,3.0,108.0,8,Thursday,Morning,168,26,1,0,0,0,0.7933533402912352,-0.6087614290087207,0.43388373911755823,-0.900968867902419,Carousel
3648458946551186291,3138909895,2025-06-05 19:03:40+00:00,"Por eso muchas veces se regresa a la fantasía, a dónde está aquel, al reencuentro con el otro aunque sepamos que eso no da para más, pero es que justamente sirve para no ver el gran dilema servido en la mesa: No sabemos comenzar con nosotros mismos. Han quedado tantos agujeros que ocupaba el otro, han desaparecido tantas maneras de ser para alguien más, que pensar en lo propio resulta muchas veces agobiante. Paradójicamente es el camino que puede producir algo distinto. Empezar contigo justo allí en los lugares en los que de ti te olvidaste. Empezar contigo para existir más allá de lo que se perdió.",7647.0,37.0,7684.0,19,Thursday,Evening,606,107,0,0,0,0,-0.9624552364536472,0.2714404498650747,0.43388373911755823,-0.900968867902419,Image
3663096053860732359,74887525009,2025-06-25 23:44:59+00:00,Realçando a beleza que já existe! Pega esse olhar poderoso da Maria Eduarda. 😍💕 Foi um prazer produzir você... . . . . #maquiagem #make #makeupbrasil #olharpoderoso,74.0,5.0,79.0,23,Wednesday,Evening,164,27,4,0,1,0,-0.06975647374412476,0.9975640502598243,0.9749279121818236,-0.22252093395631434,Carousel
3625876905581915724,1736464812,2025-05-05 15:17:11+00:00,"¡Mamá se merece lo mejor, y en Copikon lo tenemos! 💖 Celebra el Mes de las Madres con nuestras increíbles promociones pensadas especialmente para ellas. Encuentra el regalo perfecto que combine tecnología y amor. ¡Visítanos y haz de este mes un homenaje inolvidable! #MesDeLasMadres #Copikon #RegaloParaMamá #Promociones",21.0,0.0,21.0,15,Monday,Afternoon,320,47,4,0,2,0,-0.7575649843840494,-0.6527597524627227,0.0,1.0,Image
2467895812378900245,14739527976,2020-12-19 22:15:58+00:00,Saturday Shenanigans 😝 . . . #dogsdoingthings #bernesemountaindog #goldenretriever #funnydogs #saturdaysarefortheboys #saturdayshenanigans,219.0,14.0,233.0,22,Saturday,Evening,138,12,6,0,0,0,-0.4422886902190014,0.8968727415326883,-0.9749279121818236,-0.2225209339563146,Video
3635024067657170351,1166559105,2025-05-18 06:10:44+00:00,"TÜİK raporuna göre, Türkiye’de her 4 gençten 1’i ne okuyor ne çalışıyor. #Gençlik #İşsizlik #Eğitim #TÜİK #SosyalSorunlar #Ümitsizlik #GençlikSorunları #Türkiye #Gelecek #İşVeEğitim",23.0,0.0,23.0,6,Sunday,Morning,181,22,10,0,0,0,0.9990482215818578,-0.04361938736533589,-0.7818314824680299,0.6234898018587334,Image
3463467885919959910,30314561774,2024-09-23 13:19:27+00:00,"Never stand still, that's the motto!!! 😎🌟🔥🐺😤 Shout out to these two talented fashion models.🌟😎🔥👊💢 @dianacoman14 @anna_bebe_18 Stay shining 🌟 😎 📸 @maysss_world_ Exotic car theme shoot With my partner @maysss_world_ 👊💢💪😎 CAR : @b3nny.b 😎🙏 #model #fashion #photography #love #style #instagood #photooftheday #beauty #instagram #beautiful #like #follow #photo #art #photoshoot #picoftheday #modeling #portrait #newyork #girl #photographer #happy #smile #likeforlikes #me #myself #makeup #bhfyp",30.0,0.0,30.0,13,Monday,Afternoon,489,64,28,5,3,0,-0.3379167180033272,-0.9411760152563705,0.0,1.0,Image
3654182122407705420,1202584192,2025-06-13 16:34:36+00:00,"✨ Seu ambiente, sua energia. Com 3R Essências, cada espaço ganha vida, perfume e personalidade. Escolha seu aroma e transforme o seu dia com um simples borrifada! 🏡",28.0,1.0,29.0,16,Friday,Afternoon,164,28,0,0,1,0,-0.9304175679820242,-0.366501226724298,-0.433883739117558,-0.9009688679024191,Image
3596902390603095873,336090766,2025-03-26 15:50:00+00:00,"The smell of suncreen, falling sleep on a boat while it’s rocking you, salty skin, the feeling of water in your ear, being sunburnt so bad it hurts when your clothes touch your skin, pink and orange cumulonimbus clouds lighting up a sunset sky, ripe mangoes, lush green everywhere. I had always wondered why visiting tropical climates like Tahiti and Hawaii felt so insanely familiar to me, as if I was home but thousands of miles away.. turns outs, it’s simply because I was home. The mountains and desert sure do intrigue me, but the ocean will forever be home. Leaving Florida with a heart that’s overflowed to say the least <3",764.0,24.0,788.0,15,Wednesday,Afternoon,630,112,0,0,0,0,-0.8433914458128859,-0.5372996083468234,0.9749279121818236,-0.22252093395631434,Carousel
3400573911639571942,2269613482,2024-06-28 18:40:25+00:00,,28.0,1.0,29.0,18,Friday,Evening,0,0,0,0,0,0,-0.984807753012208,0.17364817766693083,-0.433883739117558,-0.9009688679024191,Video
3657880194947915418,7491232921,2025-06-18 19:02:01+00:00,"Durante uma live nesta terça-feira (17), o rapper Oruam falou que o pai, Márcio dos Santos Nepomuceno, o Marcinho VP, pode ser solto em breve. O pai do artista é apontado como um dos líderes de uma facção de origem carioca e está preso desde 1996. “Quando meu pai vai ser solto? Em breve, tropa! Meu pai já não deve mais nada, mas a instituição não solta ele. Parece que a mídia fica colocando ele como ‘vilãozão’ para sempre, mas meu pai mesmo já não deve mais nada. Ele pagou tudo”, afirmou Oruam na transmissão. 🌐 👉 Clique no link da bio e confira a matéria completa. 📸 Reprodução #GCMAIS #AcesseConteúdo #CompartilheInformação",602.0,31.0,633.0,19,Wednesday,Evening,630,112,3,0,1,1,-0.9636304532086231,0.26723837607825673,0.9749279121818236,-0.22252093395631434,Image
3729156337767149051,1418270266,2025-09-25 03:14:59+00:00,24/09/25 congratulation to oun keo for graduation high school at Canberra grammar school 🎉🎉🎉,824.0,61.0,885.0,3,Thursday,Night,92,14,0,0,0,0,0.7489557207890022,0.6626200482157374,0.43388373911755823,-0.900968867902419,Carousel
3658407632106318196,1344472141,2025-06-19 12:29:56+00:00,❌❌sold❌❌,1.0,2.0,3.0,12,Thursday,Afternoon,8,1,0,0,0,0,-0.12619896913582931,-0.9920049496797151,0.43388373911755823,-0.900968867902419,Carousel
3405727392491821900,2241123042,2024-07-05 21:19:24+00:00,Vieux-Québec 🇨🇦 #photooftheday #quebecenphotos #quebecity #quebecphoto #quebec #québécité #québeccity #quebecmaville #quebecregion #quebeclife #quebec_travelers #quebec_travelers #quebecshot #québec #quebeccanada #quebecphotography #quebecoriginal #canadatravel #canada #canada🇨🇦 #canadaphotography #canadaphoto #travelcanada #travelphotography #travelphoto #travelquebec #visitquebec #visitcanada #umbrella #umbrellas,16.0,0.0,16.0,21,Friday,Evening,418,32,29,0,0,0,-0.6461239796429639,0.7632324697825288,-0.433883739117558,-0.9009688679024191,Image
3635266837494685328,1726141555,2025-05-18 14:13:18+00:00,New collection 🔻غطاء خفيف مضرب . نفرين كنج سايز يتكون من 6 قطع . تلبيس مخاد 4 شرشف سير 200 / 200 ديباج خفيف كنج سايز 240 / 260 . السعر 20 دينار . نفرونص او نفرواحد يتكون من 4 قطع . السعر 17 دينار . توصيل لجميع مناطق الكويت 🇰🇼 . ‌‌ للطلب او الاستفسار 🔻 واتساب 96913412 ،، ‏#new #ألجهراء#ديباجات #ديباجات_الكويت #كفرات #مفارش #معاريس #أكسبلور #جديد #تنزيلات #السالمية_حولي #الفرودوس #بيان #اليرموك #صباح_السالم #صباح_الناصر #مفروشات #ماترس_طبي#افكاري,0.0,0.0,0.0,14,Sunday,Afternoon,448,77,19,0,0,0,-0.548293229519914,-0.8362861558477594,-0.7818314824680299,0.6234898018587334,Image
3464764709636849252,1827564336,2024-09-25 08:16:01+00:00,🍂نزوح #acrylicpainting #art #artgallery #decore #palestine #lebanon,32.0,3.0,35.0,8,Wednesday,Morning,67,7,6,0,0,0,0.8290375725550417,-0.5591929034707467,0.9749279121818236,-0.22252093395631434,Carousel
3625724081766136922,184666985,2025-05-05 10:13:34+00:00,หืมมมม ห่ามึงเอ้ยยยยย,9.0,1.0,10.0,10,Monday,Morning,21,2,0,0,0,0,0.45009844103743496,-0.892978943411137,0.0,1.0,Image
3728666296905185851,7643440448,2025-09-24 11:01:22+00:00,"Birthdays = more cheese, more cake 🎉🧀🍰 Here’s the treat: → Enjoy a FREE sliced or short cake with a min. $10 spend 🎂 → Plus, earn 1.5x Baguettes on your first transaction during your birthday month 🎁 Because birthdays deserve cake and perks 👉 Join PB Rewards today (link in bio)! #PBRewards #ParisBaguetteSG",32.0,1.0,33.0,11,Wednesday,Morning,307,54,2,0,1,0,0.2546019482055273,-0.9670459389139432,0.9749279121818236,-0.22252093395631434,Image
3375560249385009012,32015091797,2024-05-25 06:22:40+00:00,台灣現貨💛17.6w Chanel 23s cf20 櫻花粉金扣 美炸啦! 訂金後可面交驗貨 保真正品 歡迎送驗 (會附購證) #chanelshoes #chanelwoc #chanelboy #chanel代購 #chanelcoco #chanel2.55 #chanel方胖子 #chanelclassic #chanelmini #香奈兒 #香奈兒金球 #香奈兒代購 #香奈兒耳環 #香奈兒包包 #香奈兒皮夾 #香奈兒零錢包 #香奈兒卡包 #香奈兒流浪包 #香奈兒19 #香奈兒鏈條包 #香奈兒短夾 #香奈兒錢包 #香奈兒woc #香奈兒沙灘包#香奈兒相機包 #香奈兒長夾#chanelvanity #chanelvanitybag #chanel櫻花粉,0.0,0.0,0.0,6,Saturday,Morning,333,37,30,0,1,0,0.9953961983671789,-0.09584575252022395,-0.9749279121818236,-0.2225209339563146,Image
2980981023915880264,43550192,2022-11-27 20:24:11+00:00,"┃Sopar i al llit, que demà toca matinar. Bona nit a tothom!┃ ▪️ ▪️ #coffeebeans #coffeetime #onmytable #nothingisordinary #seekthesimplicity #flatlay #handsinframe #coffeebreak #coffeegram #tastespotting #stilllife #vscocoffee #coffeeholic #cupsinframe #tv_living #tablesituation #BaristaLife #onthetableproject #coffeelife #stilllifegallery #thekitchn #coffeeshopsoftheworld #lifeandthyme #focalmarked #coffeelover",7.0,0.0,7.0,20,Sunday,Evening,415,39,25,0,1,0,-0.8090169943749481,0.5877852522924722,-0.7818314824680299,0.6234898018587334,Image
3707060396055630326,302124764,2025-08-25 15:34:17+00:00,و الأصوات الي حوالي كمان .... #عربي #اقتباسات #اكسبلور,10122.0,46.0,10168.0,15,Monday,Afternoon,54,9,3,0,0,0,-0.8038568606172171,-0.5948227867513417,0.0,1.0,Image
1733523600761086000,2497420799,2018-03-12 16:28:58+00:00,The cutters lullaby #suicidal #dead #cuts #cutting #scars #depressed #depression #depressed #selfharmmm #justkillmenow #whyamistillhere #forgetme #letmedie #killmyself #killmenow #iwanttodie #wannadie #alone #gone #whycantijustdie #brokenheart #secretsociety #secret_society123 #secretsociety123 #imsorry #selfhate #hate #broken #sad #tears,43.0,0.0,43.0,16,Monday,Afternoon,340,33,29,0,0,0,-0.9205048534524399,-0.39073112848927466,0.0,1.0,Image
1656279065936927208,1446125613,2017-11-26 02:37:52+00:00,The city of my dreams.. #workhardplayhard,135.0,1.0,136.0,2,Sunday,Night,41,6,1,0,0,0,0.632705328562516,0.7743926440821856,-0.7818314824680299,0.6234898018587334,Image
3438138822557450296,2545368106,2024-08-19 14:35:08+00:00,Sharmine & Amirrul 💕 :: Any pakage inquiry : DM / CALL / WHATSAPP : 017-986 9416 #wedding #weddingmalaysia #weddingplanner #weddingphotography #weddingdress #weddingtoday #photographerkelantan #weddingkelantan #jurugambarkelantan #outdoor #photoshoot #potraits #postwedding #prewedding #photographers #photooftheday #sweetmoments #bruneiwedding #bruneiphotography #bruneiphotographer #jurugambar #jurugambarkelantan #perkahwinan #pakejperkahwinan,3.0,0.0,3.0,14,Monday,Afternoon,446,41,23,0,0,0,-0.6259234721840591,-0.7798844830928818,0.0,1.0,Image
3637081388157261840,1506873491,2025-05-21 02:18:30+00:00,"Assalamualaikum, semua produk azkababyshop ready stok ditoko (Mataram) . 🌼Order screenshot foto/video ini 🌼Kirim ke wa 081917282784 https://bit.ly/2Wpg1Rb . 🌼Lengkapi data diri 🌻Nama : 🌻Alamat Lengkap : 🌻No tlpn : 🌻Orderan : (jumlah,motif,size) cantumkan juga motif cadangan 🌻Ekspedisi atau pengiriman : COD kurir (Mataram) /JNE/JNT . Mau FREE ONGKIR ?? Order lewat shopee azkababyshopmtr, klik link berikut 👇 http://Shopee.co.id/baiqfadheela . Jam Buka Online Senin - Sabtu : 09.00 - 18.00 WITA . 🏠Alamat: Jln Industri no 19 Ampenan, Taman kapitan samping kubur kristen. (Jln menuju kompi Brimob, dekat lap malomba/Adipura) . #serbaserbiabs #tassekolah #tumbler #botolminum #smiggle #lunchbox #lunchbag #mataram #tokobajuanak #fyp",0.0,0.0,0.0,2,Wednesday,Night,731,101,10,0,0,2,0.5664062369248328,0.8241261886220157,0.9749279121818236,-0.22252093395631434,Image
3681264664174204478,25476544137,2025-07-21 01:22:47+00:00,"✨ WEEKLY TAROT READING ✨ Pick a card: 1, 2, 3, or 4 🔮 Trust your intuition. The card you choose will guide your Monday. Once you’ve picked your number, DM me with your choice, and I’ll reveal your personal message for the day. 💌 Let the universe speak — one card at a time. 🌙💫 #TarotReading #PickACard #SpiritualGuidance #MondayMagic 💫",21.0,5.0,26.0,1,Monday,Night,335,61,4,0,0,0,0.35020738125946743,0.9366721892483976,0.0,1.0,Carousel
2859665573153617463,47880272433,2022-06-13 11:12:03+00:00,"How would it be to feel more alive? The Journey I’ve stepped into has this question rooted in it. I would love to share with you the visuals and the insights of the experience - while looking into life and preserving it with kindness, awareness and holistic views. Thank you! #life #photography #travel #travelphotography #explore #awareness #kindness #journey #mindfulliving",7.0,0.0,7.0,11,Monday,Morning,375,59,9,0,1,1,0.20791169081775931,-0.9781476007338057,0.0,1.0,Image
3486541663401245336,2875881468,2024-10-25 09:28:01+00:00,"Where would you place this beauty?🤔 Living room, bedroom, or office?🤷‍♀️ Revamp your space with our sleek metal- Framed L Shelf today!📚🪴🌿 #homeinspo #moderndecor #shelfgoals #organizedliving",9.0,1.0,10.0,9,Friday,Morning,190,26,4,0,1,2,0.6156614753256584,-0.7880107536067219,-0.433883739117558,-0.9009688679024191,Reel
3638912406161924559,4146112251,2025-05-23 14:56:24+00:00,"Тут просто хотели показать, что у нас есть гавайки, кубинки и экзотический рисунок. Быстрые кадры сегодняшней прогулки с нашим другом @konstant.mishin ▫️рубашка тончайший хлопок с длинным рукавом 14900₽ ▫️брюки с защипами 29900₽ ▫️замшевые тассел лоферы @carlossantosshoes.russia 48000₽ Образ подобран нашим стилистом @aikyastyle Записывайтесь на примерку или визит-знакомство, мы на Тверской 28 к2. Работаем 12:00-20:00 каждый день по предварительной записи, чтобы примерочная была полностью в вашем распоряжении. Есть гостевая парковка для гостей. Угощаем кофе и не только. Ждём!",93.0,4.0,97.0,14,Friday,Afternoon,581,77,0,3,1,0,-0.6946583704589974,-0.7193398003386511,-0.433883739117558,-0.9009688679024191,Carousel
3469690682168664930,51151099337,2024-10-02 03:24:58+00:00,Lucas hits way too hard 😭🥲 @robertmart1nez #foryou #fyp #baby #brother,48288.0,90.0,48378.0,3,Wednesday,Night,70,11,4,1,0,0,0.7771459614569709,0.6293203910498375,0.9749279121818236,-0.22252093395631434,Reel
3659743259618595740,249252123,2025-06-21 08:43:35+00:00,"Das ist @foiegrasundbrioche. Er kocht in der @oesterreichischebotschaft worauf er Lust hat und manchmal das, was @zeitmagazin_wochenmarkt Journalistinnen sich wünschen: Germknödel! Ein Skihüttenessen, ich weiß, ich weiß, aber eben auch ein sehr befriedigendes. Natürlich mit Butter statt Vanillesauce! Einige Kniffe habe ich mir abgeschaut (Teig bei 32 Grad gehen lassen, Backpapier in den Dampfkorb) und hoffe, sie demnächst in meiner eigenen Küche umsetzen zu können. Auch nach Weggang des letzten Botschafters @michael.linhart hält @foiegrasundbrioche übrigens an seiner Vorliebe für Ikea-Geschirr fest, alles von der Wiener Werkstätte würde schließlich ein zu großes Loch ins Haushaltsbudget reißen.",82.0,4.0,86.0,8,Saturday,Morning,703,95,0,5,2,0,0.7575649843840495,-0.6527597524627226,-0.9749279121818236,-0.2225209339563146,Carousel
3283792321207615327,218592629,2024-01-19 15:36:11+00:00,ถ้าไม่ให้นั่งในใจ แล้วจะไปนั่งตรงไหนล่ะทีนี้🫣,166.0,2.0,168.0,15,Friday,Afternoon,45,2,0,0,0,0,-0.8090169943749473,-0.5877852522924732,-0.433883739117558,-0.9009688679024191,Carousel
3519124418847505160,1434581312,2024-12-09 08:19:03+00:00,fashion🤍 @hiroko_coroncoron @celford_official のポンチョコート🤍 ふわふわでかわいい❄️ 12月になって、寒くなったのできてみました🤍 このポンチョコートは親友ちゃんからのクリスマスプレゼント🎁🤍 とってもかわいくてお気に入りになりました🐰🤍 #celford #セルフォード#usagionline #大人可愛いコーデ #冬コーデ,137.0,26.0,163.0,8,Monday,Morning,189,12,5,2,0,0,0.8216469379421637,-0.569996762596303,0.0,1.0,Carousel
3589782394702466512,237744639,2025-03-16 20:03:50+00:00,,10.0,0.0,10.0,20,Sunday,Evening,0,0,0,0,0,0,-0.8594064115014526,0.5112930860770523,-0.7818314824680299,0.6234898018587334,Carousel
3609377135179607050,43513606,2025-04-12 20:55:05+00:00,The reviews are in! My memoir Covet the Comeback is a good read and an inspirational story about not giving up! What did you think?? Do you have your copy yet? Type Sold Book in the comments and receive a dm link to order yours! #memoir #book #besstseller #reviews #peoplemagazine #hollywoodreporter #lamagazine #garcellebeauvais #amazon,112.0,8.0,120.0,20,Saturday,Evening,337,54,9,0,3,3,-0.7223639620597554,0.6915130557822695,-0.9749279121818236,-0.2225209339563146,Carousel
3380154233909749655,29900708,2024-05-31 14:30:06+00:00,Esta foto vale más que mil palabras 😍 @francisca está en su mejor momento disfrutando y viendo crecer a sus muñecos Gennaro y Franco 💙🫶🏼 #MamásLatinas #Francisca #familia #celebridades #famosos #maternidad #amor,1914.0,28.0,1942.0,14,Friday,Afternoon,211,32,7,1,0,0,-0.6087614290087207,-0.7933533402912352,-0.433883739117558,-0.9009688679024191,Image
3656122965852693557,29896410197,2025-06-16 08:50:32+00:00,"🎤 Sukhbir Live! The Immortal Vibe Tour 🇺🇸🔥 Celebrating 25 years of iconic hits like Sauda Khara Khara, Gal Ban Gaye, and Oh Ho Ho Ho! Catch the king of vibes live in the USA this July-August 2025! 📍 Houston • Dallas • Seattle • New York • Boston • Chicago Let the Immortal Vibe take over! 💥🎶 . . . . . #SukhbirLive #ImmortalVibeTour #USA2025 #Bhangra #punjabisongs #punjabisinger #BollywoodCelebrities",3027.0,0.0,3027.0,8,Monday,Morning,401,70,7,0,4,0,0.7372773368101241,-0.6755902076156602,0.0,1.0,Image
3126247110605361601,1694553763,2023-06-16 06:43:26+00:00,Bravo @asmonaco_basket ! Saison incroyable 🙏,15.0,0.0,15.0,6,Friday,Morning,44,6,0,1,1,0,0.9824503977255097,-0.18652403600873466,-0.433883739117558,-0.9009688679024191,Reel
3660622557754002044,2070238946,2025-06-22 13:50:36+00:00,Картинки уходящей насыщенной недели в нашем дворе 🍋 🏡🌿 Мечты сбываются 🙏,978.0,10.0,988.0,13,Sunday,Afternoon,72,12,0,0,0,0,-0.46174861323503413,-0.8870108331782216,-0.7818314824680299,0.6234898018587334,Carousel
3207078322773051150,60056932729,2023-10-05 19:19:23+00:00,,0.0,0.0,0.0,19,Thursday,Evening,0,0,0,0,0,0,-0.9411760152563707,0.3379167180033267,0.43388373911755823,-0.900968867902419,Video
3602005218212593094,12626913293,2025-04-02 16:48:24+00:00,مقطفات من رمضان 2021 #sarahdursun #ramadanvibes,11007.0,161.0,11168.0,16,Wednesday,Afternoon,47,6,2,0,0,0,-0.9510565162951535,-0.30901699437494756,0.9749279121818236,-0.22252093395631434,Carousel
3618533857429346687,6904477356,2025-04-25 12:07:52+00:00,India’s Direct Benefit Transfer (DBT) Framework: Syllabus- Economy [GS Paper-3] India’s Direct Benefit Transfer (DBT) framework is providing precious insights for governments worldwide revising their social security structures. Read more: https://www.iasexam.com/indias-direct-benefit-transfer-dbt-framework/ #vajiraoiasacademypvtltd #NewsAnalysis #IASExam #upscexam #upscaspirants #civilservices #upsc2025 #lbsnaa #DailyCurrentAffairs #upsccurrentaffairs Join our Telegram channel for daily updates: https://t.me/vajiraoiasacademy Join our WhatsApp channel for daily updates: https://bit.ly/VIA_WA_Channel,4.0,0.0,4.0,12,Friday,Afternoon,606,57,10,0,0,0,-0.030538513209822857,-0.9995335908367129,-0.433883739117558,-0.9009688679024191,Image
3680635449888207182,5883367461,2025-07-20 04:32:39+00:00,"A lorry transporting a load of mud caused damage to at least 10 parked vehicles after its side flap opened, sending sludge splattering across Theparak Road in Bangkok's Sai Mai district early Sunday morning. The spillage covered a stretch of more than 200 metres and led to a temporary traffic disruption. Read the full story on bangkokpost.com",175.0,4.0,179.0,4,Sunday,Night,344,57,0,0,0,0,0.9271838545667873,0.3746065934159122,-0.7818314824680299,0.6234898018587334,Image
3655103147961501081,8370012095,2025-06-14 23:04:32+00:00,#alfapoet #hotlove #truelovestory #trending #diamondsareforever #diamondbook #movingonquotes #strongwomenrock #breakupquotes #BreakupRecovery,28.0,1.0,29.0,23,Saturday,Evening,141,10,10,0,0,0,-0.24192189559966787,0.9702957262759965,-0.9749279121818236,-0.2225209339563146,Image
3403923425594887467,1652817506,2024-07-03 09:35:16+00:00,"""I know not everyone loves milk as I do. Some can’t drink milk. Won’t drink milk. Don’t drink milk for physical or religious or philosophical reasons. And that’s fine, as adults. ⁠ ⁠ It’s believed three-quarters of the world’s people get a ­substantial nutritional benefit from the milk of species not our own. This can seem odd at a time when we’re told that cows are causing ­climate change, that we don’t need a diet ­containing animal products to have complete nutrition, and that plant-based eating has the lowest footprint on Mother Earth. ⁠ ⁠ With so many new “milks” appearing on the market, my aim is to unpick what is good, and bad, and ­perhaps not yet widely known, about drinking the milk from humans and other animals.""⁠ ⁠ Read the full opinion piece by Matthew Evans at the link in our bio.",467.0,213.0,680.0,9,Wednesday,Morning,805,144,0,0,0,0,0.5913096483635822,-0.8064446042674827,0.9749279121818236,-0.22252093395631434,Carousel
3647621460736853405,4795387285,2025-06-04 15:19:45+00:00,Vintage Magic Kingdom map 🏰 distributed by the long-gone Eastern Airlines. ✈️,345.0,2.0,347.0,15,Wednesday,Afternoon,77,12,0,0,0,0,-0.7632324697825289,-0.6461239796429639,0.9749279121818236,-0.22252093395631434,Image
3487409689973738548,6037816564,2024-10-26 14:07:33+00:00,"Now online at gettyimage.com from the archive of @sschapirophoto, American actor Robert De Niro as Travis Bickle during the filming of ‘Taxi Driver’, New York, 1975. ⁠ An acclaimed photojournalist, Steve Schapiro worked as Special Photographer for many renowned films, including ‘The Godfather’. It was at the request of De Niro that Schapiro was recruited to ‘Taxi Driver’. Directed by Martin Scorsese, the film was shot in New York City during the summer heatwave and sanitation strike of 1975.⁠ 📷️: Steve Schapiro/Corbis via Getty Images | @sschapirophoto | #GettyImages #PreservingThePast #GettyArchive⁠ ⁠ #steveschapiro #taxidriver #robertdeniro #travisbickle #martinscorsese #newhollywood #onsetphotography #1970s #cinemahistory #filmhistory #youtalkintome #1975 #shootingthepast #historyphoto #historyphotographed #nostalgia #archivephoto #photoarchive #vintagephoto #photolibrary #heritage #historyonfilm #historythroughalens",1852.0,6.0,1858.0,14,Saturday,Afternoon,933,115,27,2,0,0,-0.5262139236518696,-0.8503522249955628,-0.9749279121818236,-0.2225209339563146,Image
3661848146092885731,1835548032,2025-06-24 06:25:37+00:00,"Очаровательная погремушка в форме лимона — идеальный спутник для прогулок и игр дома. Благодаря удобным кнопкам её легко прикрепить к коляске, кроватке или игровой стойке 🍋 Стоимость игрушки 1.700 рублей. Приобрести её и другие погремушки из серии «фрукты» вы можете на сайте www.mobilion.shop или в директ.",84.0,2.0,86.0,6,Tuesday,Morning,307,46,0,0,0,0,0.9940563382223196,-0.10886687485196461,0.7818314824680298,0.6234898018587336,Carousel
3606445836439983047,1278026351,2025-04-08 19:51:07+00:00,#new,9.0,0.0,9.0,19,Tuesday,Evening,4,1,1,0,0,0,-0.8849876374630419,0.4656145203251113,0.7818314824680298,0.6234898018587336,Image
3240868471662575543,12152854022,2023-11-21 10:14:09+00:00,🇧🇪 F1 Belgium GP 🆚️ Dutch GP Fastest Laps Teams Standing 🇳🇱 _ _ The points system works the same as the top 10 races 1st place is 25 points 10th place is 1 point the top 10 fastest lap can be seen in the previous post _ _ #F1 #Formula1 #FormulaOne #F12023 #BelgiumGP #DutchGP #zandvoort #GP #Motorsports #Result #FastestLap #Fast #Time #RedbullRacing #MaxVerstappen #MaxVerstappen1 #Netherlands #SergioPerez #SergioPerez11 #Mexico #MercedesAmgPetronas #LewisHamilton44 #GeorgeRussell63 #AstonMartinF1Team #FernandoAlonso14 #LanceStroll18,0.0,0.0,0.0,10,Tuesday,Morning,537,75,26,0,0,0,0.446197813109809,-0.894934361602025,0.7818314824680298,0.6234898018587336,Image
3627853199853244401,8399435403,2025-05-08 08:43:56+00:00,#Breaking | हमारी मंशा जंग की नहीं... आतंकी हमले ने हमें मजबूर किया... अभी हम बर्बर आतंकी हमले का जवाब दे रहे हैं... मिलिट्री हमला होने पर करार जवाब देंगे: ऑपरेशन सिंदूर पर बोले विदेश मंत्री एस जयशंकर #SJaishankar #IndiaPakistanTensions #PahalgamTerroristAttack @_anujsinghal @virendraonnifty,229.0,0.0,229.0,8,Thursday,Morning,292,43,4,2,0,0,0.7575649843840495,-0.6527597524627226,0.43388373911755823,-0.900968867902419,Reel
2507908427393991429,1471086361,2021-02-13 03:13:23+00:00,The road less traveled is usually the most beautiful 🛣😲😍 . . . . #roadlesstraveled #inspiration #motivation #hike #flashbackfriday #hawaii #hawaiiunchained #nakedhawaii #hawaiilife #hawaiistagram #hawaiitag #islandliving #luckywelivehawaii #islandlife #islandgirl #hikingtrail #hikinglife #hikingadventures,30.0,0.0,30.0,3,Saturday,Night,306,32,18,0,0,0,0.7460573750616994,0.6658816660008343,-0.9749279121818236,-0.2225209339563146,Image
3703869331863706649,49887228303,2025-08-21 05:54:13+00:00,Litter O ColourClub*PL (male) (reserved) #colourclubpldevonrex #cutecatsdrx #colourclubpl #devonki #followcats #kittens #koty #kocięta #funnycats #devonrex #kotyrasowe #cuteanimals #devon,16.0,0.0,16.0,5,Thursday,Night,187,18,13,0,0,0,0.9996573249755573,0.02617694830787314,0.43388373911755823,-0.900968867902419,Image
3663725783841281016,177425477,2025-06-26 20:36:09+00:00,Throwback Thursday. Mini-Tylar time. 1. Helinox Cafe Chair $169.95. 2. Tylar’s timeless pose. 👶🪑 #cheapsports #outdoorstore #patagonia #helinoxchair #outdoorgear #campingtrip #campinglife #carcamping #backpacking,26.0,1.0,27.0,20,Thursday,Evening,212,23,9,0,0,0,-0.7771459614569702,0.6293203910498382,0.43388373911755823,-0.900968867902419,Carousel
3601755206201327280,37268743850,2025-04-02 08:31:40+00:00,"Получили шикарные комплекты в расцветках: беж , черный , красный ❤️‍🔥✨ ⠀ ▪️Цена 10200 тенге ▪️Размеры 80-100D ⠀ В наличии в магазине на Богенбай Батыра👌🏻 ————————————————————— ⠀ Заказы принимаем по 📞 +7(747) 806 6469 Директ ❌ ————————————————————— Наши адреса в г. Алматы: 📍Богенбай Батыра, 81 (уг ул Зенкова) 📍Жандосова, 11 (уг ул Ауэзова) внутри магазина Perfetto ❤️ @perfetto.almaty ⠀ 10:00 - 20-00 без выходных ⠀ 🚚 Доставка по городу -от 1000 тг в черте города, за пределами - обговаривается отдельно Доставка по Казахстану: до двери стандарт -от 1600 тг до двери экспресс -2500 тг #белье #бельеалматы #бельебольшихразмеров #трусы #бюстгальтер",31.0,0.0,31.0,8,Wednesday,Morning,647,99,5,1,0,0,0.7906895737438432,-0.6122172800344494,0.9749279121818236,-0.22252093395631434,Carousel
3605473878723898605,5936784035,2025-04-07 11:40:01+00:00,↓ お誕生日🎂お祝いランチありがと〜♡ 2種類のパスタが とてつもなくおいしい。 🌸通りをとおって cafeへ 最近ここ通ってる笑 #姫路城 #パンとエスプレッソと姫路城,61.0,2.0,63.0,11,Monday,Morning,85,9,2,0,0,0,0.0871557427476582,-0.9961946980917455,0.0,1.0,Carousel
3174602430989783536,2259452251,2023-08-21 23:55:22+00:00,Results from today's stream. Some future D'n'Dino stickers. A T-Rex wizard and Velociraptor thief. Then Ughmeh's commission for her pet bunny as a jackalope. Ain't they cute! #art #artwork #sketch #digitalart #creative #artistsoninstagram #arte #artoftheday #artsy #artistic #photoshop #adobephotoshop #commissions #commssionsopen #paleoart #dinosaurs,14.0,0.0,14.0,23,Monday,Evening,351,43,16,0,1,0,-0.0218148850345609,0.9997620270799091,0.0,1.0,Carousel
3349069929473601439,3322518332,2024-04-18 17:11:08+00:00,"Nuovi dal Giappone! ""Kataoka"". Lama ""San mai"" tre strati per una tenuta di taglio e precisione formidabili! #madeinjapan #japaneseknife #kitchenknife #chef #cheflife #kitchenknives #knives #blades #coltelleriatenderini #gourmet #cut #torinoshopping #torino #torinoèlamiacittà",7.0,0.0,7.0,17,Thursday,Afternoon,275,31,14,0,2,0,-0.9772311064626789,-0.21217767215644648,0.43388373911755823,-0.900968867902419,Carousel
1764458712694621722,469162134,2018-04-24 08:51:31+00:00,. 인기쟁이 원피스🕶 . #propj,128.0,3.0,131.0,8,Tuesday,Morning,20,5,1,0,0,0,0.7343225094356858,-0.6788007455329416,0.7818314824680298,0.6234898018587336,Carousel
3636336737210767651,3039293386,2025-05-20 01:39:00+00:00,Fachadas em acm com uma qualidade e preço que só encontra aki na @bruninho_adesivos 🤝✅ Venha fazer um orçamento conosco e deixar a sua empresa de cara nova e mais estilosa do que nunca 🤩 #fachadas #fachadasresidenciais #fachadasincriveis #placaspersonalizadas #virals #fypppppppppppppppppppppppppppppppppppppppppppppppppppppppppppppppppppppp,8.0,0.0,8.0,1,Tuesday,Night,341,41,6,1,0,0,0.4186597375374281,0.9081431738250813,0.7818314824680298,0.6234898018587336,Carousel
2973697204163349888,51185869651,2022-11-17 19:12:32+00:00,Disappointed but at least I lost what I put on last week. This week I'm going in.... cut down on coffee and Pepsi max. Replace with green tea or water. Eat a shit ton more vegetables with my meals.. cut out bread.. I want to have lost a stone by Christmas.. #missiongetthin #missionstoneaward #motivated #motivation #slimmingworldjourney #slimmingworld #slimmingjourney #weighday #weightlossjourney2022 #weightloss #letsdothis #icandothis #cutoutcrap,11.0,2.0,13.0,19,Thursday,Evening,450,64,13,0,0,0,-0.9510565162951536,0.30901699437494723,0.43388373911755823,-0.900968867902419,Image
2651107823973553279,3159629047,2021-08-29 17:05:01+00:00,"HERE IT IS!!️THE FIRST CREATIVE COLLABORATION CHALLENGE!!️ 🥳 ⠀ Put together by the INCREDIBLY talented @annalingis 🔥 I have had the pleasure of getting to know Anna through my time away and she is such an inspiration & so so talented!! She’s given us lovely lot the chance to create looks based on a theme which for this one (if you hadn’t guessed already lol) was ‘ANIMALS’ 🦒🐘🐯🦎🦋🐍🦉🐲🐱 ⠀ And here are the looks that we all chose to create & I think you’ll agree that the talent of these guys is UNREAL!!️😱 ⠀ I chose to do a mix up of different animals & my entry is the nails obz 😂 I will go into more detail about my design later & why I chose it/how I did it etc but for now I want you to admire all of these creations as a collective and show everyone some love too 😍 ⠀ If you swipe across then you will see all individual looks and I have tagged the artists too....Let me know what you think!!☺️ ⠀ And a MASSIVE Thankyou to @annalingis for letting me be a part of this, it’s an absolute honour babe 🥰💖🙏🏼 ⠀ Check out my stories for the details of how to enter the next one and remember this is for ANYONE that is creative so can be Makeup, Hair or Nails!!️ ⠀ Happy Sunday everyone & I hope you enjoy 😘💖xXx",94.0,21.0,115.0,17,Sunday,Afternoon,1207,239,0,2,12,0,-0.9713420698132613,-0.23768589232617343,-0.7818314824680299,0.6234898018587334,Carousel
3665095381701319056,7419296,2025-06-28 17:57:18+00:00,Feliz Sábado!!,347.0,15.0,362.0,17,Saturday,Afternoon,14,2,0,0,2,0,-0.999914327574007,-0.013089595571344698,-0.9749279121818236,-0.2225209339563146,Image
3565364813170958156,1592458559,2025-02-11 03:30:28+00:00,Pelicans drop their 9th straight game. Two more games before the All-Star Break — back-to-backs against the Kings on Wednesday and Thursday. (📸: @pelicansnba),1060.0,52.0,1112.0,3,Tuesday,Night,158,24,0,1,0,0,0.7933533402912352,0.6087614290087207,0.7818314824680298,0.6234898018587336,Carousel
3387131605708172446,61345945082,2024-06-10 05:32:54+00:00,#drawing #art #artist #sketch #illustration #artwork #draw #digitalart #painting #artistsoninstagram #sketchbook #procreate #drawings #instaart #anime #artoftheday #arte #animegirl #design #portrait #sketching #digitaldrawing #ink #pencildrawing #doodle #pencil #redink #illustrator #manga #red,7.0,1.0,8.0,5,Monday,Night,294,30,30,0,0,0,0.992546151641322,0.12186934340514771,0.0,1.0,Image
3376554277534936928,3242158044,2024-05-26 15:19:16+00:00,癒しハンパない↓↓↓ _____.______._____.____ 香りに癒される庭木を紹介します 🌿カルセファラム 落葉中木 この品種の中でも、ダントツに爽やかな良い香り。 切花でも楽しめるので、家の中が良い香りに😌 🌿ライラック 落葉中木 香水に使われる程の、花の香りが良く 成長も遅く手入れもしやすい。 ✔️植栽のポイントは、暑い地域では西日の強い所は避けた方が良い。 水はけの良い土壌を好みます。 🌿ミヤマガンショウ 常緑高木 モクレンの常緑版と言われていて、大輪の八重咲きの花が美しく、更に香りも魅力です。 🌿ニオイロウバイ アテネ 落葉中木 寒さ暑さにも強く、花付きも良いです。水はけの良い土壌を好みます。 何といっても、爽やかな良い香りが魅力です。 🌿リトルジェム 常緑中木 タイサンボクの矮性種で、夏の暑さにも抜群に強く。 光沢のある葉っぱと、シックな葉裏がカッコ良い品種。 花が四季咲き性なので、春と秋にも咲きます。 花も綺麗で、香りも良く楽しめます。 ケイパレスも良く似た特徴があります。 🌿ティーツリー 常緑高木 オーストラリア原産の樹木が、近年日本では人気が出てきてます。 雪の様なフワフワの花と、アロマの原料にも使われる程、葉っぱの香りが物凄く良いです。 切り花としても、家の中で楽しめるのも魅力。 ✔️植栽の注意点は、成長は早いので広い場所に植える事❗️ ✔️成長抑える方法としては、鉢植えにすればかなり抑えれる よかったら参考にして頂けたら 嬉しいです。 【他の植物情報はコチラ👇】 @makoto6017 _____._____._____._____ 徳島県の植木屋4代目の高橋です。 庭木選びや植物の情報を 日々発信してます! ▶︎失敗しない庭木選び ▶︎植物で困った事 ▶︎庭木•お花が好きな方... 疑問orご意見 よかったら気軽に コメントまってます🙇‍♀️ 質問はプロフィールのURLから ⬇︎よかったらフォロー嬉しいです☺️⬇︎ @makoto6017 ______._____._____._____ #庭#庭木#お庭#お花#植木 #ガーデン#ガーデニング #ガーデニング初心者 #園芸#園芸初心者#花 #花好き#花のある暮らし #高橋魁春園,7923.0,60.0,7983.0,15,Sunday,Afternoon,946,59,10,2,1,0,-0.7632324697825289,-0.6461239796429639,-0.7818314824680299,0.6234898018587334,Reel
3642091529422505513,1014187847,2025-05-28 00:12:45+00:00,"*Nota de prensa* *IDOPPRIL y sector sindical trabajan conjuntamente por prevención de accidentes* _Doctor Agustín Burgos preocupado por la clase laboral dominicana; insta a los afiliados a prevenir ante cualquier_ situación. Santo Domingo. – El director ejecutivo del Instituto Dominicano de Prevención y Protección de Riesgos Laborales (IDOPPRIL), doctor Agustín Burgos, sostuvo un encuentro con representantes de los trabajadores, a fin de coordinar acciones en favor de ese segmento productivo. El funcionario se reunió en la sede de la institución con los sindicalistas Gabriel del Río, Rafael (Pepe) Abreu y el diputado Jacobo Ramos. Allí les manifestó su preocupación por la clase laboral dominicana. Exhortó a los afiliados a priorizar la prevención en el trayecto a sus centros de trabajo y en el ejercicio de sus tareas. Compartió con los representantes del sector laboral el deseo de estos en lograr acuerdos interinstitucionales para crear estaciones de descanso en las carreteras. Las mismas servirían para que los trabajadores conductores puedan detenerse para reponer energías en espacios seguros. “Creemos en que hay que dar, no solamente, la educación, sino mezclarla también con lo que tú les aportas para evitar los accidentes”, declaró. Igualmente, les se refirió su interés de implementar programas que impacten la salud mental de la empleomanía nacional, especialmente, con los trabajadores lesionados permanentemente. También resaltó su compromiso de garantizar los derechos de los afiliados. El doctor Burgos solicitó la colaboración de los representantes de los trabajadores en este sentido. De su lado, Gabriel del Río, representante de la Confederación Autónoma Sindical Clasistas (CASC), coincidió con el doctor Burgos en la necesidad de crear una cultura de prevención. Destacó como una meta fundamental evitar los accidentes de trabajo. Recordó que cada año realizan el Congreso de Riesgos Laborales, del cual el IDOPPRIL es parte importante. “La idea nuestra es concientizar a los trabajadores sobre cómo protegerse y evitar accidentes de trabajo. Mientras menos hechos de estos tengamos en el país, no solo se benefician el trabajador y su familia, sino t",3.0,0.0,3.0,0,Wednesday,Night,2186,331,0,0,0,0,0.05233595624294383,0.9986295347545738,0.9749279121818236,-0.22252093395631434,Carousel
3437897873978107124,493008855,2024-08-19 06:36:24+00:00,giornata mondiale della fotografia . #ritratti #Portrait #ritratto #Portraits #Portraitphotography #ritrattofotografico #art #photography #arte #fotografia #italiani #photographer #shooting #ig #photo #photooftheday #artist #model #picoftheday #ritrattiitaliani #disegno #blackandwhite #italia #drawing #me #instagood #bnw #italy #model #man #eyes,61.0,0.0,61.0,6,Monday,Morning,347,36,30,0,0,0,0.9876883405951378,-0.1564344650402308,0.0,1.0,Image
1156357760960143280,295324838,2016-01-06 08:23:28+00:00,Gジャンに軍パン、ブーツの組み合わせは、シンプルだけどやっぱりカッコいい。 #ダブルツリー #Gジャン #アメリカ軍 #軍パン #blundstone #ブーツ #zabou #ザボウ #大阪 #ファッション,117.0,8.0,125.0,8,Wednesday,Morning,104,11,10,0,0,0,0.8115739819650124,-0.5842496656374342,0.9749279121818236,-0.22252093395631434,Image
3647631441760817980,36590084584,2025-06-04 15:39:34+00:00,,170.0,0.0,170.0,15,Wednesday,Afternoon,0,0,0,0,0,0,-0.8166415551616789,-0.5771451900372337,0.9749279121818236,-0.22252093395631434,Image
3655607955039629214,1475926567,2025-06-15 15:47:28+00:00,Tout bèl timoun yo😍 pa janm rate GREENBAR chaque DIMACHE nan I CAN PARTY🍾🤳🏽🥳🎉 #SonjeNouFullBonè🚀🥳🙌🏾 @greenbarhaiti,14.0,0.0,14.0,15,Sunday,Afternoon,114,16,2,1,0,0,-0.8362861558477592,-0.5482932295199142,-0.7818314824680299,0.6234898018587334,Image
3624365372897449131,270962424,2025-05-03 13:14:02+00:00,,65.0,1.0,66.0,13,Saturday,Afternoon,0,0,0,0,0,0,-0.3173046564050919,-0.9483236552061994,-0.9749279121818236,-0.2225209339563146,Image
3175323344890702751,50036694641,2023-08-22 23:47:41+00:00,pork schnitzel with mushroom sauce and mashed potatoes 🥔,28.0,1.0,29.0,23,Tuesday,Evening,56,9,0,0,0,0,-0.056692787563377776,0.9983916705573488,0.7818314824680298,0.6234898018587336,Image
3625444675915857985,3168313953,2025-05-05 00:58:25+00:00,,9.0,0.0,9.0,0,Monday,Night,0,0,0,0,0,0,0.2503800040544414,0.9681476403781077,0.0,1.0,Image
3692728819232304805,13701232969,2025-08-05 21:00:00+00:00,"🤝✨ Unidos por uma só missão! Na sexta (01/08) ocorreu uma reunião abençoada com os líderes das congregações da nossa IEADJO KIDS Tempo de alinhamento, direção e propósito — porque quando caminhamos juntos, os frutos são ainda maiores! 💛 Seguimos firmes, com o coração queimando por tudo o que Deus vai fazer nas nossas crianças! 🔥🙌",104.0,0.0,104.0,21,Tuesday,Evening,331,56,0,0,3,0,-0.7071067811865477,0.7071067811865474,0.7818314824680298,0.6234898018587336,Carousel
3379134260119049483,5715618900,2024-05-30 04:47:52+00:00,Outfit of the someday ( ́●◡●`*) •Top @yunse_official •Bottom @hacie_official •Bag @longchamp •Shoes @mixxo_korea - #reels #fashionreels #outfitinspiration #summeroutfit #seoul #아웃핏 #릴스 #여름코디 #홀터넥 #데님코디 #여자코디 #오늘뭐입지 #롱샴 #네트백 #여자단발 #단발염색,73.0,13.0,86.0,4,Thursday,Night,235,31,16,4,0,0,0.949699126201877,0.31316380648374953,0.43388373911755823,-0.900968867902419,Video
3655466434239761054,6888551544,2025-06-15 11:06:18+00:00,Galáxias 🌌 um tema perfeitooooo que amamos desenvolver e estrear nesse final de semana Um amor em cada detalhe 😍 E esses balões minha equipe sempre arrasando muito #festagalaxia #galaxia,54.0,3.0,57.0,11,Sunday,Morning,186,30,2,0,0,0,0.23344536385590553,-0.9723699203976766,-0.7818314824680299,0.6234898018587334,Image
2223947442110615616,27313354170,2020-01-18 08:13:49+00:00,BESTFRIEND💖💝🔐 . @sadmoodtbh . . . . . . . . #songedits #edits #foryoupage #foryou #explorepage #happyedits #sadedits #quotes #quotess #sadedits ⚫️ #lyricvideos #love #happyedits #happyquotes #lovequotes #depressedquoted #depressedquote #depressededitss #depressededits😷🔫 #fyp #explore #love,3.0,0.0,3.0,8,Saturday,Morning,290,34,20,1,0,0,0.8362861558477597,-0.5482932295199137,-0.9749279121818236,-0.2225209339563146,Video
3739019310322087031,49261846732,2025-10-08 18:02:09+00:00,A Secretaria de Turismo Barbara Braga destaca os números positivos que o estado de Alagoas vem alcançado e ressalta a importância da Abav Expo.,40.0,5.0,45.0,18,Wednesday,Evening,143,24,0,0,0,0,-0.9999619230641713,0.008726535498374096,0.9749279121818236,-0.22252093395631434,Video
3443945852402665447,9072108636,2024-08-27 14:52:40+00:00,#SaripodhaaSanivaaram,3295.0,2.0,3297.0,14,Tuesday,Afternoon,21,1,1,0,0,0,-0.6819983600624984,-0.7313537016191706,0.7818314824680298,0.6234898018587336,Image
3591049601439869070,7354330367,2025-03-18 14:01:33+00:00,سفر بخیر اسفند کوله بارت را بستی ؟ چیزی را فراموش نکرده باشی مثلا خاطره ای ، دردی ، غمی حواست باشد همه را برداری دِر چمدانت را محکم ببندی فروردین دارد می آید میدانی که چمدانش سبک است پر از شکوفه وقتی رسید میخواهم وصلشان کنم روی درخت های حیاط میخواهم بهار را دل انگیز کنم... عشق را نشانش بدهم قدم زدن زیر باران ، آن هم دو نفره شانه به شانه را یادش بدهم به بهار بفهمانم سه ماه فصلش باید دوست داشتن باشد ، پر از روزهای خوب ، پر از قرارهای عاشقانه ... اسفند جان بودنت کافی است وقتت تمام شده بو کن بوی سمنو می آید بوی سنجد بوی پول های تا نخورده ی لای کتاب معطل نکن پستت را تحویل بده نوروز پشت در است 🌸🍃 @aram__kade @aram___kade,1312.0,14.0,1326.0,14,Tuesday,Afternoon,622,134,0,2,0,0,-0.5037739770455262,-0.8638355052043958,0.7818314824680298,0.6234898018587336,Carousel
3651018990067677424,10199966,2025-06-09 07:50:01+00:00,"Tender Braised Short Ribs Served with Crispy Garlic Crostini Recipe: Ingredients for the Braised Short Ribs: 1 1⁄2 pounds beef short ribs (bone-in) Salt and black pepper, to taste 2 tablespoons all-purpose flour Olive oil (for searing and sautéing) 1 small onion, diced 3 cloves garlic, minced 2 teaspoons Italian seasoning 1 1⁄2 tablespoons tomato paste 1⁄2 cup red wine (optional) 1 cup warm beef broth 1 tablespoon chopped fresh flat-leaf parsley 1⁄4 cup shaved or finely grated Parmesan cheese Ingredients for the Garlic Crostini: 1 large French baguette, sliced into 16 slices Olive oil (for drizzling) 2 whole garlic cloves Directions: Prepare the Short Ribs: Season the short ribs generously with salt and pepper. Dust them lightly with flour. Heat a large skillet or Dutch oven over medium-high heat and add a tablespoon of olive oil. Sear the short ribs on all sides until browned. Remove and set aside. Sauté the Vegetables: In the same skillet, add the diced onion and minced garlic. Sauté for about 2 minutes until softened and fragrant. Stir in the Italian seasoning and tomato paste, cooking for an additional 1-2 minutes. Deglaze the Pan: If using red wine, pour it in now, scraping up any browned bits from the bottom of the pan. Let it cook for 2-3 minutes until reduced slightly. Add the warm beef broth and stir well. Braised Cooking: Return the short ribs to the pot, ensuring they’re submerged in the liquid. Bring to a simmer, cover, and reduce the heat to low. Braise the ribs for 2 1⁄2 to 3 hours, or until the meat is tender and falling off the bone. Prepare the Garlic Crostini: While the short ribs are braising, preheat your oven to 375°F (190°C). Lay the baguette slices on a baking sheet, drizzle with olive oil, and toast in the oven for 5-7 minutes or until golden and crispy. Once toasted, rub each crostini with a whole garlic clove to infuse it with garlic flavor. Finishing Touches: Once the short ribs are done, remove them from the pot and place them on a platter. Skim off any excess fat from the braising liquid and bring the liquid to a simmer to reduce slightly if needed. Spoon some of the sauce over the ribs and sprinkle with chopped parsley and Parmesan cheese.",1513.0,14.0,1527.0,7,Monday,Morning,2207,385,0,0,0,0,0.8870108331782218,-0.46174861323503374,0.0,1.0,Image
2712845765971836485,652067319,2021-11-22 21:27:18+00:00,Summer photo dump continued. Got to spend a few days doing fun things with 2 of my favorite people on the planet before I left for Penn State — @henrymaitre and @masonmaitre. One of the many things I’m thankful for this time of year is their friendship. Oh and @_allisonwonderland__ was there too 😬 1st picture: @henrymaitre,57.0,5.0,62.0,21,Monday,Evening,324,57,0,4,0,0,-0.6190939493098336,0.7853169308807452,0.0,1.0,Carousel
1494852085157917053,1500416956,2017-04-17 09:11:16+00:00,. . . ✔️ 타탄체크 더블버튼 유니크자켓 ✔️ 리바이스 하이웨스트 세미반배기 팬츠 (새상품 - 사이즈 다 있어요!!) . . . 💛 문의는 DM or KAKAO TALK 💛 Kakaotalk ID jungyeon1987 (📷✨ 스크린샷은 필수) . . . ❌필독❌ 빈티지상품들은 특성상 교환&환불 불가해욥 신중한 구매 부탁드려욥. 예민하신분들은 제품구매를 권유합니다욥👍 . . 📮소통은이곳으롱 Go👉@jaypark2012 #졸리쇼룸 #1479호 #빈티지 #빈티지샵 #구제 #블로그마켓 #공구 #데일리룩 #유니크 #모던 #아방가르드 #자켓 #체크 #리바이스 #데님 #데님룩 #아우터 #jolishowroom #vintage #dailylook #outfit #ootd #fashion #AA #ralphlaurent,23.0,1.0,24.0,9,Monday,Morning,401,76,25,1,2,0,0.672366807434668,-0.7402181274868321,0.0,1.0,Image
2282471385431153545,2692095564,2020-04-08 02:10:13+00:00,"The colonial mindset dies hard, and when two French doctors suggested using Africa as a testing ground for a coronavirus vaccine, it was never going to go well. ⁣ ⁣Speaking on TV, Jean-Paul Mira and Camille Locht claimed #Africa was a good candidate because it lacked medical equipment and treatments. Unsurprisingly, the Ethiopian head of the World Health Organization Dr Tedros Adhanom Ghebreyesus said he was appalled and called it a 'hangover from colonial mentality'. ⁣ ⁣Ex-Ivorian footballer Didier Drogba also branded the idea “absolutely disgusting,” while former Cameroon striker Samuel Eto’o tweeted: “Africa is not a playground for you.” ⁣ 👇Follow My Partners:👇 ➡@exposingknowledge⬅ ➡@verahavera⬅ ➡@finxerunt⬅ ➡@letsraiseawareness⬅ ➡@New Partner⬅ ➡@awakened__mind__⬅ 🌍HashTags Below🌏 #OpQAnon #Anon_family #coronavirus #illuminati #bilderberg #rothschild #nwo #Indonesia #wakeup #freedom #anon #anonymous #anarchy #policebrutality #revolution #palestine #awakened #boycottisrael #syrianrefugees #freenetnutrality #conspiracyfiles #youneedtruth #freegaza #coronavirus #freepalestine #LGBTQ #rights #covid-19",74.0,3.0,77.0,2,Wednesday,Night,1117,141,29,6,0,0,0.5372996083468238,0.8433914458128857,0.9749279121818236,-0.22252093395631434,Image
3699376113140225518,33440369495,2025-08-15 01:06:59+00:00,"Bagi sebagian kucing, satu rumah saja tidak cukup. Studi Toukhsati et al. (2007) menemukan bahwa ada kucing yang secara rutin mengunjungi lebih dari satu rumah, mendapatkan makan, perhatian, bahkan tempat tidur di tiap lokasi. Mereka tidak melakukannya karena kebutuhan; makanan di rumah utama biasanya cukup; tetapi karena ingin memperluas “jaringan sosial” dan menikmati berbagai sumber kenyamanan. Fenomena ini memperlihatkan bahwa loyalitas kucing bersifat cair dan sepenuhnya berdasarkan pilihan pribadi. Mereka bukan “berkhianat”, melainkan menjalani hidup dengan prinsip: semakin banyak tempat aman dan penuh kasih, semakin baik. Bagi kucing, hubungan bukan soal kepemilikan, tapi soal kesempatan untuk membangun koneksi di banyak titik dan mereka ahli dalam membagi hati tanpa rasa bersalah.",97758.0,805.0,98563.0,1,Friday,Night,799,110,0,0,0,0,0.28401534470392265,0.958819734868193,-0.433883739117558,-0.9009688679024191,Image
3289552780752168215,2216012863,2024-01-27 14:21:11+00:00,Popped into @sparkyork to check out @babyboys_burgers and scooped up this beauty of a smash burger. Beautifully balanced pickles and sauce against cheese and well caramelised patty...a definite winner. Nice work!,147.0,7.0,154.0,14,Saturday,Afternoon,212,31,0,2,1,0,-0.5771451900372334,-0.816641555161679,-0.9749279121818236,-0.2225209339563146,Image
3602403178307170383,5884684110,2025-04-03 05:59:05+00:00,Setelah lebaran mau makan sehat? YellowFit solusinya! Hanya 50rban bisa makan sehat dengan menu Khas Nusantara versi lebih sehat. Nasi merah yang dipakai juga lebih enak karena diimpor langsung dari Jepang. Yuk pesan sekarang!,101.0,3.0,104.0,5,Thursday,Night,226,34,0,0,2,1,0.9999904807207345,0.004363309284746582,0.43388373911755823,-0.900968867902419,Carousel
3646018314910134970,4677274974,2025-06-02 10:14:35+00:00,"⚡️สุดปัง โปรท้าฝน🚘🌧 📌 ประกันชั้น 1 เพียง 7,499.-/ปี รับฟรี ร่มกันฝน✨ คลิกรับสิทธิ์ 👉 https://bit.ly/3DFOczy . ✅ ผ่อน 0% ไม่ง้อบัตร ✅ เก๋ง-กระบะ ราคาเดียว ✅ คุ้มครองน้ําท่วมรถ โปรโมชั่นวันที่ 1-15 มิถุนายน 2568 นี้เท่านั้น *เงื่อนไขเป็นไปตามกรมธรรม์ที่กําหนดไว้ . #TQM #TQMประกันรถยนต์ #ประกันรถยนต์ชั้น1 #ประกันรถชั้น1 #ประกันรถยนต์ผ่อนได้ #คุ้มครองน้ําท่วม",4.0,0.0,4.0,10,Monday,Morning,357,35,9,0,0,0,0.446197813109809,-0.894934361602025,0.0,1.0,Image
3554522153568872526,70109478926,2025-01-27 04:28:27+00:00,"Revitalize Your Skin Naturally with Our Skin Rejuvenation Oil ✨ Looking for glowing, youthful skin? Our Skin Rejuvenation Oil is the ultimate skincare solution, combining three powerful ingredients: Jojoba Oil, Frankincense Resin, and Rosehips. 🌿 Why You’ll Love It: 💧 Jojoba Oil: Closely mimics your skin’s natural oils, deeply hydrating and balancing without clogging pores. Perfect for all skin types! 🌟 Frankincense Resin: Known for its skin-renewing properties, it helps reduce the appearance of fine lines and wrinkles while promoting a smoother, more even skin tone. 🍊 Rosehips: Rich in vitamin C and essential fatty acids, it supports collagen production, brightens dark spots, and enhances skin elasticity for a youthful glow. This powerful blend works to hydrate, restore, and rejuvenate your skin, giving you that fresh, radiant complexion you’ve been dreaming of! ✨ How to Use: Apply a few drops to clean skin daily for glowing, smooth, and nourished skin. You can also make a face cream or salve. 🌿 🌱 Perfect for all skin types. You can make yours at home today! Quick DIY Skin Rejuvenation Oil Recipe: Ingredients: * 10oz jar * 6oz-8oz Jojoba Oil * 2 tbsp Dried Rosehips (crushed) * About 2 1/2 tbsp of ground Frankincense resin Instructions: 1. In a glass jar, combine Jojoba Oil, crushed Rosehips, and Frankincense Resin. 2. Seal the jar and let it sit in a warm, dark place for 2-3 weeks, shaking gently every day to allow the herbs to infuse the oil. 3. After 2-3 weeks, strain out the herbs and transfer the infused oil into a clean bottle. 4. Apply a few drops daily to clean skin for glowing, smooth, and rejuvenated skin or add it to create face cream or salve! . . . . . . . #organicskincare #skin #skincaretips #skincare #herbalskincare #herbalism #herbalist #herbs #rosehips #frankincense #jojobaoil #naturalremedies #herbalrememdies #christianherbalist #creation #sahmlife",16.0,3.0,19.0,4,Monday,Night,1898,308,16,0,4,1,0.9205048534524404,0.3907311284892737,0.0,1.0,Reel
3693280006914847493,1589945543,2025-08-06 15:15:10+00:00,‎تصميم وطباعة الستيكرات،كروت الدعوة،البوكسات،المطبوعات المكتبية، دروع الاكريليك وغيرها My art gate 50003032 #graduation #kuwait #acrylic #stickers #مطبوعات #تخرج #تصميم #طباعة #الكويت #مشاريع #محلات,0.0,0.0,0.0,15,Wednesday,Afternoon,198,23,11,0,0,0,-0.7518398074789773,-0.6593458151000691,0.9749279121818236,-0.22252093395631434,Image
2364562355193835186,34618415292,2020-07-30 08:30:20+00:00,#islamic #islamicquotes #peace #ummah #sabr #faith #forgiveness #muslimah #muslim #quransayings #quranic #followers #followforfollowback #islamicreminder #showmercy #gooddeeds #jannah #ramadan2020 #quran #mercy #design #art #charity #muslims #islam #ramadan #ramadanmubarak #ramadankareem #design #ai #muslim #hijab,64.0,0.0,64.0,8,Thursday,Morning,315,32,30,0,0,0,0.7933533402912352,-0.6087614290087207,0.43388373911755823,-0.900968867902419,Image
2943644003229778003,2010044765,2022-10-07 08:02:14+00:00,"Enjoy Carlee S.'s review of #Ghoster. This is a #spookyfamilyfilm with twists, puzzles, and some comedy mixed in that is perfect for an autumn night. This exciting film invites you into a world of #ghosts, #dragons and legends that is both entertaining and filled with surprises. I was drawn into the #magic, the unbreakable family ties, and the collaborative efforts of the characters as they race against time. In Ghoster, Elizabeth (#SophieProctor) learns she’s the heir to Echoville Manor. Yuto, a wicked ghost dragon, is trying to fulfill a task that intertwines with the lives of Elizabeth, and those around her. When she and her father (#JRBrown) arrive, she encounters Ghoster, (#DavidHenrie), who implores her and her new friend, Mateo, (#JoshEscayg), to help him find the light knife and destroy Yuto. They must work together or risk losing everything they care about. My favorite scene is when Elizabeth and the rest of the “scare squad” forge a plan to scare away the bankers who want to take possession of Echoville Manor. The scenes are both suspenseful and humorous. The reactions and facial expressions of the characters to the hauntings are delightfully entertaining. However, some of the scare tactics didn’t seem as though they would really scare anyone. Elizabeth and her father share a bond that is unbreakable, even in several trying situations. The actors work together to make this bond believable and touching. Elizabeth (Proctor) and Mateo (Escayg) also forge a great friendship and work well together in the film. The setting of Echoville Manor is well decorated to portray an older estate. The old furniture and details of many of other furnishings, like the mirrors throughout the manor, showcase the age well. The CGI is meticulous in detail, such as the spikes on Yuto which are very detailed. Some of the storyline is predictable but there are enough plot twists to keep the viewer entertained. On Digital, VOD / DVD Oct. 11 https://youtu.be/mavEBwFn3yg",3.0,1.0,4.0,8,Friday,Morning,1985,324,16,0,0,0,0.8616291604415257,-0.5075383629607043,-0.433883739117558,-0.9009688679024191,Image
2752232790461602810,3651133774,2022-01-16 05:42:17+00:00,I am the hot dude with cool attitude.😘❤️🥀 . . . . . . . . . #instagood #insta #instagram #instafashion #instamood #instamodels #model #modeling #modelshoot #fashion #fashiondesigner #fashionstyle #fashionblogger #style #styleblogger #stylish #love #hate #sadquotespage #cute #innocent #sweet #lovely #pose #posesforpictures #poseforgirls #girl #photo #photooftheday #you,1890.0,92.0,1982.0,5,Sunday,Night,370,47,30,0,0,0,0.996917333733128,0.07845909572784478,-0.7818314824680299,0.6234898018587334,Carousel
3617125720245951693,233836067,2025-04-23 13:30:09+00:00,Don has definitely created his own style over the years. He has an eye for realism and a steady hand for fine line that always comes out crisp and clean. @dondoestattoos,21.0,0.0,21.0,13,Wednesday,Afternoon,169,31,0,1,0,0,-0.38268343236508967,-0.9238795325112868,0.9749279121818236,-0.22252093395631434,Image
3381707113082720768,6737259207,2024-06-02 17:55:24+00:00,-Living life on the edge. #morning #sunkissed #alone #photo #place,69.0,5.0,74.0,17,Sunday,Afternoon,66,10,5,0,0,0,-0.9997620270799091,-0.021814885034560836,-0.7818314824680299,0.6234898018587334,Image
2049920342399680766,4944971331,2019-05-23 05:32:49+00:00,,59.0,0.0,59.0,5,Thursday,Night,0,0,0,0,0,0,0.992546151641322,0.12186934340514771,0.43388373911755823,-0.900968867902419,Image
3589538964521230551,302418715,2025-03-16 12:00:00+00:00,"The new chronograph Essential Black combines precision engineering with minimalistic design, featuring sandblasted stainless steel case and bracelets in Gun Metal finish with clean lines and durable materials.",1944.0,4.0,1948.0,12,Sunday,Afternoon,209,28,0,0,0,0,1.2246467991473532e-16,-1.0,-0.7818314824680299,0.6234898018587334,Image
3646161619467365440,6609413,2025-06-02 14:59:17+00:00,Morning Drawing Leica M6 On a painted postcard 6” x 4” Mixed media Thanks for looking #drawing #illustration #aaronkraten #leica #leicam6 #photographer #photography #streetart #lowbrow #artistsofinstagram #artistic,105.0,9.0,114.0,14,Monday,Afternoon,214,27,11,0,0,0,-0.7040147244559681,-0.7101853756232857,0.0,1.0,Image
3675724288285306992,554121161,2025-07-13 09:55:00+00:00,"🇫🇷 FR/🇯🇵日本語 Quelques spécialités estivales pour se rafraîchir durant l’été japonais ☀️ Chaque saison apporte son lot de spécialités culinaires, et en été ce sont des mets rafraîchissants qui permettent de mieux supporter les fortes chaleurs de l’été nippon. En voici quelques exemples ! 1️⃣ Sudachi Soba (nouilles Soba avec du Sudachi, un agrume de saison) 2️⃣ Uzaku (plat d’anguille et de concombre avec différents condiments) 3️⃣ Mizu Manju (douceur translucide et rafraîchissante à la poudre de fougère) 4️⃣ Nagashi Somen (nouilles Somen qui s’écoulent dans des demi-cannes de bambou) 5️⃣ Hiyayakko (tofu frais avec sauce soja et diverses garnitures) 6️⃣ Anago (congre) 7️⃣ Reimen (nouilles dans un bouillon froid, souvent avec quelques fruits en garniture) 8️⃣ Ayu (poisson de rivière) 9️⃣ Hiyashi Chuka (bol de nouilles froides avec de l’œuf et des légumes) 🔟 Kakigori (glace râpée japonaise) 日本の夏を涼しく過ごすための夏の名物料理 ☀️ 四季折々の料理がありますが、夏には、日本の夏の猛暑をしのぐ爽やかな料理が揃っています。いくつか例をご紹介します! 1️⃣ すだちそば 2️⃣ うざく 3️⃣ 水まんじゅう 4️⃣ 流しそうめん 5️⃣ 冷や奴 6️⃣ 穴子 7️⃣ 冷麺 8️⃣ 鮎 9️⃣ 冷やし中華 🔟 かき氷 #japon #japan #cuisinejaponaise #日本 #日本料理 #夏",1576.0,8.0,1584.0,9,Sunday,Morning,1107,168,6,0,2,0,0.5187732581605218,-0.8549118706729464,-0.7818314824680299,0.6234898018587334,Carousel
3611350141485347017,4022687555,2025-04-15 14:15:06+00:00,Happy fun . . . . . #kmc_photostudio #kmc_comal #kmc_photo #kmc_foto #kmc_selfphoto,4.0,0.0,4.0,14,Tuesday,Afternoon,83,12,5,0,0,0,-0.555570233019602,-0.8314696123025455,0.7818314824680298,0.6234898018587336,Image
3620840198587234292,4575084205,2025-04-28 16:30:09+00:00,"A tecnologia de vídeo avançou significativamente nas últimas décadas, em grande parte graças aos avanços nos analíticos de vídeo e na inteligência artificial (IA) que tornam isso possível. No entanto, embora o mercado de IA na América Latina deva atingir receitas de cerca de US$ 4,6 bilhões até 2025, de acordo com o Statista, a disponibilidade de grandes volumes de dados para treinar modelos de IA pode ser um possível obstáculo a esse crescimento. Os chamados dados sintéticos podem ser a solução. O trabalho pioneiro dos especialistas conhecidos como “Padrinhos da IA”, os laureados do Prêmio Turing de 2018, Yoshua Bengio, Geoffrey Hinton e Yann LeCun, em colaboração com a criação do ImageNet por Fei-Fei Li, estabeleceu os fundamentos da IA contemporânea, notadamente no âmbito da visão computacional (CV). Esse aspecto é de suma importância para sensores que geram dados de imagem, como vídeo, e resultou em inúmeras oportunidades para a melhoria da segurança em nossas cidades, transportes, lojas de varejo e muito mais. 👉 Para ler a matéria completa, acesse nosso site: wwww.revistasegurancaeletronica.com.br 🔗 O link também está disponível na nossa bio.",4.0,0.0,4.0,16,Monday,Afternoon,1165,183,0,0,0,0,-0.9238795325112868,-0.3826834323650895,0.0,1.0,Image
2685091434530627539,33290551715,2021-10-15 14:25:27+00:00,her little tip toes 🥺😭 - Follow 👉🏻 @adorableruffs for more adorable puffs - Taken from @roxy_the_good_girl_staffy 👤@pupsfiction - Follow 👉🏻 @adorableruffs Follow 👉🏻 @adorableruffs . . . . . . #dogstyle #doginstagram #dogshavingfun #doggie #petsofinstagram #dogofinstagram #cutedogs #instapuppy #puplife #instapet #dog_features #dogliversfeed #adorabledog #weekly #dogsofinstaworld #dogscorner #lovedogs #dogsofinsta #funnydogs #pets #funnydogvideos #petlover #instapets #dogs #petoftheday #petsagram #puppies #cutepetclub #instagramdogs #petlovers,16097.0,57.0,16154.0,14,Friday,Afternoon,547,61,30,5,0,0,-0.5913096483635824,-0.8064446042674825,-0.433883739117558,-0.9009688679024191,Reel
3624418734870025311,2978598611,2025-05-03 15:00:04+00:00,Vestido branco alcinhas folhos ꒰ 🥥 ꒱ؘ ࿐ ࿔*:・゚🌴🌞☀️🤩 www.chiaduterrace.com,24.0,1.0,25.0,15,Saturday,Afternoon,72,10,0,0,0,0,-0.7071067811865471,-0.7071067811865479,-0.9749279121818236,-0.2225209339563146,Carousel
3609174736907256933,57603861875,2025-04-12 14:12:58+00:00,"Final exhibition weekend with Contrast // Collision. The artist will be stopping by tomorrow, and the gallery will be open from 1:00 PM to 5:00 PM. You’re welcome to drop by for an art chat and meet the artist! The works from the exhibition are available on our website: m35.no #artgallery #artexhibition #contemporaryart #artisttalk #contrastcollision #meettheartist #artlovers #galleryweekend #kunstutstilling #kunstprat #osloartscene #tjuvholmen",55.0,0.0,55.0,14,Saturday,Afternoon,448,62,12,0,1,0,-0.5446390350150268,-0.8386705679454243,-0.9749279121818236,-0.2225209339563146,Carousel
3593369136875276129,279297873,2025-03-21 18:50:17+00:00,"Elite Extensions⁠ Livonia, Michigan.⁠ ⁠ ⁠ ⁠ ⁠ ⁠ ⁠ #elitehairextensions #hairextensions #livonia #michigan #hairbylacy #beforeandafter #longhair",98.0,0.0,98.0,18,Friday,Evening,143,17,7,0,0,0,-0.9762960071199335,0.21643961393810246,-0.433883739117558,-0.9009688679024191,Image
3622104505275346049,645751613,2025-04-30 10:23:13+00:00,High quality cat grooming @oshireboutique 🐱❤️ #arahvirtucio #oshire #oshireboutique #cats #catgrooming #veterinarian #vetmed,61.0,0.0,61.0,10,Wednesday,Morning,124,13,7,1,0,0,0.41071885261347724,-0.9117620435770886,0.9749279121818236,-0.22252093395631434,Video
3587545778437391762,4818934400,2025-03-13 18:00:05+00:00,"NEW COURSE / NEUER PLATZ 727 ⛳️ • 🇬🇧 Scotland is simply a dream come true, even though it can be a bit chilly in March. From the airplane, we headed straight to the Par-34, 9-hole course of @mocgc_links1672, which dates back to 1672 and was the venue for the Open Championship six times between 1874 and 1889. There are certainly better courses in the region, but the location within the racetrack and its history as the oldest course in the world make it a „must play“ for dedicated golfers. A big thank you to Suse and Holger from @golfinscotland.de for the wonderful day. • 🇩🇪 Schottland ist einfach immer wieder ein Traum, auch wenn es im März noch etwas frisch ist. Aus dem Flugzeug ging es direkt auf den Par-34, 9-Loch-Platz des @mocgc_links1672, der aus dem Jahr 1672 stammt und in den Jahren 1874 bis 1889 sechsmaliger Austragungsort der Open Championship war. Es gibt sicherlich bessere Plätze in der Region, aber die Lage innerhalb der Rennbahn und die Geschichte als ältester Platz der Welt machen ihn zu einem „Must Play“ für eingefleischte Golfer. Vielen Dank an Suse und Holger von @golfinscotland.de für den wunderschönen Tag. • [unbezahlte Werbung] #golftraveler_g #golf #golfing #golfworld #golflover #golfstagram #golfer #instagolf #instagolfer #ilovegolf #golftravel #golfblogger #golfporn #golfcourse #ゴルフ #ゴルフ場 #jucad #scotland #edinburgh #eastlothian #musselburgholdcourse #linksgolf",736.0,158.0,894.0,18,Thursday,Evening,1406,221,22,4,0,0,-1.0,-1.8369701987210297e-16,0.43388373911755823,-0.900968867902419,Carousel
2531432943451088693,4929599087,2021-03-17 14:12:24+00:00,"These are the people that we are allowing to shape our nation- You think this is a joke today, wait 10 years! I suggest you start strengthening your children both physically and mentally- stop feeding them the processed bullshit and teach them how to not be slaves!! We need a hell of a lot more strong men and women!",6531.0,933.0,7464.0,14,Wednesday,Afternoon,317,59,0,0,4,0,-0.5446390350150268,-0.8386705679454243,0.9749279121818236,-0.22252093395631434,Image
3725822290241189018,241239051,2025-09-20 12:50:49+00:00,Clocking in 🗳️,1137.0,7.0,1144.0,12,Saturday,Afternoon,14,3,0,0,0,0,-0.21643961393810293,-0.9762960071199334,-0.9749279121818236,-0.2225209339563146,Carousel
3557650996316120802,1550798758,2025-01-31 12:04:29+00:00,さっちゃんとぬうちゃんがお祝いしてくれたぁ🎀 お肉めちゃくちゃ美味しかった🥹🩷 だいすきありがとう ( ˊo̴̶̷̤ ̫ o̴̶̷̤ˋ ),4626.0,61.0,4687.0,12,Friday,Afternoon,69,8,0,0,0,0,-0.017452406437283637,-0.9998476951563913,-0.433883739117558,-0.9009688679024191,Carousel
3435095844773609106,678619182,2024-08-15 09:49:16+00:00,"My 6YO niece Olivia Leewon Kim @everything_is_popsicle is having her very first solo art exhibition in Seoul @softcorner.art from August 16th to August 24th. “ Please join us for a heartwarming exhibition of Olivia’s creative journey from ages 2 to 5, spanning the unique times of the Vid lockdown and her early school years. Your presence would mean the world to her. “ If you are in Seoul or living around Seoul or preparing to visit Seoul during the exhibition, stop by, and i kid you not, you won’t regret it. So proud of you Olivia ❤️ Representin’ U.S., U.K., and R.O.K. to the fullest 🖼️ and once again, thank you so much to my dear friend and brothers @minihkim @gohgoon and @lennon39 for making all this possible, couldn’t have possibly been able to even think about planning and realizing if it weren’t for your good advices and support. . . . . . . . . . #solo #art #exhibition #seoul #korea #softcorner #england #american #girl #young #artist #korea #family #niece #love #creative #work #미술 #전시 #개인전 #솔로 #예술 #소녀 #가족 #조카",318.0,19.0,337.0,9,Thursday,Morning,1030,183,24,5,0,0,0.540974471367994,-0.8410390129643924,0.43388373911755823,-0.900968867902419,Carousel
